latitude,longitude,elevation_m,slope_deg,cloud_cover_pct,temperature_c,rainfall_mm,ndvi,ghi_kwh_m2_day,dni_kwh_m2_day,performance_ratio,annual_irradiance_kwh,peak_sun_hours,expected_mwh_year,capacity_factor
32.9889628523367,-79.31397820625963,896.3163685965005,2.739818391950495,8.218489337168787,18.420171982340634,50.0,0.05,6.606300623732803,7.547504069839407,83.19860696599171,2412.9513028184065,6.606300623732803,100377.09353563313,22.917144642838615
46.81714335383799,-82.71549908864525,1067.8866676562961,6.261935795847977,14.74665016883909,11.278498580833993,196.45031646961365,0.11952085711791628,5.794800907863555,6.355583776931922,84.30022749721114,2116.5510315971637,5.794800907863555,89212.86673654891,20.368234414737195
41.56785460347372,-93.02943662139904,1887.2768953846876,0.4677155316011451,41.99874038474684,14.651555229007226,736.0006730746422,0.23987560485690818,5.136580584704906,4.6537873005494195,87.01998141914616,1876.136058563467,5.136580584704906,81630.6624779915,18.637137552052856
38.36780362072888,-72.37345424495561,781.0094300287681,0.4865442181529822,13.87028012649148,16.886786909231205,245.06025487581115,0.19449143967871044,6.064882386639188,6.6890075405086575,83.21466938605882,2215.1982917199634,6.064882386639188,92168.49673501951,21.04303578425103
27.744447370618477,-113.17437616146626,1919.7468223461683,2.848214498597647,55.027417493659435,14.229935325729672,607.5584401397147,0.2685831147609953,5.35608713638207,4.3641830627556795,82.44100905168288,1956.310826563551,5.35608713638207,80640.11928031547,18.410986137058327
27.743868488068863,-118.09973264328045,239.4890265998867,10.240328111824281,33.71983476505395,28.498038628294402,295.12666307550813,0.146292241596599,5.789262416456731,5.580624095086872,80.89949291400933,2114.528097610821,5.789262416456731,85532.12542457013,19.527882517025144
25.394006692036786,-77.88605378440721,1720.1166399985561,1.8764885996946512,36.54070467100146,18.455274718595103,505.1388203820958,0.20561503130136807,6.182913583506664,5.838000165379315,83.67370592424967,2258.309186375809,6.182913583506664,94480.5493734205,21.570901683429337
44.788227498598445,-100.28590990177759,1872.227411067683,1.3857337225444064,29.989286583057908,5.484069844029415,298.5759506753302,0.1253695944822772,5.638638969780324,5.582675443714405,82.4947918670354,2059.5128837122634,5.638638969780324,84949.54334466052,19.394872909739842
38.42676028183701,-78.26368187281874,440.9079536002783,3.2660440862004023,48.91126109378702,23.123408347338422,749.6123300763181,0.3049243139687624,4.933946592051038,4.231457060554982,86.51102914115584,1802.1239927466418,4.933946592051038,77951.80062624042,17.79721475484941
40.99374186710509,-75.7731289194476,975.2450446002309,9.329912337369226,49.09687797998619,15.451237994868748,691.5825982163046,0.3390492143752583,4.975859158283382,4.260936940361206,84.32453480188693,1817.4325575630053,4.975859158283382,76627.07747515201,17.49476654683836
24.49402786309926,-120.62728994457014,405.82451552685956,6.347468515054611,41.03097833441909,24.96026875068879,590.9721735842535,0.2458419762874371,5.388908311226029,4.9189047123226315,85.45758946464075,1968.298760675307,5.388908311226029,84103.03371677578,19.201605871409996
47.277836451887865,-76.29290279875272,1569.198877337568,18.900148537058907,45.166203906337664,9.590612775609237,561.652536524492,0.2723744011431738,4.755325417538446,4.202930518899413,83.55200191413044,1736.8826087559173,4.755325417538446,72560.00952569714,16.5662122204788
43.97862337921012,-99.7907710100512,1200.997701332562,0.07989502999778142,31.18238594143234,7.921957487026248,610.6917687087233,0.2327625274610061,5.394745731686632,5.296147573794527,82.28970420336582,1970.4308784985421,5.394745731686632,81073.08707241164,18.50983723114421
29.096138656278626,-96.43664559377146,1415.9451954228903,0.4191263384574515,44.759654124362875,15.716396522846818,910.8945305421262,0.3893214141415017,5.550711538897155,4.921718346300559,82.03590908185008,2027.397389582186,5.550711538897155,83159.69396227218,18.986231498235657
28.363799212970413,-90.16400440096665,472.446978955854,3.290856663190217,28.91820004147148,22.88838586671518,376.9963282049292,0.11688578620674947,5.888562244022245,5.874268346321654,82.63801238673281,2150.797359629125,5.888562244022245,88868.80942319194,20.28968251671049
28.401708236482413,-73.97533923657531,505.253603412702,6.013021026680273,35.04016919892324,21.914308496420684,525.8662936264254,0.2799373673051541,5.89248533878521,5.625666623629794,84.52128824104005,2152.230269991298,5.89248533878521,90954.63750551299,20.765898973861415
31.301813831028905,-122.96773090079274,139.21924984629868,1.1753508626498588,30.05641251140665,28.30780105807188,430.53150946612436,0.13770076690826266,6.034444432461408,5.971717060979141,83.45670397442316,2204.0808289565293,6.034444432461408,91972.66063896315,20.99832434679524
36.59415435917371,-98.25045271083788,742.445200670819,0.956897697121206,26.770066292254473,18.69002794592575,348.81224174745574,0.12908946184837355,5.816480559129677,5.889823679867036,84.90479410958802,2124.4695242221146,5.816480559129677,90188.82377308652,20.591055655955827
34.36668044741078,-86.86300970874973,1253.451021867401,5.41222325629337,22.595987641007774,19.68735437987375,233.13678020082915,0.08139230446094156,6.189604586230528,6.448503902344303,81.76699097432721,2260.7530751207005,6.189604586230528,92427.4881442884,21.102166242988222
30.989499364753005,-84.97382428429566,1894.560065094257,0.20311795305128538,43.41842186945994,14.61950637869326,499.36110742439143,0.190369558709808,5.772541874801564,5.172607641107074,83.99938622115259,2108.420919771271,5.772541874801564,88553.03157831241,20.217587118336166
38.6844694733371,-86.60324869699616,1483.8940120361635,1.6136960522796024,58.590906430642335,17.39767261180198,706.7129634764402,0.33058852325399696,4.400035968796123,3.475428492380987,82.4609072536614,1607.113137602784,4.400035968796123,66262.00369300197,15.12831134543424
27.347852655649003,-116.74050301196142,986.1020953094655,2.4669177654158547,56.07983549005207,22.353066854703233,825.6416994156435,0.32818448651968596,5.071405454648959,4.0948614603782865,84.60219895137679,1852.3308423105323,5.071405454648959,78355.6312224635,17.889413521110388
31.011471564845237,-107.83263822792921,2099.2082459473963,2.8762065777305432,12.381823952982163,13.602478507636501,121.37808752138676,0.1202704296609648,7.114097672124246,7.920318671825156,84.71861558324618,2598.4241747433807,7.114097672124246,110067.44939114907,25.129554655513488
32.7926842390486,-104.62936162748127,1596.3771812380385,4.564760829422312,58.20565492532372,15.20827383040186,557.049883940479,0.19118036400202454,4.822896347653193,3.822436733319091,82.24174042946034,1761.5628909803288,4.822896347653193,72436.99901508697,16.53812762901529
34.94567962120886,-80.56039078530674,2049.8551861544825,1.5339303080771907,29.27314697087728,8.207413734519749,454.30987965211415,0.1977646566855162,5.909903067027697,5.880873452980055,85.45204441079451,2158.5920952318666,5.909903067027697,92228.05379327171,21.056633286135092
42.844223073432325,-108.94696688961413,1184.3141425351562,3.3198034505153977,45.81319427262065,14.826191784824918,637.5585915702735,0.22686011368865058,4.913258317602492,4.320265576411744,87.50823441229237,1794.5676005043101,4.913258317602492,78519.7211268181,17.926876969593174
28.792170771800635,-112.62193195117104,606.6441908052501,3.0813363049358404,18.688124023150202,21.84948326051795,396.3010364642174,0.18617407098666394,6.397434317124656,6.840028858910907,85.252253606377,2336.6628843297804,6.397434317124656,99602.8884037454,22.740385480307168
36.34162652192668,-72.2978069719428,163.5773756841523,2.7762844367782913,37.55563844973209,18.82041334598741,563.0911780053502,0.23382383782005742,5.121899296349883,4.799785768572286,83.75574894067334,1870.773717991795,5.121899296349883,78344.0269244654,17.886764138005802
38.217949652689015,-123.52138260387268,1611.0824306902784,3.5804812064610143,40.64701729214433,17.172357586086836,421.19088245899087,0.1677430987896556,5.7236896363309535,5.239871182237463,83.52518144518538,2090.5776396698807,5.7236896363309535,87307.93833933708,19.933319255556412
25.114809905279945,-70.11767379317317,310.80144571189834,1.0512635219220863,8.27711374544625,20.143464210485327,50.0,0.08025708165850953,6.835789001407088,7.806882579956886,83.68640402749124,2496.771932763939,6.835789001407088,104472.93236489159,23.85226766321726
38.58107644563452,-87.45164986170064,700.9665257847295,0.3095659402650886,45.94880899419541,15.443699388811082,571.336087484942,0.20533960956597067,4.8153571282918906,4.229609079463218,82.85889922983448,1758.809191108613,4.8153571282918906,72866.49676528762,16.636186476093066
28.092578968494998,-79.26265782974768,1194.8124519503795,0.4445212394353616,59.22683014108968,23.495152199543487,766.6648799058902,0.3487694578416876,4.943180550682075,3.8824342569945918,84.37859730997808,1805.4966961366279,4.943180550682075,76172.63933390418,17.391013546553467
25.56123823164671,-108.09055259730557,1263.4956637264575,0.8902373678469323,31.8563369777307,21.44205624080771,540.3046377882464,0.1866789367780297,6.322404010396459,6.177024383823932,82.29230611326854,2309.258064797307,6.322404010396459,95017.08578141706,21.693398580232206
46.77325289408,-123.22697500597876,1341.2538735223425,2.427400954941003,59.48302635490423,10.054331119441255,831.8752757397019,0.3522489582328945,4.345549693681564,3.4052545037272313,81.16545332010314,1587.212025617191,4.345549693681564,64413.39178716924,14.706253832687041
47.175168793789425,-84.15504599767738,407.44896025185636,6.423733716440296,31.585517117856664,15.737943414136062,555.5660894598442,0.17170710419709614,5.157934453175631,5.0491091550658265,84.32940252272032,1883.9355590223993,5.157934453175631,79435.58004183302,18.13597717850069
43.40153635479507,-78.95619176196351,866.4354203665448,4.229026425334828,50.29252155883911,14.854788222704858,571.6119962534841,0.20504580779028136,4.558362140344744,3.8652738848997044,84.03184959866373,1664.9417717609176,4.558362140344744,69954.06827757307,15.97124846519933
31.310730460160897,-84.01428887450996,1376.9675883014784,5.446313603503388,5.0,10.958683166276515,166.5264384380448,0.06527886373720876,7.2685554180731575,8.467867062055229,83.14324497534422,2654.8398664512206,7.2685554180731575,110366.00069333197,25.19771705327214
26.34413073615321,-116.28608448575471,2135.1105589626372,1.5129975124161463,78.53800002764234,14.072540832526023,1171.6309157300848,0.5789120065870226,4.470890210799059,2.9071248244636143,82.07595506608445,1632.9926494943563,4.470890210799059,67014.7156615725,15.300163393053081
40.42159263629176,-83.31489219812367,1614.4069460543305,1.8151423356245426,61.918248414373224,18.204335201452047,665.0320666581055,0.28213688796386593,4.678786271142579,3.5866277710705385,84.43461604037104,1708.9266855348271,4.678786271142579,72146.28426713852,16.471754398890074
34.56365984975043,-82.47816976618739,2033.5980777520092,1.7512267151273844,29.87674092343378,9.641066139743591,550.5361570541502,0.31212348123256456,6.136563066747386,6.080492145758195,82.51473744214432,2241.3796601294825,6.136563066747386,92473.42708187347,21.112654584902618
26.92891763627469,-88.43881215381703,1688.7559253754807,0.7456269897369112,5.0,16.165003380381652,79.34584917663527,0.05,7.474869177863247,8.5,83.79158347370199,2730.195967214551,7.474869177863247,114383.7216432113,26.115004941372444
35.88424584267048,-82.62973962903834,1322.191483118661,0.2210969573541658,40.1845106294988,13.074648901968228,601.7875991998338,0.23139062077618383,5.3201401340269605,4.887657566468745,86.64745778118966,1943.1811839533473,5.3201401340269605,84185.8547988999,19.220514794269388
24.82532450676524,-78.32024225740247,462.8502436431408,3.128422471889614,9.009340152672376,24.166291860467386,50.0,0.09780115946336801,6.861957982602082,7.801597584072245,84.97678465436307,2506.3301531454103,6.861957982602082,106489.93884828717,24.31277142654958
45.82368964989077,-90.86537783117726,1483.374151568903,15.854142851368659,43.007363676034785,7.6299775744074445,729.6277927566842,0.32586246141895603,5.198889553637892,4.673533728151569,81.94630100642746,1898.8944094662402,5.198889553637892,77803.68642877141,17.76339872803
30.210719558400406,-119.21534544563733,1390.2660668138003,0.6388102765640178,42.408182944957076,19.400811873283054,475.1293283055121,0.16583447376649438,5.834385430385289,5.2692827235401465,82.08772264348154,2131.0092784482267,5.834385430385289,87464.84929997189,19.96914367579267
39.900534824495566,-97.66809827797061,1345.308716483123,0.16733397054511165,18.054742957963555,14.107469395722445,335.97560324888434,0.16351840765705,5.95467940879154,6.393043847690181,84.22772863911564,2174.9466540611097,5.95467940879154,91595.40829140582,20.912193673836946
31.481065826145862,-119.80693592773332,1103.0396161747176,5.292004466558737,55.1774064250588,21.412512757788846,854.5444375416903,0.3414304448136571,5.020301781790388,4.0853115156164,81.93701897691147,1833.6652257989392,5.020301781790388,75122.53120179517,17.151262831460084
36.48163250826746,-101.99267632424873,1186.6116985769427,1.0189761380648559,49.500344650511124,11.446442213639088,595.5880822899335,0.14870999114557418,4.976403492405848,4.2473483749283405,80.99741177814856,1817.631375601236,4.976403492405848,73611.71849522795,16.806328423568026
37.12104670423871,-102.01624958721611,769.0514333039238,6.194523199562044,52.56482007119414,16.08890988504135,934.2448409389754,0.43606734168785394,4.70777810129279,3.9170891597444037,84.79855801694508,1719.5159514971917,4.70777810129279,72906.23658704857,16.645259494759948
28.436506932612648,-120.43546841642696,1166.522289180952,4.260136596882612,35.15943866604012,18.468069907971007,515.3849893463135,0.26949044834306046,5.952334444715678,5.677836168857642,84.4814036314813,2174.0901559324016,5.952334444715678,91835.09399727768,20.966916437734632
47.270031066349404,-105.16369116564812,474.74519720872826,10.194603382693174,9.520566795553282,16.177347674453504,198.6771961648484,0.17467926656830063,6.017698211574248,6.820194569437678,84.6758974969187,2197.964271777494,6.017698211574248,93057.29868946031,21.245958604899613
42.60318776066675,-118.006102665269,1781.12495432481,1.8403565201268275,52.60170089980048,6.750055947247776,583.7117330636312,0.26432040671960944,4.898126648086641,4.074203427319999,84.39455277272685,1789.0407582136456,4.898126648086641,75492.64734081039,17.235764233061733
46.54797459754054,-80.35529865950201,449.4204526022218,3.7961705427993135,30.13331481555576,18.46892438512902,633.6394077186371,0.2515802486786388,5.1231991248617526,5.06718614518843,83.9020339324914,1871.2484803557552,5.1231991248617526,78500.77674746577,17.9225517688278
45.475856410263575,-72.82484659791858,232.6775232623528,2.1882599591526883,9.983957422531958,21.118139361140067,50.0,0.06258280470226263,5.924887107641128,6.69578778485737,83.006717178485,2164.065016065922,5.924887107641128,89815.96637221878,20.505928395483743
38.349599491466044,-120.09491033607131,987.9289566678883,3.4854561498850956,59.33670858753787,11.8475460549585,933.2025635021232,0.4313254197251633,4.508729198260301,3.537742984151298,84.7742024491319,1646.813339664575,4.508729198260301,69803.64372632785,15.936904960348825
46.12498164055481,-72.42377880624812,1465.360994938033,2.0898780165679054,72.78933536904518,7.953461707485908,919.573523373463,0.46506969389576397,3.974295573855222,2.7441503549588493,86.29482523260772,1451.6114583506198,3.974295573855222,62633.278552008785,14.299835285846754
26.123820049246067,-95.78086363581576,991.0911736071139,0.7316185474858006,34.257533678374344,19.161099076635328,417.7065912124726,0.1718130318518748,6.207305178407522,5.960237450680325,83.24815648883481,2267.2182164133474,6.207305178407522,94370.86843715765,21.545860373780286
28.703588698059484,-107.82345339049081,645.0213836953135,2.4817382805796355,73.86418078285925,32.387822986106656,1112.9739353485743,0.45546019110019287,3.937544164700302,2.6891486794869532,79.51376049024489,1438.1880061567854,3.937544164700302,57177.868330746736,13.05430783807003
25.085454933852915,-119.84944793508717,1250.0680453644475,2.632051712178482,36.643665115004296,18.741604632112402,615.7665829775758,0.22079218858606356,6.1242561607625605,5.778201050080677,82.29732087088314,2236.884562718525,6.1242561607625605,92044.80330458579,21.014795275019587
31.807927938318343,-96.96628952419744,796.0550211362298,5.8237004581001575,28.15179372500568,26.416659090700136,266.99668723866927,0.13812172401903894,5.7235810962604585,5.740393794780685,82.13324101371937,2090.5379954091327,5.7235810962604585,85851.33051263803,19.60076039101325
33.32825495254757,-81.09616059749956,2055.6655337722614,4.654973097325261,23.651747824661406,7.657429622065847,440.17168645095904,0.1059917859430245,6.575130923365235,6.801563738443308,84.30389778671412,2401.566569759152,6.575130923365235,101230.7113124826,23.112034546228905
30.512376762573503,-85.81733022759829,2033.6870501476799,3.815084505406923,64.46748334386936,10.142391341446071,1007.0428163274904,0.4584055421129159,4.7334688013779225,3.5440788138726114,80.79055865466965,1728.8994797032863,4.7334688013779225,69839.37741149809,15.945063335958467
43.8897002196463,-121.28779538094541,1130.0994129400053,0.42121380628134836,20.95741013502011,9.852719709066335,199.6084010057923,0.11256192317903627,5.600493362851516,5.898989180875658,84.6587556366485,2045.5802007815162,5.600493362851516,86588.13717656436,19.768981090539807
32.56207984064614,-120.0633008901332,754.9505871392558,4.4630919890975145,48.23484757954977,16.189553890226865,835.1526254728078,0.37723377073658854,5.243543142136793,4.521801240899819,84.96586951544423,1915.2041326654635,5.243543142136793,81363.49221574665,18.576139775284624
30.74242823249714,-102.2448427378376,1634.834690006774,2.4281518785495573,24.93505096893425,14.92013890870842,203.40495074027564,0.09166332463354021,6.397171420596232,6.560009136708443,81.30288246008568,2336.5668613727735,6.397171420596232,94984.81044516095,21.68602978200022
37.02470599579796,-108.05431332141106,128.93282848859326,7.858394760631957,26.714478273661463,17.85910534856196,311.52543755349893,0.20645117802384547,5.465231323487967,5.536271964022586,82.5312293455836,1996.17574090398,5.465231323487967,82373.41894331833,18.806716653725648
27.382181399394305,-111.45124655497341,1070.7533629938503,8.83440817331853,53.544494491452205,17.046885184365017,797.5231852895297,0.3759010004753139,4.998052899465387,4.124335967754586,84.11952146976812,1825.5388215297326,4.998052899465387,76781.72604578277,17.53007443967643
43.25272753809695,-108.82575705892947,773.0952976812171,0.19857624345786173,28.159336766791633,19.304684105343597,308.8740862648222,0.09834367637489093,5.432721235860548,5.448392695147773,83.7847954045434,1984.301431398065,5.432721235860548,83127.14472531473,18.978800165596972
25.7892154483145,-80.61193186196823,2029.1521529704926,6.014291567423715,27.71368317043472,21.144266773458675,414.3734729540202,0.14319666124595942,6.361451249348497,6.399646788217923,84.77945620240288,2323.5200688245386,6.361451249348497,98493.38395515706,22.487073962364626
47.685286478412415,-73.82168510387989,75.80650863626747,0.13449210183777177,55.39048454914653,19.959774535034338,799.5743915683809,0.28917230581609354,4.0330607251769965,3.275920555726593,83.78829476772545,1473.075429870898,4.0330607251769965,61713.23916655833,14.089780631634321
42.53387446311978,-102.12445449551142,1238.5519827944506,1.6014350234078387,63.75315127798922,14.762992399961156,873.836690899577,0.3916627878469364,4.327427575725416,3.261703076712147,85.89715429016245,1580.5929220337082,4.327427575725416,67884.21704693408,15.498679691080842
28.76917635682014,-75.07000588484516,1642.426699293246,2.7353944732049884,46.6044164591162,17.212709406082915,735.7018842866828,0.25653550572412,5.397259496555187,4.71595849065858,83.51824590143447,1971.349031116782,5.397259496555187,82321.806569183,18.794933006662784
24.132530810966458,-106.63923213261438,1092.7886731766887,0.5610047358985869,23.214144038768914,19.68829500651801,302.16193727700085,0.18007041437791796,6.624853215668742,6.873291781312841,82.52545051992037,2419.727637023008,6.624853215668742,99844.55669041304,22.795560888222155
43.571074282916015,-98.27240273743526,233.61651484985157,4.80080040424879,25.809047012643568,13.412303979418166,384.48076505839055,0.22634898419160654,5.615254253091672,5.723834576668079,82.40483720060736,2050.9716159417335,5.615254253091672,84504.99105737256,19.29337695373803
40.96457625234281,-111.79443411793602,2140.79198855999,0.02936430114945713,36.438474747320676,10.313963557376535,624.7858342112797,0.216376617473844,5.564619031927318,5.258179227799377,85.10320276392252,2032.4771014114528,5.564619031927318,86485.1554372242,19.745469277905066
41.496172032983694,-89.41429372250442,1163.7224274586106,0.6462508767042271,40.77674111466184,8.813588877677093,649.9429966078498,0.2615321551902947,5.191540937917931,4.747990279819979,84.04443171293538,1896.2103275745242,5.191540937917931,79682.95969459995,18.19245655127853
42.5104883204627,-71.13501978056033,1370.5004252858744,3.0428985427101285,17.218413617484106,8.04209441266084,319.65951972619837,0.13402251562070333,6.34849993453338,6.853022237376491,84.95057385108778,2318.789601088317,6.34849993453338,98491.25362619372,22.48658758588898
25.777071641618168,-91.41137281365755,558.7110328211407,4.3859182471139055,48.01468291243755,28.218415621985358,557.2876005524477,0.2764023249203366,5.177916075886604,4.473187301347568,83.63231750004964,1891.2338467175823,5.177916075886604,79084.13476776252,18.05573853145263
32.603177485062545,-104.67803945786837,1089.5208829796281,8.696183727301833,36.53923993351278,25.48356188371206,564.0286166193112,0.3154790923718735,5.8464393689628835,5.520356086740571,80.77680046736941,2135.411979513693,5.8464393689628835,86245.87369240397,19.690838742557982
26.780857428603113,-89.01785791651147,972.671407710392,4.278627175592264,5.0,22.658437671242563,50.0,0.05,7.310104576880827,8.5,82.28987609846483,2670.015696705722,7.310104576880827,109857.63043143506,25.081650783432664
44.714482221014244,-117.36228336286908,211.02606030426503,3.899241291370834,18.279323315706854,21.249181308200843,127.76902844209334,0.05,5.722180449496041,6.134433433845166,82.46906243924427,2090.026409178429,5.722180449496041,86181.25921910266,19.676086579703806
38.95915504386139,-76.01240966566847,278.2447601270545,1.7550343972027542,25.925683874270053,18.093763159851168,355.7889396112839,0.1349445567266843,5.7922399858316,5.899513503421884,82.77590371726235,2115.615654824992,5.7922399858316,87560.99887326325,19.991095633165127
31.94155259646358,-96.83346665788883,1850.5659171803652,0.004498378878966101,33.68856160086101,9.022775001338825,381.2103437468951,0.08880415048354555,6.034230883285254,5.818085148164693,83.36946701013521,2204.002830119939,6.034230883285254,91873.27061796446,20.9756325611791
25.525400406864566,-99.73511392985932,565.6128972441691,0.4480502730337255,69.00701831907193,26.134191805164434,1045.1600283510047,0.4112278441810489,4.437463756750466,3.1814435088344792,85.04504766986,1620.7836371531077,4.437463756750466,68919.81084210754,15.735116630618162
31.463575721175893,-92.36330142350997,469.1602837220557,2.6766612729043775,39.28708351051331,23.772746799940823,631.4727151167189,0.28450207851616344,5.623869828076702,5.202025688576704,85.79772352857584,2054.1184547050157,5.623869828076702,88119.34363586319,20.118571606361456
31.80439972864193,-90.26167140937227,1135.5596201877993,3.935154388498572,19.86610598182475,18.29689623669311,87.8628601024023,0.05,6.5363100093074324,6.9346148195441755,83.5606637546955,2387.3872308995396,6.5363100093074324,99745.83082672501,22.77302073669521
41.51054828011354,-120.1241064637683,1702.8063324294028,1.8911806006551317,38.97135447752894,9.836719779381449,462.7687087277161,0.11558923687284435,5.5305106023233765,5.127892298913917,83.62307870801288,2020.0189974986133,5.5305106023233765,84460.1038097539,19.283128723688105
39.301379312525114,-87.13867005393627,183.18501494482402,4.591479707717835,28.662420545830145,23.247296548963966,255.29522044982215,0.2500771434212549,5.468318948538442,5.464835936573946,82.94184941391407,1997.3034959536658,5.468318948538442,82830.02289763653,18.910964131880487
45.29310582183184,-110.9356892629614,1290.13702722225,2.5824977601503347,40.84564831160375,7.224485110354527,525.5761487031634,0.23229895521986044,4.943091880467818,4.518383708910653,84.13378154585781,1805.4643093408704,4.943091880467818,75950.26989546392,17.340244268370757
35.33315820388678,-85.44655784464416,306.30245210723274,0.2697496846117912,45.45021836664107,17.473444232152154,681.8206241198574,0.28967663322194104,5.069388955551763,4.470432901555252,84.3037813241009,1851.5943160152815,5.069388955551763,78048.20115915022,17.81922400893841
26.87026190251924,-79.58312110325338,128.39125927507968,0.7462466663658912,56.766151650030885,21.23399982044923,770.4973132825935,0.2661442290477283,5.020390644852129,4.029550977006049,85.20971333250338,1833.69768303224,5.020390644852129,78124.42695482641,17.83662715863617
41.11787489335188,-80.5862405921639,163.39949714876738,6.413996256796136,34.56284307793953,19.019850662791125,424.9038790244399,0.19007859102541372,5.325927957535125,5.102559063357267,85.19765808897382,1945.2951864897045,5.325927957535125,82867.29709033822,18.919474221538408
42.25884116680554,-94.16494775997398,1843.4528326481488,4.517334313232193,64.501289496797,5.414685263259731,1033.035705636472,0.4222208548131219,4.344358033233144,3.251712773624626,80.54682292339642,1586.7767716384058,4.344358033233144,63904.91382205866,14.590162973072754
37.470652741667905,-95.91082581521944,303.6408398003324,7.880357463162666,51.34440792565144,16.883033345186803,488.33599369949127,0.10904716007235103,4.792238160239454,4.0283033754538895,83.77118257854433,1750.3649880274606,4.792238160239454,73315.07249556997,16.738601026385837
42.50321231890946,-116.28469808767177,147.0754334864277,0.43771477331425973,22.266088193380618,15.315155040149811,435.41242405915114,0.12790907135725882,5.3423082604149705,5.578103764319586,86.07615004633516,1951.278092116568,5.3423082604149705,83979.25291957615,19.173345415428344
35.851094312745374,-82.13130787823067,991.4847573572614,16.19686247066812,74.77740198347234,15.867150443142442,992.4547984530642,0.453269133572474,4.210028580040558,2.8483292996074687,83.34282760904263,1537.712938859814,4.210028580040558,64078.672187793876,14.629833832829654
36.54558790516786,-109.34389345587742,1864.5859646753534,0.8224006713181873,40.885901238861756,6.282057833681792,564.5917163327856,0.33244743097201607,5.406898269959527,4.940816563232468,85.70886272754493,1974.869593102717,5.406898269959527,84631.91343002165,19.322354664388506
34.26098444060519,-97.17844716783088,614.1780094519992,0.041474330692097945,19.96775892849977,19.860486922616737,226.81229122698593,0.1128633915967297,6.23072482899541,6.6059745154481035,83.54032229998322,2275.772243790573,6.23072482899541,95059.37336381023,21.703053279408728
24.610059041858285,-108.6491989819141,956.6821276807202,20.86386994103289,64.75243492214759,27.131277395418884,1060.822899463978,0.4971637053579926,4.628402361156483,3.4561805745976835,83.4098742429954,1690.5239624124054,4.628402361156483,70503.1955547945,16.09661998967911
26.58939424783931,-116.77326839801657,135.8334450120651,1.1549884077876782,72.399996533572,25.897570852679035,890.5021017894819,0.36325477698312364,4.4336576997860835,3.0734116250743995,81.93563562032966,1619.393474846867,4.4336576997860835,66343.01684049619,15.146807497830181
24.754300456481623,-90.00388436784623,1015.5188053899831,3.8593761629063277,34.40554525304791,27.948255346838636,482.8512705148644,0.19686072134716337,6.101998373285058,5.8527999797794825,81.17182502491478,2228.7549058423674,6.101998373285058,90456.05162022852,20.652066579960852
39.27384987033073,-121.0660701195632,1291.8681233698373,0.680446001484403,25.934295313239268,19.203419685009685,415.8239995713494,0.22780895120236885,5.728079070238357,5.833819024990002,85.08823735839451,2092.18088040456,5.728079070238357,89009.991674279,20.321915907369632
31.54454354583184,-83.57315735718521,1277.4501655671113,3.0381569402720676,31.897250765834084,20.528644765531535,285.46123393316043,0.20208104526445697,6.043037821864477,5.902351336697355,85.32272742030099,2207.2195644360004,6.043037821864477,94162.99662656417,21.49840105629319
36.205696587952865,-106.8503130558997,764.7173881748851,8.203200586610762,47.865171095318594,18.182592965094326,578.1225782898449,0.30593924229404984,4.931785520873827,4.265717320714308,84.03964335930073,1801.3346614991653,4.931785520873827,75691.76126156829,17.281224032321525
45.78159537422623,-123.9927265777578,728.3963384257413,1.3507512864919307,58.00141979054925,13.84630194245125,797.2020237178666,0.2788493561132035,4.416798640892227,3.5068942243656505,82.1587136360424,1613.235703585886,4.416798640892227,66270.68509917612,15.130293401638383
29.983013499572998,-96.3990264811896,279.24078071368547,3.8830139082396924,45.268771955544324,26.166639111076762,545.0963039091831,0.22377551544639734,5.202688665526256,4.594591111343684,83.59905119048011,1900.282035083465,5.202688665526256,79430.88756364616,18.134905836448894
33.849190152855115,-121.46999693950943,838.616389389477,0.7284767450162595,36.83101775249185,17.008100046251684,434.07507141297094,0.19474084731255265,5.288112533623611,4.982369074126872,85.88585244101141,1931.483102906024,5.288112533623611,82943.5363842468,18.936880453024386
42.13322732503317,-109.08684387767143,263.91353807687403,3.4309932943384736,61.9642118654797,10.190397007480847,832.512699809072,0.3338963934117369,4.048596415501922,3.1022390962664264,86.61429970507764,1478.749840762077,4.048596415501922,64040.440948301184,14.621105239338169
29.49115597179894,-85.82326967739132,1698.181281130911,1.435530601063975,29.3689434850726,18.20608962344776,476.1233419556337,0.21777760298562715,6.167539892802931,6.133108957487897,83.52493810151113,2252.6939458462703,6.167539892802931,94078.06119422929,21.479009405075182
25.847517835891033,-120.61476043241925,2127.4897401585995,0.8303853094629128,53.55654809060432,11.206893753316153,715.5198955806461,0.33916213040871657,5.668946430527668,4.677471301725897,81.51019822461332,2070.5826837502304,5.668946430527668,84386.80249646657,19.266393264033464
30.95403486993043,-78.67572141277587,2135.66008183342,1.314901054680599,29.814869629676984,9.543818986602666,525.2507942627724,0.2689949852072455,6.397127455795664,6.341446299261972,85.26054539933216,2336.550803229366,6.397127455795664,99607.7979182917,22.741506374039204
27.869310894096106,-123.79372417643651,1909.9028636570968,0.6896351190684273,42.75841324419608,15.91019157135442,498.8420071528097,0.29214434392474686,6.039418869883684,5.439650869307445,83.58605535531748,2205.8977422250155,6.039418869883684,92191.14539489501,21.048206711163246
46.312743656221755,-110.67151106309728,1341.703121080181,8.126762434127281,32.955873833771875,10.070250239085427,336.190007625461,0.12360711460770035,5.551818416097473,5.3814269084345305,85.41456096234155,2027.801676479602,5.551818416097473,86601.89495760268,19.77212213643897
43.39488910954601,-83.99118096778814,1556.861249074342,1.771518202474476,33.994660712249406,5.039691230070066,668.559790543605,0.21036492115120303,5.358592823772299,5.155166573952123,84.42160833752642,1957.2260288828322,5.358592823772299,82616.08461917932,18.86211977606834
39.201690156250166,-106.92141191461744,663.1924757628902,0.9849263848946546,28.20704268568022,17.705243307405535,329.10278483297196,0.15503789004779428,5.575516484309343,5.5897379608978195,82.67483384135723,2036.4573958939875,5.575516484309343,84181.8884152692,19.21960922723041
44.91505416450522,-118.49781104443527,1406.1564033711343,2.0823122187132554,59.2073725612525,14.622002252561174,697.812015150319,0.384945557871873,4.3673175880608515,3.4307393089656153,84.08736654098907,1595.162749039226,4.3673175880608515,67066.51738549658,15.31199027066132
43.28812984557875,-104.54736838477689,1029.6465312957366,1.3525794534843338,21.80733131404637,8.858742631947745,131.09724421946615,0.05,5.652023058562547,5.919638894246134,85.96250755058149,2064.4014221399702,5.652023058562547,88730.56141906918,20.258119045449586
28.47768141326486,-109.39876253523562,1086.3372805204049,4.774759105284727,21.67581945412325,24.843290284823823,410.9718177386194,0.20558060624427738,6.153690735521211,6.450724857107772,83.77626901654914,2247.635541149122,6.153690735521211,94149.25987323292,21.495264811240393
45.421415963759465,-78.49355728333003,1679.2196048065896,12.418250305545023,73.17788418521197,2.9235814917555176,990.3599271269616,0.44743725925986616,3.9558467622282034,2.720652641128376,82.44779225483192,1444.8730299038514,3.9558467622282034,59563.29570206116,13.598925959374695
36.94421380597562,-107.07921245040227,656.1244645340911,2.017096613854443,52.60125616377796,26.563778042124326,711.0466127862516,0.3058415243615019,4.600398442601843,3.8265709725789985,80.9915225302553,1680.2955311603232,4.600398442601843,68044.84668472929,15.535353124367418
43.3785637239375,-81.39764652409562,733.7851651432178,6.907325818033212,5.0,13.165678776578101,54.07982884133604,0.05,6.261135117335312,7.294222411695638,82.84175296970302,2286.8796016067226,6.261135117335312,94724.55751387848,21.626611304538464
45.50619119816383,-75.83890418022033,2037.9798509265688,2.920383535756507,24.825342694212736,7.914782693500994,448.8490861859564,0.1408489922914122,6.1262812977442875,6.286928328689608,83.38479560734352,2237.624244001101,6.1262812977442875,93291.92011603418,21.29952514064707
31.632083399324735,-100.57385934286741,170.8822339295903,0.5987377036727328,5.0,15.343017010713236,52.047016602407965,0.05,6.601374191564849,7.69060093317305,85.22999870387589,2411.1519234690613,6.601374191564849,102751.23765605797,23.45918667946529
26.64124618866424,-74.86307023186282,1094.113741588682,4.106178465770075,17.887567518525408,20.292326241280445,484.8313231426183,0.14642051597622288,6.696787980680755,7.197620846685171,82.31872609828257,2446.0018099436456,6.696787980680755,100675.8765143272,22.9853599347779
29.4704439010066,-103.6248250859876,2012.5217208769027,2.5213431087686624,5.0,15.589620351035284,83.37605740542293,0.05,7.457022132573292,8.5,86.33062782859446,2723.677333922395,7.457022132573292,117568.38712001633,26.842097515985465
34.250586927030156,-71.93976550953417,1362.2804668090375,3.680447929637874,32.53418760150904,15.431185132393265,561.6571031169586,0.28889492733653477,5.865059968464984,5.702367233000997,81.9942716837382,2142.2131534818354,5.865059968464984,87824.6036555336,20.051279373409496
43.63235438213984,-119.17836567561906,1224.775209556084,7.715530337561745,14.44504725509639,9.989240172047158,282.75464736179015,0.11265803328317711,6.0992301923563925,6.702350552389579,87.49722913883525,2227.7438277581723,6.0992301923563925,97460.70607999137,22.251302757988896
44.657533998152246,-86.90095960882489,586.9499853431137,2.0320818543907957,36.07829462233589,11.18310170000466,501.4513926868987,0.18298679434030038,5.023537794371737,4.759560617103604,86.5882778351317,1834.8471793942772,5.023537794371737,79438.1286771997,18.136559058721392
24.166851132748576,-97.33404181532585,788.0423014885638,8.100509249763082,5.747817340114555,27.706811960969564,50.0,0.05,7.158400260209667,8.302064072249804,83.12902458969417,2614.605695041581,7.158400260209667,108674.81055773298,24.8116005839573
36.257935261861576,-103.06696450539506,1881.9040939800898,4.861409018508808,36.492413357096716,12.397637202253641,544.0901798560094,0.2595445330321446,5.568353586009871,5.259605677757837,81.52845969784562,2033.8411472901053,5.568353586009871,82907.96800433072,18.928759818340346
34.0178640755707,-89.83355854757555,1252.318983302185,2.3471449691009143,27.531506993834107,22.593375755549353,436.4509710344048,0.2497724295858656,6.127019013616588,6.1716203485667265,83.91686390702637,2237.893694723459,6.127019013616588,93898.51030925044,21.438016052340284
29.330587451297525,-85.99171705174612,1156.6957165770768,3.2353254169453702,62.03515337339472,16.911827644851037,811.2335424148733,0.3911857620995702,4.533799773808156,3.4717749782426286,83.41973856302025,1655.9703673834292,4.533799773808156,69070.30755761712,15.769476611328113
26.876768816008386,-123.76438343888331,264.0963841110622,1.3786636359789104,60.40442351142125,22.845793338752046,862.2958157549631,0.38959740821915806,4.909734995946489,3.815694010967803,82.0885691654236,1793.2807072694552,4.909734995946489,73603.92368585423,16.80454878672471
32.10276411368707,-114.98453320765127,84.46053637851472,14.386082576707013,49.1362208541851,26.393830445332895,811.5275897845509,0.26435585842441583,4.764126316143233,4.078313439441135,83.878982262738,1740.0971369713156,4.764126316143233,72978.78844372908,16.661823845600246
46.629832893900456,-85.49551326574678,2121.9231556771556,3.8523376119164783,29.120951948098174,-0.08494042865524243,614.6881011803423,0.23853633001628738,5.7679526970876855,5.745765323189667,82.76453530521654,2106.744722611277,5.7679526970876855,87181.87398681985,19.904537439913206
31.756870368498127,-88.01518766677685,860.5202596667095,0.15693013919636828,70.73684711468528,14.5529535952306,1075.752791640536,0.5455955412947071,4.264620412663775,3.0058838802671857,82.92764122942562,1557.652605725444,4.264620412663775,64586.22822383978,14.745714206356114
36.45097492184078,-71.83343472305143,1346.9080835139343,1.3840690599841006,7.04536499888323,19.25246075301463,284.91107862239346,0.17481047402175853,6.52142536931537,7.504089688899818,83.69448204814147,2381.950616142439,6.52142536931537,99678.06154114641,22.75754829706539
40.87245501348427,-82.90395932645771,221.38740735266273,3.4172056846960115,9.735944667854074,13.812722490275988,73.36580422931146,0.05,6.159374888537293,6.971478534521168,83.13763675694145,2249.711678038246,6.159374888537293,93517.85614829644,21.35110870965672
32.72711045710305,-72.65827378250775,1518.6957143045502,0.2029377829117795,33.49190420199684,8.403117661570686,539.0748840338852,0.22183500885415525,6.025894560482517,5.818342689121921,87.11723492566504,2200.9579882162393,6.025894560482517,95870.68706047662,21.888284717003796
47.322769985303054,-86.06281291712043,2055.018423717816,0.08460915110500308,75.57268596058015,13.903770140316908,1191.869554306249,0.5147672359273224,3.81498022020781,2.559818149356244,83.19642805050067,1393.4215254309026,3.81498022020781,57963.846842265484,13.233754986818605
47.09873507861067,-107.90518073347008,1287.6802939444524,2.09258375758441,31.357899676338423,4.791897153406114,349.3772621715383,0.10746593608682994,5.42260499965065,5.316835474636586,84.66132151709172,1980.6064761224,5.42260499965065,83840.38083691627,19.141639460483166
30.04277509980874,-118.31029419845375,321.14794310713273,1.4157529494518335,31.701585622232926,23.61148908286308,395.26318750676006,0.05,5.42994654076093,5.3109704426105555,84.21828373831553,1983.28797401293,5.42994654076093,83514.55466510494,19.06724992353994
35.93396414141725,-81.78151137937348,1300.701284067975,2.018747154601313,9.045613589987436,15.602550486919446,300.42906644334914,0.13011997993555038,6.442953290690791,7.3235806879074605,84.5291253378883,2353.2886894248113,6.442953290690791,99460.71729231239,22.70792632244575
31.221079435602473,-89.21594204030055,1697.6465081750025,1.0666296907625072,52.02673253486681,4.219768446631541,630.8643699094413,0.2234722412479119,5.4373623662184345,4.544617456805343,84.6436326054164,1985.9966042612832,5.4373623662184345,84050.9834633483,19.189722251906005
30.83617186505922,-121.397955330762,923.7955536341401,0.6299495427279156,52.157172577928364,18.435476799881414,596.0874128254261,0.20917766838969332,5.052957103780185,4.218712834701096,85.32204222990917,1845.5925821557125,5.052957103780185,78734.8641169484,17.97599637373251
24.88528673650879,-104.55727484134717,1941.6511580741558,4.089481997985935,49.203353625198375,18.887018176116705,841.6451081167284,0.33295144371876556,5.3645326842395695,4.5897682302114635,84.39966911342796,1959.3955629185027,5.3645326842395695,82686.16858632027,18.87812068180828
38.629544015517524,-72.33280996384855,1444.6683497183337,2.52952868857247,23.674027888747478,14.81060097050089,451.1127129405086,0.181279834659138,5.893323721644681,6.095357494968185,84.33734369232948,2152.53648933072,5.893323721644681,90769.60485548261,20.723654076594205
36.064296557492675,-96.97833813164914,1983.3851743217854,0.7816771688505428,22.279278169285895,15.468223412733376,355.1219187683795,0.14751332644870713,6.1678015504957,6.439462695539714,84.0877156027022,2252.7895163185544,6.1678015504957,94715.96208047184,21.624648876820054
25.235490029999745,-100.63262665493595,1390.536419181775,1.3477060733674626,11.723799492710533,18.141382130969504,159.56211743336473,0.05,7.042851739320367,7.873439215643683,83.79237322149004,2572.4015977867643,7.042851739320367,107773.81737865292,24.605894378687882
30.687515141678674,-99.28422132139812,332.2691398103721,3.1360609028899447,36.509705031696804,25.37929025556138,467.28341988325707,0.18369094846965325,5.50889771399125,5.2027796426762345,82.48058707528443,2012.1248900353041,5.50889771399125,82980.62109945201,18.94534728297991
45.79838126319969,-112.72033290372116,715.8371788761566,0.26239751746489104,15.552668072986968,11.054226264859071,245.9322404027227,0.05,5.80267427024728,6.331479656271011,83.90869743386969,2119.426777207819,5.80267427024728,88919.17009098623,20.301180386069912
29.74948537600734,-104.08981277330106,483.85913874278236,0.5583443258686523,13.806502905512804,16.551566221431685,351.2717364173343,0.16191517677562656,6.509207807005164,7.181963592906173,84.3619010628983,2377.4881515086363,6.509207807005164,100284.71010789226,22.89605253604846
27.477476930189354,-104.03008417669247,2003.9769700912539,0.2662334276703539,27.373567095607832,10.424337028233591,407.0865519527173,0.05,6.6817704190402685,6.7377972666669965,84.60324683485919,2440.516645554458,6.6817704190402685,103237.81608421319,23.57027764479753
35.74686624666151,-121.17282890987649,1684.8601446680877,5.855509388038333,26.19518884668411,7.6411676448802215,583.428570578274,0.22862073371926653,6.152243261692246,6.254577695535318,84.27042715948535,2247.106851333093,6.152243261692246,94682.32711742294,21.616969661512087
47.655610898654416,-82.55134806003241,1504.256493156513,4.885923103974916,25.31638648120481,13.072036501387723,264.63521217284426,0.15622397942253277,5.628328172526867,5.756571288221037,83.6505674798272,2055.7468650154383,5.628328172526867,85982.19592670858,19.63063833943118
29.80932651627601,-101.50876067719054,697.0775872079867,4.898721366961073,43.396002743124704,15.042121095401637,605.5759629709189,0.1993562835408082,5.59259450073922,5.01223967682022,83.91438014520615,2042.695141395,5.59259450073922,85705.74830789282,19.56752244472439
40.13125313774108,-79.60228611191314,445.6962599079591,4.409745455899206,36.42286043870502,18.80861015107393,472.6141793754788,0.2327440849226528,5.156115662000757,4.872735426260785,83.1695302731738,1883.2712455457765,5.156115662000757,78315.39243450861,17.880226583221145
42.278870767889224,-78.08120793952565,1676.3698391761604,3.873807014120439,29.813191450799884,9.528962182279317,308.87052599496513,0.18648268810394675,5.480368822927291,5.432731592940266,84.46983598650985,2001.704712574193,5.480368822927291,84541.83438228296,19.3017886717541
29.70330105581759,-112.55232104627247,1069.4395836400213,2.268554249040677,38.294232709606675,18.875722312879454,520.810884633528,0.05160953763910059,5.890947838293807,5.490012114154126,83.66830765812881,2151.6686979368133,5.890947838293807,90013.23929867135,20.550967876408986
41.47719236668463,-88.50291196281306,535.4475371238526,3.5979985567176453,17.15251326011662,22.112454930171452,281.86811580767665,0.10987690307441147,5.888864854756509,6.35957599815009,84.2708414072962,2150.907888199815,5.888864854756509,90629.40876409449,20.691645836551253
32.82679518526208,-98.49678257519899,1375.7372530553414,0.13690857438522064,36.895015230374206,14.595546432494263,568.9532312204419,0.09327517496043702,5.73423459595199,5.400128805877077,85.50120456507383,2094.429186171464,5.73423459595199,89538.10914695374,20.442490672820487
39.17533993424591,-76.4715361522398,136.71778209767174,3.400058252147142,37.710844871203406,22.133914365299717,744.9970460913033,0.30450501359282905,5.037956880289131,4.715648983684189,82.93596163553637,1840.113750525605,5.037956880289131,76305.80170930726,17.421415915366953
39.204713058261476,-112.35000332447147,751.2660463757451,5.265845104892071,7.945156531565349,16.751802297428057,157.67893841427087,0.06534099712354652,6.275543869071141,7.18163139436204,84.89504307136573,2292.142398178234,6.275543869071141,97295.76380952235,22.2136447053704
36.8585924177942,-87.39808718325762,1057.3975383709394,2.42852455403546,52.92248757866652,15.518570097607121,855.9285064692929,0.23250967839999676,4.996726878955871,4.144997741448327,84.04981526982806,1825.054492538632,4.996726878955871,76697.74647762091,17.51090102228788
26.1669544813058,-91.18138539835297,368.11041833522256,1.5484322247161841,19.13419330591408,33.58419488928217,274.4881309126947,0.2106119726509494,6.591074689278239,7.026485346745314,83.59811244365827,2407.390030258877,6.591074689278239,100626.63122266173,22.974116717502678
44.04725989414171,-108.05372021112103,2167.007126820305,1.1372776065593226,36.62557638571583,1.5783304306732235,680.5636294452812,0.2978689693172651,5.5794959217792135,5.264929327596654,83.67554950730474,2037.9108854298577,5.5794959217792135,85261.65659263064,19.466131642153115
31.698721559321662,-116.62355120283668,499.55933386767066,3.6031280933611933,55.95941132963486,26.394305970716676,1023.276687173695,0.38391411471827114,4.938100134237517,3.9913879248939637,84.48502448643993,1803.6410740302529,4.938100134237517,76190.33015209736,17.39505254614095
28.4764442495965,-88.81145293422706,330.2592295930209,4.130910628272048,51.662181638849646,26.159930201676357,776.37905604149,0.3967602447255468,5.148950930286681,4.316698848874056,83.55905809696343,1880.6543272872102,5.148950930286681,78572.85209704883,17.93900732809334
24.978603397314334,-84.11573726085415,487.59997885682725,7.166921098051984,35.61800099423904,22.40352859839728,399.38611237418843,0.07663021912379597,5.887219901881939,5.596826852028584,81.91754323752976,2150.307069162378,5.887219901881939,88073.93615603748,20.10820460183504
38.1814306365178,-106.95612343677911,1703.4814362934071,1.466703702440188,28.475017948122765,18.8182231018664,343.76974899600185,0.08177884373908491,5.874284598589719,5.8782490026671,83.21896635672128,2145.582449634895,5.874284598589719,89276.57684586899,20.38278010179657
40.261544684214776,-89.17903938279505,964.837167434462,5.140402721528313,52.05521435436021,7.665678605376892,756.9664312815592,0.20042990351715473,4.941809757469112,4.12944294539827,85.32070665814258,1804.9960139155933,4.941809757469112,77001.76771120449,17.580312262832077
24.39810789426855,-102.66293098897881,1265.6442704679566,2.8842335480970305,47.14450960055515,18.605563466043087,705.6729379328368,0.38408265063231534,5.543398094374873,4.82269222049016,83.35095830908759,2024.7261539704225,5.543398094374873,84381.43262345396,19.265167265628758
36.29023339918274,-85.48682830273864,95.16968752067561,7.504646814799544,23.869429639205663,16.35961771568808,404.0145283873165,0.1849567054016487,5.796962025914961,5.987763190706883,80.66961552774058,2117.3403799654393,5.796962025914961,85402.51719658606,19.49829159739408
29.435898604750513,-113.24237515572113,124.0273134326263,2.6263240393697975,20.691914353969572,25.782042920184978,335.7065690785781,0.17284782660849898,6.050181867964468,6.383889326292338,83.64007830653925,2209.8289272740217,6.050181867964468,92415.1322606274,21.099345264983427
39.484146969826796,-75.92838985764658,1008.5249321280847,2.55165214083514,5.0,10.737252798188809,70.69849162559387,0.05,6.438402313841712,7.500738695625595,82.36149555307348,2351.626445130685,6.438402313841712,96841.73550156047,22.109985274328874
28.184794296119794,-108.4798817908587,1805.8087728834905,3.018605559033495,37.772573150304574,18.020054489293916,465.1961799840511,0.22252012971725052,5.93088247323187,5.548886123416174,84.19772659889507,2166.2548233479406,5.93088247323187,91196.86567989382,20.82120221002142
40.58250571445918,-104.13955666116775,1953.2635892212652,4.842458336681089,33.51144058966882,9.225808819100825,509.27399438178645,0.21610138335387716,5.548614521487131,5.35674296454203,86.32672062209701,2026.6314539731748,5.548614521487131,87476.22366554827,19.971740562910565
33.2816483112129,-120.8630345876611,236.41912033062647,11.702609204432529,55.45144474356576,19.923746887676728,961.8189621579863,0.414303968034533,4.847969603346171,3.9357750939663485,85.15418596620435,1770.720897622189,4.847969603346171,75392.1483051821,17.21281924775847
46.48151972968163,-117.97834053465107,1207.480669517199,0.2674336551322852,41.4629916826466,12.600501758190514,682.474744099828,0.2897446485194092,4.7608197679099815,4.33119890841596,86.30498374310996,1738.8894202291208,4.7608197679099815,75037.4115719701,17.13182912602057
27.300502659503838,-96.14345725353428,2013.4438255004316,0.19220325800853755,59.016125495108426,14.57306817996886,879.6961518951377,0.3361104730111768,5.173465173365354,4.0709331186271065,83.15773196783326,1889.6081545716956,5.173465173365354,78567.76422105255,17.937845712569075
32.1855924252062,-109.54999545668954,884.1414219554557,9.706880558426917,22.447443897508926,14.741236926643776,417.22090694740007,0.17151080630068324,6.201833212576286,6.467692733384447,83.7852504995467,2265.2195808934885,6.201833212576286,94895.99501081958,21.665752285575245
26.723364509774136,-78.8840678099215,1833.5665375709925,2.6416529745495962,55.48670595741713,28.01214524128659,739.7074805137545,0.32189117887714824,5.017938098976219,4.072523728098564,81.2284876082737,1832.801890651064,5.017938098976219,74437.86283158527,16.994945851960107
46.192646838685505,-123.20655701263249,337.4456569587878,3.339910231709286,25.479505176116206,13.577411905681005,305.8865578572948,0.13298018841814604,5.250140566917412,5.363771794050125,82.97393483243985,1917.6138420665845,5.250140566917412,79555.9829827087,18.163466434408377
45.05614448114355,-103.52892137171544,2061.0981527857675,2.3050934723956122,48.996729112260894,-1.451192101051495,611.1756971350544,0.1807679350852735,4.974537867730299,4.263292850729301,82.60967275157073,1816.9499561884918,4.974537867730299,75048.82064335604,17.13443393683928
30.190599065163735,-105.783340474469,1665.5601326923006,0.3441828486829449,8.742348934447516,12.718034998329262,109.86422280532143,0.05,7.096750698702244,8.081804942080817,82.03991554618206,2592.0881927009946,7.096750698702244,106327.34820872264,24.275650275964075
39.8396171048203,-122.95630793044954,2073.8689444918386,5.11491131672138,39.23243538859139,4.633720826880751,507.05350576937144,0.265414365766391,5.477604121514778,5.06882669734646,86.048784937997,2000.6949053832727,5.477604121514778,86078.68281993574,19.65266731048761
43.613332804829184,-117.28410645397244,1504.727052137889,4.813389384807779,5.0,14.154947441299484,190.82747406521392,0.06416174523300239,6.581209454037439,7.667109013953617,80.86205955746037,2403.7867530871745,6.581209454037439,97187.5737957847,22.188943788991942
37.3248194783871,-101.6632955543937,831.318453798768,1.307373603327525,30.191525253048415,18.333849604098308,375.1490117744589,0.1855483555911549,5.635946445982496,5.572030999038033,86.05520835720684,2058.5294393951067,5.635946445982496,88573.58990829503,20.222280800980602
36.71161388054416,-97.38531243983789,2067.0895209281534,1.2796983908386175,42.926371889802446,12.739177356275738,520.6970348347426,0.1623511023616896,5.48647416082137,4.935167981647175,85.86908838738034,2003.9346872400054,5.48647416082137,86038.02239057471,19.643384107437146
29.80445498161084,-102.16835364823707,642.4685690647337,6.367131024002786,25.622566077840276,19.895562549602477,552.9736429728271,0.15674839073968477,6.1373552879412125,6.264042805670261,84.7496890132185,2241.669018920528,6.1373552879412125,94990.37611204067,21.687300482201067
26.23446642734158,-95.32936536574694,764.170922432725,0.2628800871640546,16.09212268239259,21.256234507304978,180.15219444536189,0.05,6.808113152436819,7.402836838331816,82.3282390978589,2486.6633289275483,6.808113152436819,102361.30654991246,23.370161312765404
45.53317819087984,-91.8628895550932,1556.7380987037418,7.453305216384583,50.23013244732681,8.242654906154689,718.5746999876104,0.288277871456267,4.662079797668248,3.9552575571837187,81.62673733283519,1702.8246460983275,4.662079797668248,69498.01005547312,15.867125583441352
45.61003337191993,-123.46411365909688,1695.4300439795804,1.0381140280392178,33.13766978275538,8.673562026196247,509.0596594329165,0.17885117646616125,5.34001166017274,5.169325190991215,83.17739447810465,1950.4392588780934,5.34001166017274,81116.22782064263,18.519686717041694
39.19443497455843,-98.93886138951079,2048.2174902756806,3.1461661680381754,26.18772835344791,13.462750551529643,252.95888505618922,0.17009621159536453,5.9330942627639685,6.032093289376121,84.93768068450989,2167.0626794745394,5.9330942627639685,92032.63894626341,21.012018024261053
32.136714985168815,-71.97104099207023,490.3251794708504,9.620734363314286,35.754126580776976,22.431154009341167,624.1061490811845,0.2690203938607,5.523030992813706,5.245339146790139,84.00459545616101,2017.2870701252061,5.523030992813706,84730.69212240612,19.34490687726167
32.38102979070386,-95.97225687300437,1765.6957757213315,3.967544858823064,82.4600445550206,16.60050903406007,1218.1525278114111,0.6000104841828476,4.207156219179163,2.620131438030875,82.43475075735786,1536.6638090551894,4.207156219179163,63337.24904865834,14.460559143529302
41.422936292885744,-87.41271755721652,1637.8740148034715,1.8730922941445276,55.763051296067786,13.168544227180869,936.5211193330272,0.4104375407589988,4.809554323104505,3.8940972167118986,85.72230717698474,1756.6897165139205,4.809554323104505,75293.74774682827,17.19035336685577
45.53064623886185,-107.1593516724883,187.1582959452354,4.093885450503043,55.92632602738112,20.113187462312943,715.0463706615257,0.17730844687964514,4.103171090369572,3.3174783194205513,86.5265749922723,1498.6832407574861,4.103171090369572,64837.963910532155,14.803188107427431
45.290074182362815,-82.20446557975083,882.529753601945,1.4754720691171719,42.83983374186255,14.359418016088028,609.6702516336917,0.3068313518369659,4.795656399874633,4.316671819873461,83.6601012539781,1751.6135000542097,4.795656399874633,73270.08138618508,16.7283290836039
42.717013100582975,-82.26223997868979,657.9457326792119,1.1364624006761097,37.996734906388646,16.923007732057275,535.8898641888605,0.1478098622885275,5.161181576791808,4.820661554910503,84.16400535539601,1885.1215709232079,5.161181576791808,79329.6909953767,18.111801597117967
39.40875950770291,-95.8500134266765,704.6544123611653,19.980724097276575,5.0,21.49801112450049,96.38884943500219,0.05168870395848453,6.316361819155904,7.358561519316628,81.73672697455575,2307.051154446694,6.316361819155904,94285.40516367154,21.526348210883913
26.019359159881173,-71.29525354292247,2163.3357910426066,4.863111022399014,22.778353763663624,12.81442575082799,173.43547783357462,0.05,6.66784435051385,6.938235598417267,83.37841992583644,2435.4301490251837,6.66784435051385,101531.1588327321,23.18062987048678
27.87908913827073,-117.22028840281672,1431.971438981845,3.6219715151736045,26.34966056235546,14.871582373062916,379.97888574219866,0.2654600874491254,6.55845835002533,6.660457960681803,84.76565996700148,2395.4769123467518,6.55845835002533,101527.09070539368,23.179701074290797
45.5653005246499,-123.08482609596263,1593.0037392560241,1.536339428044486,5.0,4.786909670879999,50.0,0.0928132297048401,6.317750856741777,7.360179748104171,84.53228481038666,2307.558500424934,6.317750856741777,97531.59618727464,22.267487713989645
38.55429743183016,-82.41145656511682,2149.72792022727,0.17643621299218762,14.166515776122196,10.633584809021105,234.1646279854029,0.06047756290882996,6.7004925455093165,7.376132621134952,83.23849822618544,2447.354902247278,6.7004925455093165,101857.07334477815,23.25503957643337
24.220729238799112,-80.41360098229634,860.9838322839232,0.11042277544459239,5.0,15.380823716244292,50.0,0.05,7.430671688587976,8.5,83.58863473728533,2714.052834256758,7.430671688587976,113431.98551019108,25.89771358680162
26.43531702878477,-117.50880962748889,1773.9563621735326,2.827449841711098,34.3101709574473,19.0829419104179,295.1837099752035,0.135223115972129,6.0634797788206605,5.819902539926261,83.32918389518316,2214.685989214246,6.0634797788206605,92273.98803265978,21.067120555401775
39.92404245859334,-109.65852702023527,984.241571104665,5.024677343419031,49.737787475278694,14.676200660107462,778.1838962979016,0.3674139937022062,4.728365651552635,4.0277896606868335,83.58230292942241,1727.0355542296,4.728365651552635,72174.80443175067,16.478265851997868
24.121478012309247,-123.05217237820204,1919.4973944022065,2.697966412007603,54.92194133523792,22.086406721734033,714.2233331738526,0.2990506511053559,5.3813002984778695,4.388700143071344,84.63485220377719,1965.5199340190418,5.3813002984778695,83175.74455963973,18.989896018182588
27.85939323401997,-108.16133501784951,438.41371381930185,6.431250842594362,42.46612031742634,20.583535233734544,495.7398770807447,0.1553135371479336,5.306770185171372,4.790618633942718,81.04869437194631,1938.2978101338435,5.306770185171372,78548.25340767535,17.933391188966972
37.169610944798066,-82.25033880839175,2087.525280688201,0.11899289453967281,17.65886585842576,10.022775529729838,374.30868412551547,0.12008401975896212,6.485014434634897,6.980391321623668,83.88847572778812,2368.651522250396,6.485014434634897,99351.28286594535,22.68294129359483
40.60548474462464,-96.03013150352074,520.3591730833913,1.599126441865573,5.0,21.61454933267543,102.7626217328415,0.05,6.30906577269604,7.350061625190887,84.52496330343853,2304.3862734772288,6.30906577269604,97389.08260130511,22.234950365594774
39.64707022806241,-105.20283796891245,751.3740900090028,0.9470632771316727,5.0,21.934490534439508,157.20901955337837,0.12722660708547556,6.508374892984821,7.582256750327317,83.14427297153838,2377.183929662706,6.508374892984821,98824.61477571516,22.562697437377892
29.382463427053434,-103.92607807505817,1675.813303329578,2.075118544208404,12.158313609419029,13.678215478170783,153.59218329978336,0.0853886360683786,7.144061711919438,7.9648558551334085,83.28100043405267,2609.3685402785745,7.144061711919438,108655.41126777169,24.807171522322307
41.092301312340865,-123.92690421136471,896.5735543656244,0.2629522860532563,19.000525435357858,15.752721567967129,533.9702254850102,0.1838168476213368,6.039637883870002,6.444271408014242,83.32440833877682,2205.977737083518,6.039637883870002,91905.89487549895,20.983081021803415
29.6939780999232,-107.81077151147727,1357.6544600478603,10.786929154678596,32.12452703615144,19.027113465531446,389.29199245014064,0.19462363573971475,6.10031583840244,5.948590678524174,83.28142503969426,2228.1403599764913,6.10031583840244,92781.35218364975,21.18295711955474
31.809592755822425,-89.09122795155176,1005.8330272992713,0.8842528945377377,16.74504407371457,20.151131745868145,408.88017196799285,0.15101749637608902,6.1585949321573406,6.6684323135909,84.00882566677555,2249.4267989704686,6.1585949321573406,94485.85190244153,21.572112306493498
41.915793722832575,-71.39350003391672,1646.095364743031,8.942500340164075,41.101566086028704,9.857113363747697,569.2853211944106,0.28172261742367977,5.3222437575692805,4.8554246343893235,84.19350413702067,1943.9495324521797,5.3222437575692805,81833.96150133599,18.683552854186296
39.59118957713315,-78.25871534286944,540.9121925925133,1.9422891562675633,30.81907694960949,22.604937319822056,266.0160378032582,0.23719053666778783,5.720126504056815,5.630128672637984,80.8492285256493,2089.276205606752,5.720126504056815,84458.18470015087,19.2826905708107
44.38136185186027,-122.72587190914143,175.68467255928556,14.823453325010137,35.18982281133846,9.591149869380267,540.9423939335493,0.20745134559180137,4.5690010052238375,4.3573248556780255,84.97932055720842,1668.8276171580067,4.5690010052238375,70907.91851659628,16.18902249237358
39.782709415208245,-75.47772734755867,694.8482045670925,2.8264853405254797,55.524509948081686,14.939018801116493,808.81939541866,0.3770883394107602,4.696901770853033,3.8107299413173976,83.56500167347956,1715.5433718040704,4.696901770853033,71679.69236786696,16.365226568006154
37.63940648005132,-81.7072856818742,1069.7636294671252,9.349303057507434,13.755828784393337,17.50517186773307,87.44942155758373,0.05,6.29259648090118,6.9451966184775475,86.8994447632028,2298.370864649156,6.29259648090118,99863.57599896699,22.799903196111185
26.248194427874218,-81.85968932716706,411.24311221425893,0.018771710140059655,42.53668240926263,25.96099619418268,503.2916260162053,0.20409165581385402,5.395787585518434,4.868312782510843,81.82812871397886,1970.811415610608,5.395787585518434,80633.90509378185,18.409567373009555
32.8251792734264,-99.26822901380714,812.8141727612357,4.8274599952031565,34.74848188743068,24.57563458561099,484.0089821155303,0.20314852355840934,5.781588515236247,5.531596251667648,82.6990282368685,2111.725205190039,5.781588515236247,87318.81118625899,19.9358016406984
30.36485682436141,-102.50771418045684,909.9634893311724,8.16748321831472,28.997246942545488,24.578898555186647,440.93623872043503,0.17403924979796226,6.2679885033181915,6.249305330735554,83.6956365321251,2289.3828008369696,6.2679885033181915,95805.67539087478,21.873441870062734
29.855751441098008,-107.6425506430076,173.3924639297881,0.5267430713749677,50.93461377558729,22.55578303062806,466.0182645702819,0.31732496134303534,5.1242672947785675,4.322102724937342,84.61983817452905,1871.6386294178717,5.1242672947785675,79188.87897126883,18.079652733166398
47.35225331405869,-120.45247761646425,1304.1105835960398,0.3537280067977116,50.822254782026135,15.370418064815809,816.8237122007463,0.32501355968305856,4.565665976701859,3.85453709541924,81.07384900894274,1667.609497990354,4.565665976701859,67599.76032297438,15.433735233555796
33.43434539200225,-111.67529037134025,1951.3383701382681,1.9342477785359857,17.963165672208294,10.341685747797825,202.03452202941838,0.1135236277848344,6.446189795816004,6.924869928182015,82.75634992182583,2354.4708229217954,6.446189795816004,97423.70565122266,22.242855171512023
45.409117324250715,-110.68340371118667,376.24726284906274,9.49636546081133,31.721109490557367,19.408210421009215,310.92078442798555,0.05,5.1679524855848324,5.054010676241157,84.88698024086077,1887.5946453598601,5.1679524855848324,80116.10468170852,18.291348100846694
39.14732702393431,-97.85983823564911,1335.287228813255,2.736056641971251,40.06181028651318,20.949356608847257,654.9719991563776,0.2945048278169712,5.461636547631265,5.022342526581884,82.57781408035119,1994.8627490223196,5.461636547631265,82365.70260229168,18.804954932030064
43.075471284999566,-83.63800204377853,1479.1892905583195,2.6236888860753456,30.08587853559348,16.079867896378474,418.8405015564631,0.23161960526613865,5.518550540980856,5.460047560297641,86.05503956456434,2015.6505850932576,5.518550540980856,86728.44542426878,19.80101493704767
36.063290234524615,-98.41426926651089,951.5695629014699,0.5324661568907036,45.53038398118037,17.436753114053065,759.0419534147507,0.28988761346052694,5.11168465288006,4.504862828201721,83.31917460172639,1867.042819464442,5.11168465288006,77780.23333192867,17.758044139709742
37.84569323103262,-120.87639972985333,1557.3598128331805,0.0027643802243418744,40.061456322384956,11.85552389478093,604.6556148113649,0.12642873245271471,5.85706462113606,5.385979775884072,82.65094019798715,2139.292852869946,5.85706462113606,88407.28282426762,20.184311147093066
35.82042465165273,-72.279350746637,933.0728185056759,5.815140794709646,67.98610232640823,11.10107962919075,951.6539822749106,0.39458990417317985,4.471815948178421,3.238029781350049,84.91536638668428,1633.3307750721685,4.471815948178421,69347.4405979501,15.832748994965776
28.685831707153067,-73.09288676891794,1134.970169151485,0.3207711840402971,7.4549755532638216,20.65868343768051,89.0966632476779,0.05,7.177349825328244,8.238271017998581,86.41142608023667,2621.5270237011414,7.177349825328244,113264.94431294702,25.85957632715685
41.338850766276124,-81.59976466998594,65.80904579201801,3.5164909444678822,32.79615218454685,14.607603014331978,507.41740663926964,0.2476276719702442,4.982162066471345,4.834824262385119,84.62459438811584,1819.7346947786586,4.982162066471345,76997.15521981288,17.579259182605682
30.73853669858054,-70.4682933155321,1537.198245389581,8.612106554008642,18.646954792780562,13.309128604235104,219.70424121799488,0.19208858561150288,6.464574867150799,6.913677393464814,85.89064409883488,2361.1859702268293,6.464574867150799,101401.89190995738,23.151116874419493
24.583583194354894,-94.59795402878581,1471.8867597311576,0.819060720778925,45.87393419790279,14.814970560937823,556.9778198959891,0.21307140909331346,5.702758839062795,5.012054720767627,86.51495301095544,2082.932665967686,5.702758839062795,90102.41086058924,20.571326680499826
39.49133510177202,-72.01050908632686,132.56188625164083,3.8305383043157146,5.8909059791802,17.724520442317765,143.4635959739872,0.05,6.0995629826395374,7.067951914853722,82.61721198010864,2227.865379409091,6.0995629826395374,92030.01315689301,21.011418528971006
28.250656305769176,-119.91732780669545,841.7377308995361,0.2868880629802716,41.23362878404796,20.96663834995826,562.8220188322285,0.17616328444485638,5.836812939201039,5.319464680922642,85.40758700108938,2131.8959260431793,5.836812939201039,91040.04339040042,20.785398034337994
46.571006024469945,-104.25323959388595,2154.9184577020847,3.240030273089977,23.65912823572986,7.362913325140923,334.58456010711865,0.14931416422954608,6.047447101870538,6.25539523687101,81.71479423604467,2208.8300539582137,6.047447101870538,90247.04668079344,20.604348557258778
46.8942858480621,-111.82941152763465,954.5836095225261,0.626657485060532,21.785086409821744,9.722626779103571,413.92919335296517,0.19643821017132726,5.4937235786369385,5.754699594258359,84.63735379767957,2006.5825370971418,5.4937235786369385,84915.91805826813,19.387195903714186
45.956745365290764,-113.42501345674941,1129.1826210334598,4.660705994581667,8.96303233626763,15.950686306032589,114.09479193417273,0.05,6.382639732789555,7.258713035137291,83.89302316422777,2331.2591624013853,6.382639732789555,97788.18945657882,22.326070652186946
32.883808806130666,-116.39664075979549,2006.3498400433948,1.2545241987089444,26.628632968381893,12.337715805064363,374.30425411152555,0.1948942431660918,6.276451278079943,6.361808311700475,85.86442530456308,2292.4738293186992,6.276451278079943,98420.97394010058,22.470541995456752
24.37095879669282,-90.38966335543618,1592.1130331113764,2.1786995484427436,54.521009545236666,15.921613642869275,703.3291824882201,0.3163230298777171,5.750694493234774,4.706097706379977,85.75837726947726,2100.4411636540012,5.750694493234774,90065.21287248982,20.562833989152924
46.27964550210541,-81.80861978964552,1301.4507819170806,3.2020383477770866,34.54660369646937,11.572074683440908,526.7264451487563,0.22163093662755964,5.2603703346088455,5.0403488968058445,84.8546750258016,1921.3502647158807,5.2603703346088455,81517.77616160196,18.61136442045707
34.27641955961555,-92.77188643130053,1765.2800648833058,0.6575274511590518,46.29824752174054,21.60342220793174,683.1582565723763,0.23952853753461717,5.46170359424498,4.783973178816837,84.44764184922423,1994.887237797979,5.46170359424498,84231.76149357596,19.230995774789033
47.199715657048074,-116.06401368223668,1908.3874728803426,4.736875061324845,64.96355279539296,8.558832856067124,999.5672523145572,0.39239313935682935,4.45389769430242,3.319290107099245,84.76255301508291,1626.786132843959,4.45389769430242,68945.2729146939,15.74092988919952
47.12687945014207,-80.19931642359256,1032.309354235124,1.2615889676081022,39.747600526806366,10.17993496676602,498.5535236746015,0.08624286998029003,5.148848364994002,4.746037462098631,84.09265630706481,1880.6168653140594,5.148848364994002,79073.03385006239,18.05320407535671
44.47222693121664,-89.65844581315866,1071.482984603446,3.8003355823826093,24.941607702877867,6.520237533460463,303.4008108812716,0.13820635774376486,5.676012526411533,5.8202328874411995,83.90820638833814,2073.1635752718125,5.676012526411533,86977.71857534612,19.857926615375828
31.066773409670056,-103.03905186914224,880.0095116514469,0.6030902009367725,43.41053987329022,18.742255123502957,686.9612981406101,0.287550938662626,5.389613584386827,4.829774053417635,86.16386725837866,1968.5563616972884,5.389613584386827,84809.214519961,19.3628343652879
33.242345486446204,-87.5969640410526,2128.4182010396903,4.077952462984576,25.202669366342747,13.338566026253217,378.0586714650848,0.16694839599825964,6.4278651312796695,6.57944264009001,86.34433472951726,2347.7777391998993,6.4278651312796695,101358.65349199269,23.14124508949605
44.42728011640457,-109.96513112088702,1548.9074467242533,0.4801354535736769,25.92039170065095,8.712863148974398,272.2636711898438,0.13865914710732963,5.566790220146824,5.6700945830252785,83.78751120344668,2033.2701279086273,5.566790220146824,85181.32181088878,19.447790367782826
31.606128123750665,-105.35962074131263,228.92959234735542,1.939018983906399,7.641929606858273,15.971055829611425,237.6424212694659,0.11830874985055527,6.6187554377550075,7.58844608332367,84.35645460451612,2417.5004236400164,6.6187554377550075,101965.88237159378,23.27988181999858
28.06782592046622,-74.45576447087254,1905.3631901229896,0.993873156292618,51.67263483951906,12.440400827161515,553.5718309132418,0.22513577051488232,5.249773218684586,4.400840560785877,84.12248283715917,1917.479668124545,5.249773218684586,80651.57523620434,18.41360165210145
37.363230299000406,-108.3127566937433,1083.2038727979764,4.82935735202253,28.051953638310092,21.588680845010966,471.15582626271646,0.1987483297676028,5.52724036922523,5.5473392089731615,81.5824523370942,2018.8245448595153,5.52724036922523,82350.32860397865,18.801444886753117
46.46771457985874,-98.62063351947143,197.82089880834806,1.0635061048069794,38.27776842468552,21.836427959943666,409.3675543457776,0.10035399347593217,4.844639678676167,4.515473644361536,83.49534663358199,1769.50464263647,4.844639678676167,73872.70175333235,16.865913642313323
40.70471512019935,-75.93237858061521,1231.8920986011187,7.4713723389809585,16.35268528508049,9.976861026086306,417.51644563967955,0.1447791533987285,6.311908384875338,6.851773502287516,86.39955630157216,2305.4245375757173,6.311908384875338,99593.82856664956,22.738317024349218
37.68146808214476,-85.78304708555352,946.9031997977595,7.783862543633342,42.8470573348785,18.999850512843746,445.39882999773664,0.18810639851656333,5.332205959928049,4.799361810508733,82.87533618745228,1947.58822686372,5.332205959928049,80703.51452802743,18.425459937905806
26.332235850498446,-120.64102578710605,1937.1612204546434,0.765467710120733,21.28505771356849,11.750396625921786,413.2158731772337,0.135380601694896,6.7541554785728035,7.098648450112505,87.17181519345195,2466.9552885487165,6.7541554785728035,107524.48525193882,24.54896923560247
38.76017344078007,-116.0456356089356,488.58839776018283,3.330316090294882,32.449243009367166,23.732245090827863,446.1259661300159,0.22889335901446728,5.686329304726561,5.531975595589367,85.75818946438407,2076.9317785513763,5.686329304726561,89056.95448480456,20.33263801022935
47.76129240250232,-123.57655409831649,1826.8989104081934,0.3213200670673322,50.80086856230427,8.353867258409931,674.5519028883853,0.248131688822409,4.6349001852926826,3.9136815365640465,84.6022472258193,1692.8972926781523,4.6349001852926826,71611.45764153861,16.34964786336498
27.362016365676578,-89.93022332762519,1249.0306860487233,1.7388676807457568,49.23366762018553,23.240505199668053,707.8110123293735,0.3057365256996548,5.112353109891504,4.372924475483863,84.84126492896463,1867.2869733878717,5.112353109891504,79211.49440380248,18.084816073927506
36.43991165672968,-99.82563502783741,167.41215190895844,4.372881452582969,34.60345869469507,13.904605606196696,547.6384556415123,0.23401097269139698,5.035406036742051,4.822789990466509,82.62418995549746,1839.1820549200343,5.035406036742051,75980.46373422754,17.347137838864736
45.05695372627093,-116.74915805127712,2139.467397849792,3.769901680037558,5.0,9.737582241628672,50.0,0.058147213013853824,6.416925442293876,7.475718140272366,83.60215687166294,2343.7820177978383,6.416925442293876,97972.6159624588,22.36817716037872
41.778446826100904,-72.2715574629344,1152.1227748218798,3.430109747750401,85.0,13.408388799407177,1108.4212274831427,0.5068817368193913,3.6634073688482336,2.216361458153181,86.16209866548263,1338.0595414718173,3.6634073688482336,57645.00911629259,13.160960985454928
40.72837778388643,-95.39837490693652,675.3852365979023,1.1621375003345733,66.42546146491645,19.703020097424965,994.9169470201189,0.44925035847344647,4.067835001008502,2.989947281474302,83.0782059912397,1485.7767341183555,4.067835001008502,61717.83278703805,14.090829403433345
40.85961801569062,-110.93776211790399,1059.2247102769047,1.661993545374127,48.00814684798937,17.976519533946096,501.3797605068912,0.10360792347538134,4.976524418371617,4.299433296557414,85.59169763542319,1817.675543810233,4.976524418371617,77788.96777255445,17.760038304236176
32.627787629274124,-96.9674071576458,1894.3942345626012,0.3802378278039235,21.442331931362524,14.108663151912635,241.76973771986678,0.1604447981172675,6.715562525880678,7.050693785556544,81.9344397158444,2452.859212577918,6.715562525880678,100486.82264220949,22.942196950276138
31.046204262347842,-87.30050203230418,705.5417174278865,4.443186385587954,32.95534108936464,18.09818093842038,765.443470667049,0.39530019065433364,5.612491641738714,5.440258935183505,82.20276238128749,2049.962572145065,5.612491641738714,84256.29310428686,19.23659659915225
43.42466773148433,-119.88308222942752,464.2542524464057,2.453343120790394,25.218432264022695,19.256412987318,256.25675523738965,0.08266743379950556,5.5498693527041985,5.6801301928276136,86.85207699837947,2027.0897810752085,5.5498693527041985,88028.4788742861,20.097826227005957
43.442721472300335,-109.16599398741383,327.5031809013951,4.317694320913716,57.74940690373499,16.57264143533736,923.2719758282651,0.396529002228753,4.392340822363724,3.495223444962488,83.9822442806395,1604.30248536835,4.392340822363724,67366.46161312093,15.380470687927152
44.80973564592249,-80.42386349226435,690.3977065389541,1.0019605051442588,39.72505203533301,10.89249061252954,497.5556516232809,0.16277327083649462,4.83998515944581,4.462101555170402,83.19225016950848,1767.804579487582,4.83998515944581,73533.82041376684,16.788543473462745
45.91777326135531,-99.1780969982563,1727.1033871360935,1.3727373812839887,20.885050549523008,5.0208761708789,343.2952221730365,0.05,6.056931676297597,6.382822741915739,86.04411124049844,2212.2942947676975,6.056931676297597,95177.4481978559,21.73001100407669
36.272217572662505,-94.48483433025608,1063.9966851698127,1.4237614648015542,26.526408215753925,10.448861001203282,436.8052840801767,0.14506643842295433,5.8507468918983605,5.934501167327187,85.86873233244525,2136.9853022658763,5.8507468918983605,91750.10945931908,20.947513575187003
36.03639107249279,-100.62793588068865,539.0854479411109,0.0912784037411468,55.18138656625828,17.047032139420438,885.4350854459107,0.34192433362928226,4.647374335372343,3.781709284418789,85.38113184788585,1697.4534759947485,4.647374335372343,72465.24951977987,16.544577515931476
43.159084295202604,-121.62940309727773,407.2977491609608,1.4598653712226524,63.801761242768606,20.952691505651536,873.1992747174828,0.3460904945646937,4.442730952949101,3.3470987268575065,83.14515312088184,1622.7074805646591,4.442730952949101,67460.13097097448,15.401856386067234
39.59913433866636,-115.04951188971158,765.368374497315,5.691345817825472,62.50996814275242,17.064866873935298,1074.0280178740193,0.3995659696138753,4.437791318079874,3.383506224274355,83.56962363609348,1620.9032789286741,4.437791318079874,67729.13848528957,15.46327362677844
40.84720505418488,-99.94075150793789,2070.8374017042743,7.96574980292756,48.62657717097159,7.145499893403269,621.8384239350843,0.2224280849654232,5.246270265274966,4.509767156930793,84.4674432355871,1916.2002143916816,5.246270265274966,80928.2664185746,18.47677315492571
43.09902406646643,-112.7039848679719,787.5074320685524,2.5559247158986964,30.452752361552538,17.887325762467665,449.7605744216915,0.18684992326095107,5.592620912429685,5.518970197027794,85.04159901322085,2042.7047882649424,5.592620912429685,86857.44075300671,19.830465925343997
45.36012820362159,-121.30113245237735,2174.466763302466,2.127616574874823,5.0,3.385702004964398,94.52769322176076,0.05,6.491884254502304,7.563045156495185,83.2372746389722,2371.1607239569666,6.491884254502304,98684.47819657507,22.530702784606184
32.11188376443686,-78.44291814120152,1093.2454798955157,0.10958391994950108,40.348880428547986,18.46482600385695,452.68751400473025,0.21579601412947233,5.726737735094113,5.254613089280173,84.25610566593105,2091.6909577431247,5.726737735094113,88118.86717803862,20.118462826036215
33.01399086335866,-71.01560342513775,435.2024243238244,7.397792154514523,34.96708234080619,20.249170498967416,460.9519272733746,0.2261463356004447,5.478537196194649,5.233265406708024,84.4010869511961,2001.0357109100955,5.478537196194649,84444.79451448575,19.27963345079583
26.255566556180856,-81.17028480417608,1965.9511973560452,0.04583455642992921,37.51967773378437,19.471761565291796,541.4268381968219,0.34461390322356694,6.010383914481979,5.633907024684578,85.93015463456287,2195.292724764543,6.010383914481979,94320.92165357403,21.53445699853288
37.878723383908174,-77.89561422794799,1039.7640522398779,10.135609366238537,35.97015224659771,9.44684073236393,460.37002713942604,0.24810484124760063,5.423896481382574,5.142987102223271,85.13169874340267,1981.0781898249852,5.423896481382574,84326.27582165306,19.252574388505266
24.86261457112181,-110.93323496287955,1575.7933885347275,2.351331379613887,11.127281084915175,15.532065517062925,399.87433173446595,0.17876945780578152,7.069041317018419,7.932235112274703,81.73979753274706,2581.9673410409773,7.069041317018419,105524.74384642739,24.092407270873835
35.174352435179046,-72.12614332228722,2164.979903899676,1.4645777957096047,45.03335402332134,4.793659248292917,546.6045889665456,0.19673869723601006,5.604932535724333,4.959056664762457,83.67955453727191,2047.2016086733126,5.604932535724333,85654.45933088462,19.55581263262206
37.02347123298184,-113.36601195951486,157.8770031879441,9.029650768745807,46.3798936525733,19.511666041981368,767.260957950069,0.3343794333962287,4.949772477550471,4.332737525267989,82.60682494502487,1807.9043974253093,4.949772477550471,74672.6210377266,17.048543615919314
30.876990051078828,-72.62279024046106,257.8933035432693,0.08642683184980432,47.28209807707387,27.661597973827906,747.5953543939128,0.32782786232661476,5.054727222474905,4.39268590896849,83.78749194138635,1846.239118008959,5.054727222474905,77345.87261102395,17.658875025347935
38.17999825365626,-70.27975812583864,1598.9819941449257,3.048146298664954,52.03838606432096,10.802301976515947,727.1511914500663,0.2773140086539113,5.072731474013719,4.239440456898958,85.38473002575756,1852.815170883511,5.072731474013719,79101.06157675822,18.05960309971649
24.732005998537186,-85.56696848971336,655.9237570852648,2.7864841815540493,45.87292960858922,21.54824276244934,555.7001091350244,0.27072828197723736,5.461699729307859,4.800230504588899,84.15233397841536,1994.8858261296955,5.461699729307859,83937.1491446366,19.16373268142388
24.896356529981148,-71.01823848324162,446.24800344271296,0.86656660350679,27.619470592299606,28.052297241031464,309.8470562530175,0.05919803937133018,6.132282581148579,6.173146308482365,82.37689055764564,2239.8162127645187,6.132282581148579,92254.54751407154,21.06268208083825
43.742413455831795,-93.2448519033764,134.62804161241843,1.9605913101665662,33.724936737510376,21.916971970634798,420.3523844034943,0.16292683505791378,5.094237318582616,4.9104649632336965,84.10375468955397,1860.6701806123006,5.094237318582616,78244.67421419249,17.864080870820203
32.64457539387031,-109.98474370849112,96.97043077033388,3.6970910371093044,36.640247610560785,22.470804649831532,334.38933835322473,0.16712181394638065,5.493907450316426,5.183602035076021,84.31337891021663,2006.6496962280746,5.493907450316426,84593.70808907438,19.313631983806935
27.049452303645236,-100.40222217405648,1715.1440467075504,4.545674608892424,36.93859008391913,19.99088564602146,416.7937185949388,0.159284842034953,6.083248535549022,5.726951874426099,83.03985052242464,2221.90652760928,6.083248535549022,92253.39296373709,21.062418484871483
36.53383824131531,-91.94770948954556,339.0318688445325,0.002509905204250804,52.96791780749113,15.556795283673662,593.3031977685116,0.2368719455654163,4.672387472886784,3.8744585180638116,82.17193334884595,1706.5895244718977,4.672387472886784,70116.88032937174,16.008420166523226
42.47984527436666,-120.05359565054118,1055.5993243379744,9.66803861878685,46.58603755440483,19.117970340546783,786.7920260794393,0.32094071780681904,5.025056723042552,4.391385699162339,80.92479143616697,1835.4019680912922,5.025056723042552,74264.76073465911,16.955424825264636
29.179704659924237,-90.39346371066871,1352.6781526358884,0.6291435476290983,72.39218191225916,26.700567315602854,1075.3367860104502,0.4062769321366336,4.38702503958395,3.041325844466359,85.22054627136718,1602.3608957080378,4.38702503958395,68277.0354280581,15.588364252981298
38.949371419656,-71.0163968148361,970.9563712230195,0.9310893311720488,74.7164416379241,17.7028641697946,1124.6275928174834,0.5272898769193285,3.8707406370133848,2.6204329961094,84.74454936545244,1413.7880176691388,3.8707406370133848,59905.41422782375,13.677035211831907
26.048339159850432,-113.7341869116787,108.27930252290118,1.0703349615097768,36.43369248705065,17.3995243800816,568.9548899729039,0.1861626538925692,5.480447789431432,5.178826701157349,84.54376651701625,2001.7335550898306,5.480447789431432,84617.04715539578,19.318960537761594
25.240361308046584,-81.1998637204273,1734.528230564004,0.13493857143090204,5.0,15.736275208967879,86.69676233341632,0.05203161734275105,7.594730314264307,8.5,85.89779833192942,2773.975247285038,7.594730314264307,119139.18318452714,27.20072675445825
36.75251115763555,-74.97346513590055,72.603432764555,0.4595770282063302,57.2629843902908,23.54965410191851,947.7498146769849,0.41557815102952905,4.508863365904217,3.60329923130697,82.11679798546137,1646.8623443965153,4.508863365904217,67617.531222336,15.437792516515067
36.97524291864256,-73.04011398770808,1688.0632729115905,15.029035392877681,25.273225898233022,11.234892333387444,292.7488970020886,0.07454761202375523,6.103785374892029,6.244706023572594,81.39655368621746,2229.4076081793137,6.103785374892029,90733.0480338146,20.715307770277306
39.298317635956955,-72.15267736210585,1970.604661644464,1.3252851350090014,20.573289407041877,15.551527972597441,298.69301723529077,0.12811063656707497,6.382665381180278,6.74001150288903,84.57634787477863,2331.2685304760967,6.382665381180278,98585.08911153516,22.50801121267926
41.42619200934388,-95.84117950904051,980.6058302729205,0.4287776742649994,27.827985050191398,16.80781350217411,464.2976734850919,0.1479757553148865,5.531701066579472,5.560488617815056,84.43990706316514,2020.453814568152,5.531701066579472,85303.46616377613,19.475677206341583
47.42044990710083,-71.2253729684588,1201.416317160266,0.3960561928219572,26.960425157337085,7.82781395294011,245.3250290171063,0.17177088584325823,5.2278279395916805,5.286782280204436,81.40303978549088,1909.4641549358612,5.2278279395916805,77718.0932866063,17.743856914750296
36.391208359228685,-83.10524881474029,1075.5142941279555,4.448635962569697,46.020856581897064,16.37544401079232,953.9508817608138,0.34054038721819513,5.162584439751015,4.531995421045214,84.5392815932107,1885.6339666190581,5.162584439751015,79705.0704428657,18.19750466732094
31.750955350589905,-115.26974244320405,886.7985300403934,6.74817927528124,6.930155975727942,15.702744559476216,99.8787599379498,0.05,6.851901028846054,7.889888034594188,83.39966557140065,2502.656850786021,6.851901028846054,104360.37219776445,23.826568994923388
43.084468674448885,-98.24739425072963,1957.9627510462747,1.039482627648813,15.60102657575117,8.09183582761686,232.61331711807566,0.05,6.20043509447518,6.763390044539324,82.78936791039364,2264.7089182570594,6.20043509447518,93746.90992176664,21.403404091727545
30.49997403028978,-85.21011652991179,1971.9570479404795,0.07395924219643946,41.1768539755535,12.196853484936995,702.1637588252411,0.2246832965004728,5.994659472379081,5.465702842763643,83.49986443757638,2189.5493722864594,5.994659472379081,91413.5378826499,20.87067074946345
34.53531409693527,-110.6436229457695,772.0051839792992,0.8835077621338242,46.21299254743955,23.298129937414785,738.477428965176,0.38725969327960474,4.773755647698518,4.184240038045498,80.3377071436223,1743.614250321884,4.773755647698518,70038.98550690302,15.990635960480141
25.882953152214384,-89.40678008836008,1372.3999711316008,0.20361440654462648,46.547749608848214,27.954719453169503,655.4762964635208,0.3002538572220951,5.760427061450462,5.0355680582655475,81.9310508836443,2103.995984194781,5.760427061450462,86191.30102002293,19.678379228315737
24.60841784197098,-88.00357413148257,2042.8512586136078,0.38198929991556463,20.83334697920062,10.98720234510201,304.67980151861286,0.1339645885844492,7.009154182854808,7.388816031570863,82.9435581457737,2560.093565287719,7.009154182854808,106171.63474553148,24.240099256970655
47.1035619522702,-115.21421383433744,2118.425772723906,1.9766888708943466,17.39121831320768,-1.4815968869801273,93.06220329010964,0.05,6.101520980141756,6.579034992312272,84.83565367040421,2228.5805379967765,6.101520980141756,94531.5433490488,21.58254414361845
44.06352289229294,-93.48539312755116,1144.2619369074023,0.9144056525984061,25.880572991817452,11.469415326525622,306.6814441004467,0.1731645255941912,5.101895365267535,5.197994610539091,83.76265479523367,1863.4672821639672,5.101895365267535,78044.48333905634,17.818375191565377
40.70338094624875,-82.33214680715518,1023.5733313613026,2.539454950509991,39.317709541125055,8.491949122066819,602.1689551916468,0.20969260936148018,5.4164680593409145,5.009019845937466,84.95830331051832,1978.364958674269,5.4164680593409145,84039.26510897481,19.18704682853306
33.81487066594248,-97.05963411505914,649.1927792463305,1.0232295289882112,61.73859264690589,19.7221907187779,908.7295809609711,0.41831929011690977,4.403113643588737,3.3808420949695748,80.17569098289498,1608.2372583207862,4.403113643588737,64470.766725152804,14.71935313359653
28.1590636817003,-123.3464316940902,2111.5745273593816,9.87842125309756,5.0,17.766293161661665,192.1165750004087,0.05,7.338045724304734,8.5,82.74135266614341,2680.221200802304,7.338045724304734,110882.56379942891,25.315653835486053
27.754489024106064,-123.51192266971822,357.05075461666485,8.273526059434847,31.026882374749402,29.701793755136247,422.3262474241592,0.14374388466628274,5.877647607160495,5.776621561959422,82.95327807530266,2146.810788515371,5.877647607160495,89042.49615738766,20.329337022234625
30.00582955595029,-104.72041542561934,1296.6335885026087,2.9279944987179247,11.011788061546333,18.81978699217045,50.0,0.05874745263922938,6.9061156457807495,7.754998002197831,83.53670305414026,2522.4587396214188,6.9061156457807495,105358.94334903768,24.054553276036
37.18143995294689,-73.98552030468377,657.4830751650736,1.53164313759454,5.259631807637184,17.208315745950216,179.30788838448836,0.11790298736799185,6.634045382669282,7.716606006447166,85.26819079946155,2423.085076019955,6.634045382669282,103306.04029269867,23.58585394810472
41.1503021448015,-111.65145390140512,649.8678242477628,1.6796056329055196,52.4052196162067,8.319485247308172,877.2820092450954,0.39540781721362783,4.782209091664009,3.984361886101901,81.29309563591616,1746.701870730279,4.782209091664009,70997.40111235512,16.209452308756873
39.84473704122555,-89.74436080092889,920.6824628588051,1.8577200022211,44.80324234098809,15.571196613897671,717.0698500594563,0.24629539840360037,5.154520907123966,4.568850343073805,85.0966662595342,1882.6887613270285,5.154520907123966,80105.26859661099,18.288874108815293
30.718413526702626,-112.0079029825607,2197.4048120036573,4.551427291800682,43.08980328705072,13.474838895163378,586.893878932961,0.22220277293592566,5.776212846025794,5.1891842882752455,83.04129117332243,2109.7617420109214,5.776212846025794,87598.66956233245,19.999696247107863
46.91676673591666,-106.62982055838438,168.17755970561745,2.102875045686312,51.57846511515788,18.602394427160398,826.5371167998683,0.3522354023932041,4.428670373454963,3.7154363055994954,82.89570437342599,1617.5718539044253,4.428670373454963,67044.87910201792,15.307050023291763
41.709526000698446,-78.20572716151986,1293.8649091375926,6.800583802940462,26.365059858209552,9.927436347881372,712.001885815755,0.2542034043277267,5.561071976076898,5.646960402616724,85.48657057039118,2031.181539262087,5.561071976076898,86819.37199870209,19.821774428927416
37.30449726027362,-84.64148211742287,227.53013977584592,10.09434169877758,27.212524705996493,18.3351151330542,392.4905773279985,0.23208587855979734,5.497586097698921,5.549880934689883,85.74285169493476,2007.9933221845308,5.497586097698921,86085.53681424378,19.654232149370728
38.681297909624455,-118.84843902508662,382.2197844796158,1.4328721346969202,74.34315110100633,12.770307997054179,909.6304461895761,0.25891533871479605,4.020724357006795,2.7324759995489853,85.55204954413091,1468.569571396732,4.020724357006795,62819.568365568164,14.342367206750723
34.07040149826696,-100.85009086673259,995.0603248117321,2.8789605801803346,30.561721023327664,8.52784647418495,369.2355893713721,0.11491118646961407,5.941442896624642,5.858666433970852,87.05796288757239,2170.112017992151,5.941442896624642,94462.76576211775,21.566841498200397
29.94554374802778,-122.42483276315572,1147.4892823948487,0.34958983105143204,48.23237803497364,14.353070538226124,737.8008925200361,0.2819387134065235,5.431330006512944,4.683834273067736,85.900205412665,1983.7932848788528,5.431330006512944,85204.12533367946,19.45299665152499
32.543344287630276,-98.03193208343751,606.4036779837265,0.7830551153911778,35.11486773733967,14.042173423635678,331.1277172329492,0.05,5.531650087268864,5.278277976436809,82.80684512440155,2020.4351943749525,5.531650087268864,83652.93211224843,19.098842948001924
42.188306651144856,-88.22856336814232,730.3828313799947,1.867334853339785,5.0,16.710197031767283,86.94030749120695,0.05,6.4601813486474535,7.526111271174283,84.21245719220347,2359.5812375934825,6.4601813486474535,99353.06698118382,22.683348625841056
24.34544372711414,-117.60085832569982,236.97909355025607,0.8082450601121558,5.0,23.787118628379922,108.03366503158828,0.07627850272359854,6.8800204038304615,8.015223770462487,83.45970313727258,2512.927452499076,6.8800204038304615,104864.08959553778,23.94157296701776
26.78574337216599,-108.40021329890506,701.9225352651387,7.32201416402566,24.578284041081716,20.283854285900453,497.6081505564092,0.20885091122615204,6.448992882293456,6.629255206872687,87.0436347899236,2355.4946502576845,6.448992882293456,102515.40804332435,23.405344302128846
25.104063408522066,-102.51682222288352,2128.10064466817,0.6031035293845435,54.00982253005981,12.125016058123371,887.1570010262674,0.44830555152975654,5.431747057794263,4.464522607015617,85.65730493204806,1983.9456128593547,5.431747057794263,84969.71716464635,19.39947880471378
24.977491255655284,-74.34532466857331,2081.1208705958356,2.1286395781808167,49.189249819448065,3.4242628519262066,775.1079766474501,0.4002229792306785,5.924221839688549,5.069210011218367,83.71667979492982,2163.8220269462427,5.924221839688549,90573.9978815373,20.67899495012267
44.53105401626417,-70.36422916715995,769.9883237945178,3.2572445913011334,51.453388956032605,20.144327068698736,504.0795443330035,0.23168546240228213,4.357922266639843,3.659897633988786,85.31686469662951,1591.7311078902026,4.357922266639843,67900.75378264229,15.502455201516504
40.887788625120564,-121.57478985423674,1277.3359629993374,4.120248079422364,17.233168779146325,9.212733212591907,333.36967571284106,0.1545659439970527,6.358486211093137,6.863145390922265,82.15170230053033,2322.437088601768,6.358486211093137,95396.08015726141,21.779926976543702
35.3801718980958,-82.90557213124883,2005.6300908885303,1.6904954222541098,64.08570482220165,10.40109191201461,967.7512061168477,0.4065262246442983,4.626200360230528,3.4761272571379576,84.3753926064682,1689.7196815742004,4.626200360230528,71285.3807638498,16.27520108763694
26.348019855624035,-103.92690041427346,63.29521867792785,7.116600720912237,17.63192059664508,20.007346310422307,272.4413260608658,0.05,6.355137101629732,6.841791612658578,82.59311626109536,2321.2138263702595,6.355137101629732,95858.14171413044,21.88542048267818
35.79878100280398,-102.80725794360808,1792.9696762258225,2.9402405879370237,38.830839176059435,16.813421541371632,370.6095358502835,0.08469266427131435,5.646880779049835,5.241345099216144,81.46711169905889,2062.523204547952,5.646880779049835,84013.90414340445,19.181256653745308
35.36332249873358,-83.26969143926078,2088.9945384961757,2.026289712400192,34.81365878166074,12.215247931238306,409.71383202454433,0.17574787183184018,5.760467033147134,5.508759903771632,85.17680435629474,2104.0105838569907,5.760467033147134,89606.4489323802,20.458093363557122
28.156844877840363,-74.40497266414793,246.3503288171477,0.24362808998945745,31.870271234337444,20.79220701982262,329.50152032731756,0.1680935855737659,5.81525685353964,5.680971531710031,85.36288664278132,2124.0225657553533,5.81525685353964,90656.34875364188,20.697796519096322
34.412439581711354,-72.64985589686239,397.1125249707802,2.187178936807638,59.09465848932092,18.959921117999894,625.8243748997838,0.27524364681515023,4.475400041024025,3.519174390036976,84.68581895431797,1634.639864984025,4.475400041024025,69215.40783077395,15.802604527573964
33.56411362553696,-92.83538035393067,2115.604550958414,6.016131839749324,22.30801063701271,19.03084580221578,312.0206337766985,0.08538534902117484,6.34536403492617,6.623569703203447,83.72554943915024,2317.6442137567838,6.34536403492617,97023.01760062706,22.151373881421705
38.780402353253194,-104.71545739777285,1205.7113088267445,3.3366217300123506,10.707105397185295,14.228384669377226,70.11726341631615,0.07608584054693984,6.488380040372282,7.299753665801922,82.10046201773038,2369.880809745976,6.488380040372282,97284.1547035488,22.210994224554522
39.24224762082345,-81.47234936362592,80.52276411420596,6.246655638631698,35.35991875171555,19.211440599594795,757.5694205509088,0.38977612666727723,5.065162930432206,4.824469268728658,82.25797969392413,1850.0507603403632,5.065162930432206,76090.71893840324,17.372310259909415
25.08729623452907,-110.44592530383579,603.9087973415877,2.3843458603515764,27.803118782842525,19.92564676319692,372.36646901600443,0.20205217543790216,6.090815684434313,6.123573117610082,82.5460800303918,2224.670428739633,6.090815684434313,91818.91162599389,20.963221832418697
32.99070275103531,-93.54000244299004,1017.3788996780481,0.44130392320040257,85.0,10.488964661754661,1319.3753155865961,0.5992196813072719,3.5493151113293213,2.147335642354239,83.64949006241261,1296.3873444130345,3.5493151113293213,54221.0701417578,12.379239758392192
39.020637977141675,-104.63676307765685,1539.7541587032506,0.04806803105530384,47.17713457591955,12.101787422452613,503.56998159355123,0.18185953576621916,5.03765641899803,4.381552339013431,85.61426810040736,1840.0040070390305,5.03765641899803,78765.2981822317,17.982944790463858
36.07527020592211,-88.54192201977469,1626.2948129941192,1.2644971708575001,27.631869646064764,14.936594791662923,333.8372164444197,0.19289554632021483,6.200157295051823,6.2409351869284,85.59060631661798,2264.6074520176785,6.200157295051823,96914.56244366223,22.12661243005987
44.55575618851974,-111.01845870375062,2190.156252789731,4.190538487706155,15.989991754632442,11.397466308528141,233.54967216828564,0.1046002953698352,6.094270949046523,6.630993743275577,81.52714860058067,2225.9324641392427,6.094270949046523,90736.9633893684,20.71620168707041
39.80864715885468,-113.6539809303194,668.1490786750819,5.466601534059557,5.0,7.75137724714136,50.0,0.05,6.312342472081266,7.353878979974675,82.96014999492458,2305.5830879276823,6.312342472081266,95635.75940012097,21.834648264867802
27.910426249954313,-74.4150893195264,1207.1732190172218,1.2271906403881163,16.546056456726205,14.90405678434233,189.42472191369245,0.09719855960527397,6.723909342612391,7.2899119259854555,82.91975847064224,2455.907887389176,6.723909342612391,101821.64442422785,23.24695078178718
25.693649937610317,-118.502601120725,1196.6456278981507,2.395724035750714,37.06895189166437,18.1316650263588,497.1702358589473,0.20107990966920752,5.89429553557221,5.543687139183004,80.20262530724813,2152.89144436775,5.89429553557221,86333.77291990345,19.710907059338687
39.41806267695158,-96.67827298231369,922.1373078115606,1.913303644754742,60.69191572870585,15.63726186202118,826.2960216573924,0.3012898852677984,4.797440162003529,3.718767356223445,84.84918142042486,1752.265019171789,4.797440162003529,74339.12625418568,16.972403254380293
24.636271452998923,-112.07394971999751,413.69807176120344,1.849817235178281,55.190404562982536,24.265052721230777,958.1775211852902,0.3951338006495019,5.054183231460295,4.112422956794202,83.63076026352222,1846.0404252908727,5.054183231460295,77192.88212213578,17.623945689985337
38.05861395056312,-121.89778198041395,2151.5316108452616,0.9209125643241203,39.12370696963483,9.62921092527121,585.5545261180387,0.29331913342332394,5.6514660294895585,5.234015129181304,83.83028619505353,2064.1979672710613,5.6514660294895585,86521.15317979042,19.75368794059142
46.56552579419898,-122.05498381226298,1884.63195133316,0.5131424275534042,29.182982017355275,9.254737870224433,456.5128045371042,0.16813987829148128,5.705801998871849,5.681376178752551,86.01880658756346,2084.044180087943,5.705801998871849,89633.496623461,20.46426863549338
37.81138026902109,-114.53802430628532,1121.41601083261,0.7665447735647893,39.838622415418776,11.76462638166102,611.7061912503699,0.29954494281806143,5.480216364009309,5.047989743447209,84.13246351992653,2001.6490269544001,5.480216364009309,84201.83186996877,19.224162527390128
33.31607822895653,-77.19440085667598,1346.977658770664,0.19922751033061045,25.664516045277633,20.009442272051018,420.56586236759813,0.2120893095173828,6.162478012250147,6.287874503931724,83.35390430255097,2250.845093974366,6.162478012250147,93808.36328150282,21.417434539155895
39.438917242616476,-108.74614782524056,538.611265153274,0.7728339644722514,65.93055192374976,19.293240681854137,914.7390285450101,0.3661943920427627,4.172010787698553,3.080972128184638,84.85811643150741,1523.8269402068963,4.172010787698553,64654.541956772235,14.761310949034756
34.9980693717964,-72.67520478893402,1219.142201342256,0.032352205646447266,31.59457673704856,14.875828719468021,410.2494371707952,0.24037727066881018,6.096665115620943,5.967647261896121,85.58830776986333,2226.8069334805496,6.096665115620943,95294.31858339944,21.756693740502154
37.09480294358244,-92.59239617858356,1544.185786211173,3.4540445187804365,33.44591855155892,19.9900417118877,484.9244656736526,0.18427452713781994,5.700042826672046,5.505549215157559,84.44470134907384,2081.940642441965,5.700042826672046,87904.42788875532,20.06950408419071
46.59515541063661,-100.42283375248664,1157.6091110311659,1.3312122363334111,5.0,17.469798652344764,185.68039489134728,0.15284417433535963,6.165999995182129,7.183389994387181,85.03378439804722,2252.131498240273,6.165999995182129,95753.6321287072,21.861559846736807
33.26646330721859,-92.67520292784945,2179.1131167576236,12.660523785288126,31.482172762590253,15.866107348738751,553.3742375199018,0.25227894804367434,6.010804601072294,5.888333199034841,83.78164852538566,2195.4463805416553,6.010804601072294,91969.05850543555,20.997501941880262
47.06857353177394,-96.09828719778154,1364.3845609326113,0.7536219055854794,50.056714483368935,-2.077007976232503,676.754155198324,0.281187602076626,4.412796580523473,3.749125207097016,83.8772133804605,1611.7739510361985,4.412796580523473,67595.55380606555,15.432774841567479
45.72841540694553,-83.02608229710444,847.5934820731635,1.4853504293767725,15.780993613306187,19.500026027380596,297.71828005309777,0.07965921433857472,5.930461509747194,6.461433785231683,84.16953106544824,2166.1010664351625,5.930461509747194,91159.8555011075,20.812752397513126
28.698987234943115,-108.74521243746598,1710.126859374052,1.5502185630692853,21.487033979129368,19.713855537293075,281.3600094038444,0.11282032574484978,6.240470267150293,6.549939943848318,82.870318574351,2279.3317650766444,6.240470267150293,94444.47475426966,21.56266546901134
25.66467122100397,-104.93527885358367,416.4943999005304,0.029705943621752027,49.26879831920596,32.39406050189731,693.1502314124078,0.2786246207471156,5.278022688583817,4.513334378724375,80.19028337768668,1927.7977870052391,5.278022688583817,77295.3254174137,17.647334570185773
26.41867203305824,-75.71890766320446,876.708999468473,6.396751839313615,8.42016997667504,26.677910954715582,70.53004151803083,0.05,6.970408791679767,7.953646362185744,85.39565508084146,2545.941811161035,6.970408791679767,108706.18438090027,24.81876355728317
24.437323815637193,-72.8913482898781,795.9617433118095,0.11381114055687673,54.040418135754535,29.336766276393355,738.4013400099402,0.29678645386825836,5.54831946185399,4.559148828539449,85.27722763323614,2026.5236834421698,5.54831946185399,86408.16072852106,19.727890577287912
26.26663105814228,-75.80185571573037,978.3852544817211,9.857443620440867,25.421409976884163,24.802709152148886,490.0327466313463,0.16399015209154,6.072775692107781,6.206681186562238,86.38829687105726,2218.081321542367,6.072775692107781,95808.13384477451,21.87400316090742
40.39216256199256,-101.34980832630507,1730.8266257467615,7.7920945374680635,28.005772031158347,16.564166512951587,401.3229231701405,0.1965174731031643,5.696163891389591,5.718718397906899,82.01511396484717,2080.523861330048,5.696163891389591,85317.20079678389,19.478812967302257
25.708527563045497,-81.8602628376284,1090.972019151326,2.6839431637986095,14.770188707739305,28.952797463810658,220.31089276358205,0.15711022910456934,6.816275219749472,7.474786564742258,80.28909471259827,2489.6445240134944,6.816275219749472,99945.65249461056,22.818642122057206
31.655415127050272,-98.27787040174067,1757.13106807182,2.745315878914911,41.8048326877019,15.835626805981104,440.54587970203073,0.12221499939441742,5.62371552616715,5.102769224818036,82.21393585208226,2054.0620959325515,5.62371552616715,84436.26469559621,19.277686003560778
44.27700746326691,-97.13284798411048,1289.4511417507117,3.7123620402721347,79.27769573052885,5.339168756463812,1078.963349464131,0.5351834486950674,3.6199779460633983,2.3350889641614057,84.20158116281922,1322.1969447996562,3.6199779460633983,55665.53668038993,12.70902663935843
24.55852645765982,-112.94727411090666,785.449284513744,1.7131517616932543,49.066950310291375,21.79157307142379,662.8058139696064,0.2697415374347462,5.396292010169044,4.622093268743345,79.78691311146349,1970.9956567142433,5.396292010169044,78629.82960266563,17.952015891019553
43.547243582134456,-92.07896362404011,1791.4542989194658,3.6467099144098816,19.442865285070354,11.006251290975912,189.28576544664446,0.05,5.841263267168979,6.2145196570154,83.11679765007075,2133.5214083334695,5.841263267168979,88665.73358927347,20.243318171067003
30.764514594561597,-113.94866152131921,562.3227916891469,0.16030505040305976,55.44117053884657,21.64390481148778,778.3429287142084,0.3621972926413293,4.938392793424682,4.009539412773137,86.11064893374166,1803.7479677983652,4.938392793424682,77660.95401001749,17.730811417812212
26.83595586291975,-106.09550625037153,532.4234065695603,0.19447070031660155,29.29976817318351,18.275454964200605,367.2785254018037,0.1307099950046658,5.70559475741403,5.6765054831203,85.47365824609335,2083.9684851454745,5.70559475741403,89062.20504747659,20.33383676883027
40.72169196873962,-77.8283691125235,1134.681286717897,2.1387463812129273,59.740729665696065,7.477561679697769,844.3698008441031,0.3477339165501349,4.493098174662575,3.5127710656974447,83.23635802413973,1641.1041082955055,4.493098174662575,68299.76455648565,15.593553551709052
39.09462832271721,-112.81790630261382,610.8258788184912,2.7918405108421824,49.52017523895853,14.38863718614548,705.4327543273129,0.2737164020924431,4.728720365982026,4.035295010922197,83.34996683824404,1727.1651136749351,4.728720365982026,71979.57747448892,16.433693487326238
45.05932832464927,-120.15745260063463,69.53712514511508,7.656703321745204,5.0,20.606574852118857,50.0,0.05,6.142528729170225,7.156045969483312,84.85086256021035,2243.558618329425,6.142528729170225,95183.94198482273,21.731493603840804
41.64170505129326,-120.27358999890792,1443.8396836924233,0.38693358405334444,16.926566606809505,18.363393391747795,197.10175424701413,0.11832558255635107,6.379465494320837,6.899481459946752,85.4029031328663,2330.0997718006856,6.379465494320837,99498.64255050391,22.716585057192674
43.28354232923637,-73.19763589283218,1148.8517161656557,6.053664435605526,51.998934011037015,16.44441782612616,735.7225044306016,0.2922359733680413,4.643334907169258,3.881862630599837,83.20029409839036,1695.9780748435717,4.643334907169258,70552.93730570354,16.107976553813593
30.768829741711357,-96.62629635006093,1007.8633011602966,0.8252378957873925,37.72983089861032,23.344419258884948,646.647575696217,0.19760390026446142,5.883767033867139,5.50656569399819,83.64845096742084,2149.0459091199727,5.883767033867139,89882.1806778792,20.521045816867396
28.25854905071335,-101.89174812188101,2128.982306429378,1.7535466769985768,16.572392941258688,14.315479102377871,257.6854184571957,0.1349219305679615,6.881726979810496,7.459745590405429,83.15098540721996,2513.550779375784,6.881726979810496,104502.11208809107,23.858929700477415
42.0147540393806,-80.2125566255724,1278.0782455202645,1.3323747574261895,23.59538872111137,5.734639623853552,264.14192410381645,0.05,5.664252908213359,5.861551745568172,82.00297583793717,2068.8683747249293,5.664252908213359,84826.68167222037,19.366822299593693
43.364033742414335,-78.86539989283213,1906.3778922471768,1.788795558782435,5.0,7.133413031146843,109.90047592438523,0.05,6.8709625450402605,8.004671364971903,83.67038437796728,2509.619069575955,6.8709625450402605,104990.39609684837,23.9704100677736
47.77212340801616,-106.06168421175735,349.81800784109436,0.5708571343357566,33.40928082452487,13.718396779697741,638.4848204755242,0.3256656521136676,5.062810387700431,4.89135848721248,83.55610868968685,1849.1914941075822,5.062810387700431,77255.62273484877,17.638270030787393
33.902824245874235,-86.54462489641506,1273.7938957282695,2.4510952977773544,74.79241506828376,14.386549663372517,1138.7644582148746,0.4146681959623538,4.170036149889635,2.8208338578615066,82.10903382601701,1523.105703747189,4.170036149889635,62530.36887478869,14.276339925750841
32.9284340590268,-82.35936794399812,1916.1561974714411,5.6618967078249085,49.48880103318186,13.820203147579239,747.595867508108,0.19567603528200378,5.434190130969859,4.638507277987496,84.9691214064566,1984.837945336741,5.434190130969859,84324.9681747297,19.252275838979383
42.63391105780792,-88.64886290923846,1303.6773781517807,2.0389654539123834,74.42750602139162,14.062032172799332,1114.5441018477147,0.49553645001795593,3.9701004069101655,2.695727784706349,84.72498101793883,1450.079173623938,3.9701004069101655,61428.96522989829,14.024877906369474
32.17928496607243,-115.81386596079463,1593.7304829730533,2.360919286438963,50.883147616219645,18.962730103376128,856.3594707699382,0.3416232746800844,5.2220897354266755,4.406493142401984,85.04357955126761,1907.3682758645932,5.2220897354266755,81104.71285102733,18.51705772854505
46.33817581448555,-76.70231349007892,849.8936707962458,6.611281093036822,53.49462818034845,11.785873072034935,856.4874739266443,0.3459870247458626,4.268001061287976,3.5233953646170413,82.84789446680344,1558.8873876354335,4.268001061287976,64575.26888822565,14.743212074937361
44.60190604423228,-94.88889415225553,248.7664616296932,4.28530620006774,70.53341637941043,9.070272349368633,1044.1438674235117,0.41933492509228654,3.7764442447042295,2.6671744932276145,81.02463648282803,1379.3462603782198,3.7764442447042295,55880.51466554676,12.758108371129397
34.29585665700044,-108.7464889760198,1034.4856345232035,2.3598258163733217,41.790738668160074,15.462925454569246,691.9345633132496,0.2998895649981237,5.477948158373176,4.971045290577696,84.70099669446847,2000.8205648458027,5.477948158373176,84735.74802461444,19.346061192834345
42.02090562699594,-101.03767798636453,898.1306903035437,1.0429857979519803,31.629908212876156,14.774780604302043,334.6536053538601,0.10180304013562164,5.401356515362762,5.285716942793702,83.00383092805542,1972.8454672362489,5.401356515362762,81876.86580482904,18.693348357266903
42.10902897803238,-121.97116111845901,1914.1793921147369,7.5676522930758585,53.58783529919622,14.371271687845379,600.003168954719,0.3238070641260878,4.974579178157111,4.103456506015274,82.66399780013145,1816.9650448218847,4.974579178157111,75098.79723403601,17.14584411735982
26.474972852062383,-117.09519273398945,574.5899000578153,3.0115096621608424,61.169124268193926,20.942081347546427,872.077604819098,0.28955414465915424,4.866862295947171,3.7563228230977446,82.11442038803483,1777.6214535947042,4.866862295947171,72984.17766563255,16.663054261559942
45.6612697603096,-82.66047547214352,2128.4785892004825,0.8747680820533639,26.36063643118024,8.860210175455872,375.9169810015772,0.17887582125117998,5.636918193856552,5.724152574923958,83.58701620786927,2058.8843703061057,5.636918193856552,86048.00061545259,19.645662240970914
36.126056938748576,-123.99937172321023,2109.9969575796667,1.0972697853271178,22.011756517879473,12.353641188206534,253.77358589898688,0.13784504431840705,6.149659709284153,6.432037965820949,86.3659909455757,2246.163208816037,6.149659709284153,96996.05567744555,22.145218191197614
43.8349791865858,-101.50544526195623,582.4080326035933,5.6882957491731565,37.499408583755844,15.537821335511977,607.5769871553528,0.21517448993972807,5.036631532075252,4.721862912540476,83.24182571796672,1839.6296670904858,5.036631532075252,76567.06606677368,17.481065312048784
31.68119042473468,-95.78445022137822,798.3117042762391,0.15802373692513236,49.96697960476992,23.474039064786563,513.2513558216554,0.16266800932846548,5.035608625049304,4.2814312758010695,82.3652954337496,1839.2560502992583,5.035608625049304,75745.43398060491,17.293478077763677
45.49255748390881,-121.0497413199475,1975.4448428788528,16.93966408588186,49.36563887590811,5.007760130836445,637.6417186569331,0.31654276014889665,4.938178508050908,4.219379851128606,84.97790010154503,1803.669700065594,4.938178508050908,76636.03179417888,17.496810911912984
33.34084028961992,-71.45377919949402,2128.237774926631,0.4888323251473584,9.364983196623214,10.054687196463817,82.6142102649635,0.05,6.880481567714159,7.805528721392758,84.25921841965692,2513.0958926075964,6.880481567714159,105875.74786238307,24.172545174060062
24.26010363552716,-111.78923211251771,1003.3940710974947,5.564899376317535,69.4089092071398,22.018379716148395,808.0945503900112,0.30637286562497634,4.537098372333487,3.2401127038760866,80.82104794846768,1657.1751804948062,4.537098372333487,66967.31736089067,15.289341863217047
45.729167434062326,-107.57326913964083,740.1436481279303,1.7575442943025275,23.45903127085669,11.160570393657501,477.8995385189241,0.2434902558392057,5.668528212167244,5.87138659047794,84.99351947962992,2070.429929494086,5.668528212167244,87986.56327183222,20.088256454756216
26.190880242867205,-107.58710433822853,1181.1021284908154,2.371948178710265,30.22883005600557,22.340642412474082,287.28349391774566,0.1214385174760119,6.228526877112976,6.156264689262992,87.19270165275239,2274.9694418655145,6.228526877112976,99180.3659068542,22.64391915681603
31.663527302169957,-111.5575002456631,1528.7037936863298,7.43994917617661,18.752221520219244,13.25512452812734,203.69709555230082,0.05,6.416908355362609,6.857971017752193,80.09919610885646,2343.775776796193,6.416908355362609,93867.27779039284,21.430885340272336
46.80148720921932,-123.92041360733919,637.9702080562066,1.864027113127625,83.56991904686757,14.65469654655081,1260.7768424366593,0.6126766415762837,3.375713349997632,2.076099380304033,82.14644096396681,1232.9793010866351,3.375713349997632,50642.43068325317,11.562198786130862
46.81457152650135,-84.6153811192482,1633.4173254310065,2.698833257923151,39.35727206518341,8.365665110772333,615.606343255441,0.23000210508410207,5.3312894323194335,4.9287722582610884,79.7272093670226,1947.253465154673,5.3312894323194335,77624.54235352341,17.72249825422909
37.76250931495886,-71.7903430108386,161.0633177964782,0.1769472898203408,19.68244854773183,21.061258078392946,164.73681001977096,0.05,5.889188770994121,6.255630940382142,83.88704336888875,2151.0261986056025,5.889188770994121,90221.61400502204,20.598542010279004
39.164093092075184,-111.88815190260756,155.98315944349537,0.00822581726351404,50.55062389932402,17.757276731096532,775.9576555166,0.3361049024149016,4.769141115488796,4.035387926623418,85.48557935491704,1741.9287924322825,4.769141115488796,74454.89600804234,16.998834705032497
34.76269252747967,-88.19545164261518,880.5185660629222,0.9827037359502047,48.84444402758059,16.59784235421223,712.8006642519505,0.32825411662184967,4.949400188284125,4.247025322673764,84.15825112469442,1807.7684187707766,4.949400188284125,76069.31428110137,17.367423351849627
31.037058520753547,-83.93759834422939,809.9673629305493,3.9944033875280374,31.62091357556209,20.367523922996355,675.9963462690159,0.37972035884332994,6.009519590633388,5.881238011517605,86.087993547169,2194.977030478845,6.009519590633388,94480.58421802349,21.570909638818147
31.88794908887798,-78.18502952911166,728.6114130393773,0.4524512452144606,50.1309208301009,20.81566386945327,742.2269332282431,0.22625781470814976,5.432907066212605,4.612992041359926,85.24582543549519,1984.369305934154,5.432907066212605,84579.59972660882,19.310410896486033
40.14044294584892,-101.1780233612651,1105.6924897381566,0.42269393229498414,20.144744705044438,14.39153056411258,267.9022437637689,0.15292354534786767,5.855155684855207,6.200532506468364,86.55322098525326,2138.5956138933643,5.855155684855207,92551.16938370286,21.130403968881932
42.05698870650432,-107.64173109541682,739.5772019698782,1.8524177635989463,26.127471050913456,22.197918498276,280.1343990008461,0.1538731509528564,5.398763937075135,5.491124385153638,85.74031615216063,1971.8985280166928,5.398763937075135,84535.60160606571,19.300365663485323
42.99789704942037,-106.43406276275633,463.3545247063976,3.6528143820591694,5.0,12.37122602926371,50.0,0.05,6.232352093178075,7.2606901885524575,83.39558539708574,2276.3666020332917,6.232352093178075,94919.46267747061,21.671110200335754
42.95083542706929,-85.51844801268031,715.359530540492,4.357656811122166,11.168880484047872,14.838511225305503,73.78741722985438,0.07010844191991711,6.194012777075165,6.948554013523472,84.10008968435226,2262.363166826704,6.194012777075165,95132.4726143505,21.719742606016094
26.18894647316857,-79.89390880869566,2146.0441865420053,0.6879715486169369,67.53735450207235,9.190237065896179,1082.6328444202052,0.4978107193902462,4.847134765342764,3.5250231056474024,82.69698462677853,1770.4159730414444,4.847134765342764,73204.03125280574,16.713249144476197
35.86608731286196,-114.19284574114346,933.8938465389245,0.290269151240535,64.54571529900166,18.67911739118704,905.4370056876703,0.3081672797871791,4.2809748635815525,3.2029397430694413,83.65401574669792,1563.6260689231622,4.2809748635815525,65401.79989582279,14.931917784434425
25.38141024039946,-103.96918555948068,1006.1324702454219,9.870174790471662,36.18419567568132,17.086716895085875,563.1034518570115,0.32211476356779634,5.936820739091586,5.620451303706773,84.09274750802717,2168.4237749532017,5.936820739091586,91174.35649877138,20.816063127573372
37.18869317576966,-75.2952293755459,1289.571728394951,1.0570210541405554,64.93276604941707,13.703988405422596,1060.4834846899278,0.36393000596389613,4.539762252556706,3.3842594612113723,83.87263901469697,1658.1481627463368,4.539762252556706,69536.63114345325,15.875943183436817
34.59673203296105,-80.43854993648408,2164.182652090587,6.71888910416292,32.118659241050516,10.12230002338929,213.8148151539607,0.05,5.961879059856163,5.813841938108273,86.01338028945541,2177.5763266124636,5.961879059856163,93650.35034511659,21.381358526282327
45.30490038619919,-70.8176462508263,569.4427443368904,6.969788113212822,30.618614553777658,15.889145610930594,556.5479802229247,0.21880560807834715,5.327713221092808,5.251365482323429,83.50474790623976,1945.9472540041481,5.327713221092808,81247.91744222795,18.549752840691312
32.42196030124989,-83.27059397716764,1514.7565376447328,5.1824652249051155,36.017191672380015,13.625171506033164,509.78037459165364,0.30865551507254185,5.972451044713195,5.661164855436445,82.60187037966396,2181.4377440814947,5.972451044713195,90095.41888896309,20.56973033994591
26.80960839426254,-102.7674591444922,1589.367091114707,0.6472384502576531,32.75141128417582,15.60761797623239,502.024595142506,0.1937640831550415,6.2139030130862825,6.0320849628725615,82.69558344764522,2269.628075529765,6.2139030130862825,93844.10895754505,21.425595652407544
27.43180036926806,-92.10555696428956,1355.7474961050918,6.036999334923551,31.126466175916754,24.620378209647505,352.9302042880094,0.14545755728413004,6.156942350386282,6.046823815748962,84.9826504074338,2248.8231934785895,6.156942350386282,95555.4776397599,21.816319095835595
42.27625516121933,-88.3052302706447,240.44343021878475,5.132479902145003,55.581165928691945,18.911735188255484,702.6238831568354,0.3643638815105762,4.533930454921982,3.6767085594371993,81.8952923878665,1656.0180986602538,4.533930454921982,67810.04319469012,15.481745021618751
38.837233519590264,-119.7633859188753,1505.2753930292895,3.1784605429575703,37.70244177121165,10.752664542948862,576.718773778262,0.2252835819460022,5.343778171181797,5.002219408057382,83.69822074477362,1951.8149770241514,5.343778171181797,81681.72039996134,18.64879461186332
26.426944226946965,-94.59716420839129,187.80362872777727,1.4394977239899767,47.82467175980848,24.165522266990056,908.0051846704656,0.3194136579661602,5.114313902672535,4.425043997503469,85.99125036818313,1868.0031529511434,5.114313902672535,80315.96340698862,18.336977946801056
26.01856334675994,-85.69667526247909,1331.7066965322783,1.0657530017340973,53.56484945499196,26.214532820379617,850.2392236513775,0.33340460142615824,5.248895616124004,4.330580614970258,83.9530845404594,1917.1591237892926,5.248895616124004,80475.71099849777,18.373449999657026
40.82325915501888,-114.96464958394274,1640.0995310267467,0.45493878908273555,41.9873443217852,10.488376212103383,714.3751126468469,0.3661958886264751,5.189836289176173,4.702451444280055,83.88809191632186,1895.5877046215974,5.189836289176173,79508.61780037306,18.1526524658386
25.746312152740643,-81.84588725901992,503.5852648328934,2.4949898011560077,17.5351161336517,21.139126714492694,226.29149884498185,0.09783137437149926,6.442087707888359,6.939765956759084,83.94613439454236,2352.972535306223,6.442087707888359,98761.47433774163,22.54828181226978
43.724641422968546,-92.47626985223798,1859.4873162169642,3.080369502348237,10.6484139986473,6.2864901780737625,89.05737352249938,0.13364015192052106,6.642168389466231,7.475502155341124,82.45565311165923,2426.052004252541,6.642168389466231,100020.85124674658,22.83581078692844
40.94981345175591,-72.58002357232989,115.26068189595917,1.5583918290797736,37.678051426531496,16.799774613271737,449.41222481354157,0.22415183998541677,5.383920018372267,5.040714714746782,82.7142979343482,1966.4767867104706,5.383920018372267,81327.87340847477,18.568007627505658
25.952370735405594,-121.70919589682785,1864.197656865358,2.257644160879991,31.91738651315118,14.622453995033801,398.01603871444775,0.13359956931134573,6.262973625622987,6.11628410123282,83.70722749062813,2287.551116758796,6.262973625622987,95742.28086348448,21.858968233672257
26.036105138044604,-109.67238857200479,1039.707458881945,1.5812775128448127,36.57304572056219,15.966624000073228,306.7443967708182,0.1303639805444282,5.93265820990603,5.600362192199703,84.40690954516393,2166.9034111681776,5.93265820990603,91450.81010978977,20.87918039036296
47.67934988402821,-91.5160905178095,517.8140708530357,3.585574171885364,34.71102729352545,9.458421810134213,413.4624478201961,0.1296151140179877,4.957355277060788,4.74430207219263,85.42222501770316,1810.6740149464529,4.957355277060788,77335.90156923195,17.656598531788116
32.98249909814689,-107.98576474087974,337.6230117370312,8.103399930702489,81.50432588299822,18.152478849703265,1085.0252467559906,0.41867220128255755,3.9446598600205256,2.4830439329237652,84.13884092575715,1440.787013872497,3.9446598600205256,60613.07468405734,13.83860152604049
32.89541152960538,-85.42109514015291,2099.610410302101,0.6266095154173001,11.055927398455914,15.065296833979463,137.2471661388987,0.281140531775829,7.128546604931313,8.002567069873166,86.02916126363137,2603.701647451162,7.128546604931313,111997.13445547935,25.570122021798937
43.507189614180064,-83.01371474381573,206.23101329948693,1.6810873117933305,5.0,15.865660458030042,83.17501097472918,0.08558748007449438,5.839452936577258,6.802962671112506,86.40779702281428,2132.8601850848436,5.839452936577258,92147.87497542663,21.038327619960416
46.73396585721261,-118.46413794041038,478.05085286224016,0.5314169165443149,40.98278300335298,13.750814343566962,610.0040489095027,0.29722325316262643,4.872047799764188,4.448766815399132,85.1929008187233,1779.5154588638695,4.872047799764188,75801.04199618725,17.30617397173225
47.664025531748905,-96.25185893283455,797.8180469810488,3.432377615356642,28.224394017412486,17.642450376827338,393.6489789994788,0.1328613921510463,5.0809573878204635,5.093300262287863,85.83747211208383,1855.8196859014242,5.0809573878204635,79649.43526680983,18.18480257233101
42.081076446214595,-96.51990999808298,1383.504925266409,4.568055616106529,40.68922165513912,17.326019572625057,511.50479453767196,0.29160620103808393,5.4672656080390025,5.003507254435677,82.51392971791786,1996.9187633362458,5.4672656080390025,82386.8072451592,18.809773343643656
33.03023005274198,-104.05883840836078,1221.3223333436115,9.404377683516246,45.50989440111202,15.901285036997114,440.8026572890162,0.23863855396007028,5.397327225427021,4.75737012597041,82.2762015979679,1971.3737690872194,5.397327225427021,81098.57282518294,18.51565589616049
26.00401720076805,-73.62205742123771,320.13350868647507,1.1442848339727307,58.11388451322016,22.174070673488366,756.0635223449028,0.40910753211159806,4.771811446656852,3.7850142406790748,84.77696006443524,1742.9041308914154,4.771811446656852,73879.05695036038,16.8673646005389
42.651525982258484,-79.31465872684606,672.9151650371614,10.49987868177449,7.869935233089109,11.984516228103724,50.0,0.11248904075325579,6.1459410913899575,7.036552201318609,81.98818528219942,2244.804983630182,6.1459410913899575,92023.74346013801,21.009987091355708
37.40170199365932,-86.3506933768796,563.3163078349518,0.22873329090675398,24.979077838571065,21.123755642511497,396.3137645678553,0.09117627083173027,5.73060975958078,5.874714280767632,83.5644422339761,2093.1052146868797,5.73060975958078,87454.58490116795,19.966800205746107
34.18132822192743,-85.42636167031013,509.117137154234,3.233488717264747,42.71770265985375,19.25398768027234,688.9765769073219,0.2315815992478888,5.31141803816721,4.785460610604377,85.15678785799462,1939.9954384405733,5.31141803816721,82601.88999838057,18.858878995064057
45.752505242273664,-99.06732823409158,933.9603234319721,0.20590411754191418,48.86834472237008,11.19559146252583,778.0139328191751,0.27398308123480775,4.82432053956163,4.138888733224399,86.12005938702781,1762.0830770748855,4.82432053956163,75875.3496212829,17.3231391829413
26.668739575347633,-74.26629586078491,1563.6676230720623,7.847658513162592,74.48209190519094,14.926070775183042,1118.4445602854553,0.4188215346189845,4.275806200837396,2.901670508067981,83.6186765245679,1561.7382148558588,4.275806200837396,65295.241302044094,14.90758933836623
35.82300250298062,-86.49184692832259,517.5238042670572,2.6411574182939295,52.20267148004961,16.21336421627788,717.4848271754457,0.31512462953612186,5.094474303056524,4.251752984825727,83.02508355703846,1860.7567391913954,5.094474303056524,77244.741875344,17.635785816288585
24.272487474418057,-84.63502267058591,838.35959136141,3.8734145695349604,33.977805274047014,24.165815445677804,423.49371728906857,0.14811554293232101,6.288672128262464,6.050679614869955,84.48069243226738,2296.937494847865,6.288672128262464,97023.43501919259,22.151469182464062
35.247855407859035,-77.46869119548336,890.4724677084988,6.234404242144844,18.97215644703209,12.424349664371892,190.89991489174264,0.1831715582430187,6.048931886710888,6.4553892894082265,82.38968483471416,2209.372371621152,6.048931886710888,91014.74669019585,20.779622532008187
25.351278616364098,-109.20013417552168,2149.3815382861317,0.57009552076059,24.842782651057654,19.82449170635725,197.04906545463209,0.17733777137684525,6.725057146262469,6.900584644511179,83.74008202755986,2456.327122672367,6.725057146262469,102846.51736955205,23.480940038710514
26.851629990433725,-80.41817119119804,2102.5326672899982,0.13774581349405135,24.331349186772083,13.26872459259516,439.8242586655949,0.18293702807337922,6.9149609454573095,7.120200828911077,83.98799992758558,2525.6894853282824,6.9149609454573095,106063.80415542772,24.21548040078258
26.820629922650518,-113.45700744034943,1770.295802916963,7.388440326081929,46.794205313247694,16.48069374321528,637.6477705924702,0.36345288188768543,5.820718323099868,5.078230769747815,83.95802401099381,2126.017367512227,5.820718323099868,89248.1085946907,20.376280501070934
39.581047250785524,-105.35153457877605,569.5666797612481,1.3238363855795985,39.62595402054495,11.992783505778053,430.12932692554193,0.2536272842476526,5.099793233245636,4.7051626746706186,84.13275521072681,1862.6994784429687,5.099793233245636,78357.0196254954,17.889730508103973
41.90507710237016,-105.87703546942849,196.28022529708983,0.4833118027337442,11.17430772484078,18.111850424478522,73.79117057674743,0.05,6.087958930539063,6.829349631104623,82.7482277166418,2223.6269993793926,6.087958930539063,92000.59665075943,21.004702431680233
38.00085036233183,-71.1596247069864,731.3438960993433,2.2119270344391437,27.153773556372208,15.929614085691721,293.45548414595567,0.05,6.160668454809034,6.221804372526451,82.90951051107237,2250.184153119,6.160668454809034,93280.83334743409,21.296993914939293
47.092141163389,-77.74698991761196,623.6082812827364,3.1922270194158933,50.79585596212557,13.490172674635401,715.4444319712707,0.2872034274066596,4.500381551989384,3.800252730761042,82.87932560845107,1643.7643618641225,4.500381551989384,68117.0408852522,15.55183581855073
32.99689390856889,-86.13682747412597,1137.7404703147467,0.110111156841895,41.32992238953306,23.34953098301782,685.3656985605314,0.25333793451296444,5.381803331915178,4.90115740013172,81.56985849120741,1965.7036669820186,5.381803331915178,80171.08497568539,18.303900679380224
30.857090070764656,-84.73893487276894,1722.115006645755,1.1250390019312664,45.235603088229865,16.214526618088087,598.4994882756598,0.25970006803881646,5.563016927386082,4.914095332960912,84.51274548276916,2031.8919327277665,5.563016927386082,85860.38287955681,19.602827141451325
44.846379076547045,-93.64806910226116,1895.3943185895448,0.11672447393213574,41.892590781030734,5.163521086022889,361.24291945606535,0.15497929745043135,5.207063301994457,4.721514357823713,85.341986177538,1901.8798710534754,5.207063301994457,81155.10283339173,18.528562290728708
29.366300124466864,-72.85710397613997,1866.4577836325932,1.9085695997567003,64.27575322295947,12.607596383640672,880.9425116055405,0.37021026278060326,4.763140954254103,3.5726878373122655,85.1944651242803,1739.7372335413113,4.763140954254103,74107.99153417358,16.919632770359264
47.11734094657467,-97.20202734435247,823.3024566295957,7.891618142328162,39.24877514883866,15.061209034548494,533.8634620740216,0.24862734626646726,4.9920626883412025,4.618948804124167,83.60625470930887,1823.3508969166242,4.9920626883412025,76221.76975602903,17.40223053790617
24.291707392555594,-103.45204366702569,1527.5538384404683,14.190056206316289,28.051589638327435,24.625735645121335,370.2302318430319,0.09363649924707937,6.276126260859639,6.298964284315812,82.78349214080416,2292.3551167789833,6.276126260859639,94884.5808969026,21.66314632349374
47.27709184098334,-115.19609180569408,722.5935246770731,3.547192091401424,18.51640925959591,14.24001313117633,196.48361298677256,0.10243618595630728,5.507931471772007,5.895607972990437,85.11647196354403,2011.7719700647258,5.507931471772007,85617.466243529,19.547366722266894
25.035837886813827,-81.54489477790287,180.94691795564285,0.617067239654919,39.492970247774814,28.583989339374643,574.6454915414316,0.21745481382474618,5.751441608819813,5.31173934421123,83.52478879781196,2100.7140476214367,5.751441608819813,87730.8485760886,20.029874104129817
45.3874347287537,-84.34002766791806,1558.365321046326,8.270008407044141,5.0,12.222778660176022,76.61411151490017,0.05,6.145138728888793,7.1590866191554445,84.32613096365445,2244.5119207266316,6.145138728888793,94635.50308833877,21.606279243912958
36.664826618071196,-103.24482791969672,71.12923802504386,2.5416388718120175,31.682797967011187,26.821439485172824,441.07614012549186,0.23165221731389776,5.571377933301014,5.450035629750734,85.88789108456577,2034.9457901381954,5.571377933301014,87388.60119319249,19.95173543223573
47.83115510686321,-122.63955564620161,929.7425630357504,0.5842887465767675,31.294882521415808,4.028906695828674,479.39249144411787,0.13852688277399763,4.895483169628974,4.802154808801019,83.96036171794941,1788.0752277069826,4.895483169628974,75063.7214485915,17.13783594716701
25.771117553649574,-78.69414430322742,758.1654289994628,8.916419190099955,10.439524634888944,25.281045713078488,103.17006257365986,0.05,6.657147202754005,7.502094477756178,83.50224673888127,2431.5230158059003,6.657147202754005,101518.8174085465,23.177812193732077
37.2925028256317,-123.38342889348003,1540.7617078155326,4.958190828023923,18.291214904192074,17.449509365002328,207.4184416886237,0.08049763900214998,6.214003788821921,6.661172795568665,83.40027400338809,2269.6648838672063,6.214003788821921,94645.33660519651,21.608524339085964
47.26326085485837,-86.00021190003125,1697.4277664348147,4.604842109297138,49.57383554266834,2.8894989585973647,832.0460265558968,0.3209723958197583,4.797502105225331,4.092188463610077,81.65868344027879,1752.2876439335523,4.797502105225331,71544.75100614096,16.334418037931727
36.55434826008357,-71.60611607479292,703.8034673382602,4.322686129769446,39.152811483349325,14.488853210245423,604.0749017384342,0.29668935053099543,5.517527226349522,5.108845748186855,84.99200994621343,2015.2768194241628,5.517527226349522,85641.21374043591,19.55278852521368
39.105567315246304,-100.36628827999701,1794.998081056435,0.7824894627473051,36.83219000673189,8.024373308344373,598.3452661885265,0.2132911096385291,5.572405975696265,5.250179760995067,83.84177194926333,2035.3212826230608,5.572405975696265,85322.4714105824,19.480016303785934
40.697968535630814,-111.31143613021855,681.9210350856076,0.8294910379834615,40.51425561077641,13.361148198028564,689.8100370842766,0.2596508288129983,5.0635931180338325,4.640277800389661,84.76489686203519,1849.4773863618573,5.0635931180338325,78385.37995181463,17.896205468450827
34.90898555442656,-85.93696545765738,1009.6016739711066,4.079920704734861,36.66729658308062,15.316079926910412,565.9365702256088,0.20031094761306706,5.6377787561630415,5.318279767341498,86.76281700313686,2059.198690688551,5.6377787561630415,89330.93958665487,20.395191686450882
39.06139392201752,-79.8750803311584,1613.089833080388,0.8683709085763777,57.37152613144966,13.32733482190994,896.0402337539124,0.42795286796940357,4.6091126632443125,3.679912402678358,83.41387234514308,1683.478400249985,4.6091126632443125,70212.72618712897,16.030302782449535
38.02354348615441,-94.49276293179625,1539.7784928332953,2.0210726687854055,37.22172527066568,16.653211571733518,363.1696375822935,0.1266984767053448,5.552205099346145,5.2160075492356155,80.49298692481267,2027.9429125361796,5.552205099346145,81617.5911715206,18.634153235506986
45.62779225178373,-71.78009513616811,2172.8422154712302,5.331440066792866,8.752163951262492,10.928550240415316,142.94568251727762,0.08256297059304349,6.256402319805895,7.1243833718310725,84.72160555426615,2285.1509473091032,6.256402319805895,96800.82859493975,22.10064579793145
25.090713128194988,-121.2098890304701,534.0962020642535,5.36289975142088,64.34233936773938,20.687405837319858,882.5209049669186,0.46650229879771976,4.732440237324803,3.5474543542772805,84.25028908483901,1728.5237966828843,4.732440237324803,72814.31478027825,16.624272780885445
30.74311655021353,-96.74103769155548,1473.983514110102,2.113248030190718,41.666124811919225,13.416867987041465,751.09415645685,0.30921497750615823,5.609434923232436,5.0952579984287345,82.90131918604303,2048.846105710647,5.609434923232436,84926.02248629979,19.389502850753377
46.809875617837406,-85.2034868445823,1360.8161027929214,5.4989577343911265,24.393432845688782,15.39476281807345,434.27261301997294,0.23654995609331325,5.471472436106284,5.631490955267169,84.59589950343225,1998.4553072878202,5.471472436106284,84530.56216871062,19.299215107011555
45.36633081338199,-77.41741455794434,2017.4616771535643,6.3840160190213995,12.438769070689666,10.084818489884858,111.09824791033736,0.12985864083396365,6.292821630551208,7.003461271203179,85.17914448015655,2298.4531005588287,6.292821630551208,97890.13436668213,22.34934574581784
34.93576206685711,-114.32019695697934,386.1786045364814,3.7224637689027453,42.12645597724482,20.67947341470788,627.049799534348,0.31263032780799904,5.221125064176233,4.7257176108375125,82.58008513468268,1907.0159296903691,5.221125064176233,78740.76891351336,17.977344500802136
38.88318234723688,-80.7998119847612,1666.3660517119058,0.9076287616130171,32.89090391046124,14.06408438740374,477.2407880913813,0.19801026257252188,5.868897370859549,5.6914434686343585,83.54800220789492,2143.6147647064504,5.868897370859549,89547.36554728534,20.44460400622953
30.657148391547185,-94.15381791119856,1271.777524977852,1.1207752175037768,63.334642148583356,17.726180471508744,932.1181333953898,0.42048794353134306,4.481087953594191,3.3906488304725184,86.2151305947734,1636.7173750502782,4.481087953594191,70554.90111834722,16.10842491286466
28.514907833370273,-102.58610117254199,640.5316200439967,1.3233660219078853,28.7736689479971,24.06397210695385,300.94711833449423,0.061025702982605345,6.0193644512539635,6.01084294152069,82.91756671315595,2198.5728658205103,6.0193644512539635,91150.15613770332,20.81053793098249
35.12876171855957,-116.88738845672894,1070.0350654164245,0.43472889052952113,19.927145785715595,15.497615113543107,314.98168752384083,0.09224021189410274,6.083257174641796,6.451354941572543,84.10000463312068,2221.909683037916,6.083257174641796,93431.3073189322,21.331348702952557
32.48045347262527,-77.27402901891872,767.6196837000653,1.1166693506476273,51.12433192824671,20.620917256575225,692.9255120666305,0.25848520427950006,5.164241286730922,4.348960844174393,80.06338325093417,1886.2391299784692,5.164241286730922,75509.34318318742,17.23957606922087
38.00774668442093,-115.50724675829537,1295.523815995191,0.8228987963324282,51.65507406890296,8.376710710556642,751.4160133702014,0.4251206115796314,5.040367898310279,4.225917438120168,81.77723174837806,1840.9943748578296,5.040367898310279,75275.71182010457,17.18623557536634
25.865631287159637,-107.27145560270864,1961.3513132515316,2.1265050694356793,38.03572461698352,13.80257217521878,460.06162812555226,0.15106311933955008,6.160922807443184,5.752761225899007,84.23627624599919,2250.2770554186227,6.160922807443184,94777.47983513837,21.638694026287297
47.385475383987995,-108.33754127402841,1274.0057164862344,8.367569009127687,47.17442685814835,7.598462787612856,601.935658874417,0.20943268696791556,4.6365316971805965,4.032757958647789,85.8419817143784,1693.4932023952128,4.6365316971805965,72686.406256717,16.595069921624887
47.66905786751047,-76.94364215369387,1408.2031994021556,0.3862287714203797,34.32163182663972,8.010347829781855,597.8870476096263,0.19692355415822843,5.34866327123761,5.133371964564518,81.95695547699849,1953.599259819537,5.34866327123761,80055.52377846351,18.27751684439806
40.75588113647388,-87.67403831271952,1165.3078712966253,4.458730518014917,39.209571818166445,10.12726111298463,443.7792496203141,0.2128986087716689,5.029604635748305,4.655065053621473,84.11184609309073,1837.0630932070683,5.029604635748305,77259.38407956506,17.639128785288825
36.86631279225889,-80.9792045516659,160.0058388577732,4.06859832715706,55.96983588615062,18.475955545902305,685.8022623019037,0.2928820122592373,4.307679669563898,3.4815147343874853,83.43642313641942,1573.3799993082137,4.307679669563898,65638.5996883297,14.985981664002216
31.428662790871865,-110.47473346520505,550.6458972836026,0.35228917995507636,46.255730012387055,15.046216008097161,642.422094451861,0.3220138215396037,5.020906205616974,4.399367673688607,85.42963208248874,1833.8859916016,5.020906205616974,78334.10277187735,17.884498349743687
43.531080472966764,-90.25679862122206,1107.8037182789778,8.954442126566324,31.953060110012757,15.066797101349666,370.15380402158314,0.18779373497952737,5.392200384655303,5.26455934047349,82.17329504201612,1969.5011904953494,5.392200384655303,80920.20120608817,18.474931782211907
40.4335481412931,-93.12571691023757,717.0058600511153,2.9414817218940343,59.34252582667071,15.889819960516949,742.2924983471102,0.2402690486417592,4.538283548424706,3.5607477973416115,84.64511647255122,1657.608066062124,4.538283548424706,70154.21390883444,16.016943814802385
27.90280654427739,-79.02715965343336,440.79173518656756,1.582438333701466,5.0,16.41894794803827,80.5075971208295,0.05,6.492903957678041,7.564233110694918,83.01946396950561,2371.5331705419044,6.492903957678041,98441.70630214553,22.47527541144875
45.86225242785222,-75.07129873401193,1133.8856101246424,4.944788809779394,71.93731960559484,8.353238714656595,856.6158887879573,0.4251897244087733,4.089369110150318,2.8479951635454683,84.3345570372397,1493.6420674824035,4.089369110150318,62982.82106665771,14.37963951293555
43.740893830156054,-123.34353434022111,744.0410559128782,1.041429283699999,5.0,15.94279820711405,50.0,0.05,6.27116063729808,7.305902142452264,84.10339657846271,2290.541422773124,6.27116063729808,96321.15682944212,21.99113169621966
46.79519791900618,-87.6029243708252,604.9314328228417,4.138993666110399,23.712329154098672,11.745415986789853,537.3821664497457,0.28328882692162805,5.184593368095817,5.360940550393866,83.62233138878608,1893.6727276969973,5.184593368095817,79176.66418869239,18.076863970021094
41.41726820132064,-121.20086684753463,1047.5686474968188,0.14182425009753427,34.263484366488754,11.336620231369231,525.6362870277435,0.21153107219912726,5.400950700223608,5.185753111099313,84.71671776940407,1972.697243256673,5.400950700223608,83560.2178007285,19.077675296969975
38.721964702458955,-94.36163208582278,336.5611548766723,6.401109841357565,32.3633479268931,18.593939401477805,378.4305357495123,0.10929656848120403,5.5553718669107885,5.407913212148194,84.06547910145444,2029.0995743891656,5.5553718669107885,85288.61393279125,19.4722862860254
34.03783287097485,-108.46783263164137,2044.6533261121258,2.0808087512980213,53.115398720477984,13.834098718213552,785.4370899133115,0.31210241524721116,5.26263425348801,4.358472687327188,83.80079054688495,1922.1771610864957,5.26263425348801,80539.98283510767,18.388123934956088
46.385483600496315,-107.43406362580437,1915.559510526364,3.543773927360529,15.95894086501578,1.803324998988197,280.15821980888387,0.06833010180955014,6.227914698669702,6.777761181684616,83.46537519896589,2274.7458436891084,6.227914698669702,94931.2576628998,21.673803119383518
44.7855333480098,-104.94024081357274,1571.384259342151,0.8751734890678888,39.69380271469514,12.19010262155635,655.1546800147557,0.2447034785526937,4.972801119067478,4.585635636963215,84.116397584618,1816.3156087393963,4.972801119067478,76390.96294193526,17.440859119163303
25.085248082548546,-90.45020775132105,278.35972931518086,3.9561591802907468,24.59218223204443,22.118666589847745,331.574948302949,0.1482025137878244,6.188963268091435,6.361355134095385,84.3330653222191,2260.5188336703964,6.188963268091435,95318.24123101604,21.762155532195443
24.632807387934047,-105.96130185388645,1718.13609710984,5.178124165712424,40.3125376280735,18.252844316881284,662.0252970703178,0.3014241282977501,5.841255400981656,5.361175684147164,82.51628687987906,2133.51853520855,5.841255400981656,88025.01375740403,20.097035104430145
33.03512080507319,-84.43425126812485,1787.108255434391,2.243357695170161,33.83409932363822,14.05697379777907,269.8327380427178,0.05,6.183540210970404,5.9557466574767,83.47579314312394,2258.53806205694,6.183540210970404,94266.62803706856,21.522061195677754
43.45327993876399,-102.15552117901103,1700.693928085826,3.365670235508701,36.6728417482936,7.834289914167977,407.7889714285351,0.1690436710531014,5.468269888090672,5.158164892008448,82.41722108305324,1997.285576625118,5.468269888090672,82305.3634673529,18.79117887382486
47.694627103558666,-120.30892718326223,295.0266573063685,2.132918677213191,25.101353015641777,10.9676455323439,367.8060823926304,0.12392174755227506,5.679986930146082,5.817956816770501,83.94023186582882,2074.6152262358564,5.679986930146082,87071.84156130833,19.879415881577245
27.610005386484676,-81.67696850585821,1434.4021076956942,7.858124857499031,25.818848898270517,17.26074084523437,394.42723785656636,0.13192394199229535,6.320538159929854,6.4423226539669525,83.11150169271896,2308.5765629143793,6.320538159929854,95934.63245821488,21.90288412288011
38.25913716845125,-108.56905047199388,1843.7983108612068,2.4111310882917243,40.17090525249368,18.065717956191683,471.2144447680473,0.2029735829433402,5.371580210888739,4.9354275751120165,85.15617472197188,1961.969672027112,5.371580210888739,83536.91609517531,19.07235527287108
33.141380559144515,-100.63058850163982,1291.3098126222856,6.453825965702498,51.9868791036088,11.183129563419016,753.7583065768391,0.2865433674392224,5.067530797277778,4.236921180350074,85.00909046663503,1850.9156237057082,5.067530797277778,78672.32685085338,17.961718459098947
47.27794554755047,-86.98603030601731,1439.7758567403914,5.656774053228052,24.23097198443874,16.29529729631983,276.8495829134163,0.18446089262292387,5.804721462822144,5.981087453384776,82.61587715465343,2120.174514295788,5.804721462822144,87580.0386097439,19.99544260496436
44.21085415525701,-106.04736751396955,1035.4814807665584,1.849710582111494,19.362184197687625,11.888823541995425,243.37466934491022,0.16080920603959895,5.7457514400282745,6.116149643882235,83.99653898190228,2098.635713470327,5.7457514400282745,88139.06825766132,20.123074944671533
44.11988891306731,-120.94437456807735,1186.7207377507132,0.9151607494406382,46.04228298209307,12.353931968720701,747.069341815804,0.3703703071203537,4.903998705415298,4.304259373528513,84.95777486887253,1791.1855271529378,4.903998705415298,76087.56838212103,17.371590954822153
35.248635835079284,-103.80826346130806,123.91024545620921,1.8235498381882476,34.41492992496159,17.171719401394363,572.7027686383223,0.21388064382478586,5.422187955054859,5.200396016473545,83.73703751975395,1980.4541505837874,5.422187955054859,82918.68175679352,18.931205880546468
33.95566805610396,-72.99977653450762,1423.7704972425618,6.124825163941622,49.948966411747136,12.516019221830488,599.5794970281336,0.20169984868242286,5.173814467884624,4.399590565922685,82.90767371279169,1889.7357343948588,5.173814467884624,78336.79683530587,17.885113432718235
30.561769726336948,-89.34634254587786,225.11150771599227,0.9040319831667296,18.695650159319342,21.110007484416336,156.01395602846043,0.06910731148126428,6.125674482837939,6.549145109558474,82.3613947079328,2237.402604856557,6.125674482837939,92137.79952957395,21.036027289857067
25.35301191962225,-87.74012597197083,985.2813778314803,2.6013908835219928,5.0,17.481957863500934,50.0,0.05,7.202545655567415,8.390965688736038,85.28140134236753,2630.7298006959986,7.202545655567415,112176.16197824101,25.610995885443156
44.75333703012127,-89.85676370356745,679.2084599849268,5.7413858079900715,25.405926527125985,13.629284207037305,353.0083412624713,0.1166456507381948,5.442387852521558,5.56298308163287,85.35406972242745,1987.832163133499,5.442387852521558,84834.78252429022,19.36867180919868
43.50962421912186,-113.25442449619041,1222.6700929551832,1.526515340426158,21.205653033229712,10.679255069392163,231.0892936077419,0.05,5.814538613921183,6.114338717939517,83.68807860168891,2123.760228734712,5.814538613921183,88866.70647674572,20.28920239195108
47.993224158867136,-101.40997133847688,336.84512137489526,3.597328148117021,33.581808798554604,22.121948091378247,574.2095674597313,0.23717808797815113,5.108168332246135,4.929011272985113,85.14920637679,1865.7584833529006,5.108168332246135,79433.92707413144,18.135599788614485
47.919284089773726,-83.44925088838082,1537.033314242634,0.9865604060612264,23.53678614313299,4.087258845666808,364.2539901747174,0.13156902339350857,5.883982697994579,6.091348940565344,79.55218420517198,2149.12468044252,5.883982697994579,85483.78122922237,19.516845029502825
37.33036093446306,-118.5258635321294,1759.2748043962113,0.4050358615416053,48.338305124056085,12.815725624504914,717.344782724228,0.33331101132032936,5.053972102569046,4.354663404005706,85.99133197606386,1845.963310463344,5.053972102569046,79368.42192284361,18.12064427462183
42.45569796433225,-108.99595009115554,401.21206694778647,5.5361110774982984,29.813295276394708,17.88026070891885,290.7322509750287,0.15439374048233595,5.2835769251546845,5.237646437289346,83.76458279208423,1929.8264719127485,5.2835769251546845,80825.55464044561,18.453322977270687
46.67437751717827,-109.0787681428439,274.27313780654663,0.36475319228065206,37.70854097793022,11.343882233629694,644.6486454294011,0.3236435925333863,4.742429185935657,4.439104426073279,84.21266484119923,1732.1722601629986,4.742429185935657,72935.42099616457,16.651922601864054
44.39153737625787,-100.67097790989668,362.85828799282217,1.1081170084942764,37.83742205193699,18.9568267225312,247.70702650304878,0.05,5.002050764052518,4.677607975670338,83.51922341450104,1826.999041570182,5.002050764052518,76294.77056548966,17.4188973893812
29.936354441836745,-71.060087989122,1935.8242580817787,6.761217595673044,38.50919166341937,13.256211159238056,622.5342284728081,0.2794421772483517,5.8162050971633805,5.411604618713107,86.09356122280126,2124.368911738925,5.8162050971633805,91447.2424813054,20.878365863311735
34.81305924744224,-120.35486247907362,1185.6069127761657,1.4887801230327318,34.56567601181048,6.436530168437892,577.3506379324239,0.204189480493493,5.713859957227936,5.474107924264736,82.4089025640667,2086.9873493775035,5.713859957227936,85993.16856364526,19.633143507681567
27.09982596363588,-95.99014630344787,1054.6111414161305,12.647598028598638,44.190812427385644,23.171421057701462,575.4312552556029,0.1787423124826136,5.736815092171522,5.109576472924599,86.21169048991025,2095.3717124156483,5.736815092171522,90322.76876604556,20.62163670457661
46.89722465420934,-114.31430717134063,279.4304110700617,13.645895175790029,20.678207591135465,11.031333313846034,416.7859280006389,0.152230691486164,5.053790201314951,5.333024981244082,84.59440638141767,1845.8968710302856,5.053790201314951,78076.27502306164,17.825633566909048
38.54819122682112,-71.58346654787383,1446.5454145274678,1.0932316963911899,60.189522679769894,9.229487090736761,836.3435622213439,0.4019117332656242,4.690066138792648,3.652029470937811,84.93399632387724,1713.0466571940149,4.690066138792648,72747.94924237332,16.60912083159208
29.487427332083104,-117.88161074471694,1916.1991225744432,0.14644523440807405,30.742327099366367,17.90127041925998,436.6357497238734,0.16331564470642304,6.161432905885943,6.067801986508315,83.50619315500663,2250.4633688748404,6.161432905885943,93963.81438476467,21.45292565862207
40.12081642574056,-102.20554587247408,1830.5996190454239,4.2734806393499785,11.39211551782373,9.40398858351583,193.44249598995384,0.15887377299376973,6.571124375970038,7.36133619535278,82.03767120315544,2400.1031783230565,6.571124375970038,98449.43769845762,22.477040570424116
38.8350777709895,-84.15421081893126,1396.0176243087228,2.0987128835218973,38.385320425851916,17.21521548371711,856.0519771430324,0.38413224958561354,5.286021721850588,4.922886603221968,85.39576614830415,1930.7194339059272,5.286021721850588,82437.63263790838,18.821377314590954
32.59590523278817,-85.95406088651796,211.8492408010983,0.3716907565069357,19.67875131594527,27.113260822701108,409.9459092315342,0.15110627156411038,6.27049324466144,6.660823553263677,83.62180819770356,2290.2976576125907,6.27049324466144,95759.41572026491,21.862880301430344
26.725382212791096,-101.17265360772765,291.6536084284279,4.3027902013375705,46.97602162115975,21.935596120812672,727.7774227675284,0.36124301426512395,5.4397615117891345,4.738945333404648,86.04243518746321,1986.8728921809814,5.4397615117891345,85477.69102560484,19.5154545720559
40.11775669422719,-105.28769493055322,156.01432228612305,0.11084915850323072,74.7729003687628,22.33998785998727,955.5401565025599,0.4204115704817809,3.8735405317711264,2.620797616329943,83.70933551967646,1414.8106792294038,3.8735405317711264,59216.43092221774,13.519733087264324
36.48738482169104,-102.52893155814499,603.580315458809,7.146072423206801,20.8417023519587,15.54093204737346,306.142815475371,0.08093153702573597,6.096749552774831,6.426632986876204,83.37115293165162,2226.837774151007,6.096749552774831,92827.01631136115,21.193382719488845
42.53564140165534,-109.72908178943348,341.67215439481214,0.5224005126000835,40.98270199803173,26.08306426580974,492.4454185878055,0.29812572285727806,4.82101527428122,4.402170702940679,85.64890664863655,1760.8758289312157,4.82101527428122,75408.5447459851,17.216562727393857
36.483924026687845,-112.91202130983281,609.1032865427328,0.4766196273818817,5.0,15.764889737151943,152.2110847282813,0.07639522645777437,6.474875268401372,7.543229687687599,86.86784124674615,2364.948191783601,6.474875268401372,102718.97204031862,23.451820100529368
44.452356007644966,-97.91585633181994,877.8748197957676,0.6761549602253114,43.17029412994425,17.711415461420945,618.4308153927052,0.2586193160129017,5.018102964364995,4.50529269061612,84.01402076454859,1832.8621077343143,5.018102964364995,76993.05758887249,17.578323650427507
37.24576413058765,-109.4991771723492,2077.4129857529415,11.289449699419237,19.057151603605583,14.227501315997149,154.34795448908864,0.05,6.290464646716504,6.709409207052621,82.87086375471434,2297.5922122132033,6.290464646716504,95201.72559110654,21.73555378792387
37.46251131684927,-108.4770700955485,1362.308528530638,4.1351077098838065,23.752976868179317,15.594678553200373,340.65413449636077,0.2009161360872039,6.241658756671078,6.452184675541353,85.21579614418432,2279.7658608741112,6.241658756671078,97136.03142835957,22.177176125196247
45.03968646380028,-88.53517257237391,1845.193639218369,5.657117240871909,15.176843182883097,5.824000249531295,127.53405758873282,0.07900296203003733,6.085923690643331,6.656552662440789,83.61896915074398,2222.8836280074765,6.085923690643331,92937.61875802552,21.21863441964053
33.68358878909753,-71.69898408820582,1577.2557265315143,1.774120885000127,48.17872206898524,14.350516444482905,689.6237310995481,0.3188051303062404,5.3564725358237135,4.621291031973233,84.89889423810119,1956.4515937096114,5.3564725358237135,83050.28846815841,18.96125307492201
27.216365482815377,-91.40359116979374,291.88173063225827,1.4348047546259155,53.131478434518726,15.678874427793582,657.9329664467365,0.24876216884318517,5.358122980952209,4.43695260785892,83.61108603843186,1957.0544187927944,5.358122980952209,81815.7226957888,18.679388743330776
24.690784231520134,-119.84310877849182,1632.22887370399,0.9352181005723108,35.420933863853136,19.62568288082499,498.6418374300252,0.24947246085801394,6.057638376895516,5.767195594040536,86.34602102731772,2212.5524171610873,6.057638376895516,95522.54876811696,21.80880108861118
42.123294136166855,-119.91848485188038,641.4625953521175,2.2931070850206807,19.440319303957047,17.23566598607787,347.21145644890817,0.19026211986558517,5.796590311776262,6.167095408385433,82.95076574242395,2117.2046113762794,5.796590311776262,87811.87187352675,20.048372573864555
38.88742923248315,-72.62314607433945,1424.0818710386186,2.8090293994120668,63.61141464986952,13.914245166434975,885.2546059056627,0.33541717385497005,4.629054901903821,3.49364076667048,84.72079449378293,1690.7623029203705,4.629054901903821,71621.36280177593,16.351909315473957
40.89791443438136,-107.94629732340398,783.0682433324254,3.4967124150335356,21.49261770041619,3.7873726026960295,261.8078210885878,0.05,5.94775333636555,6.242474483194503,83.2669470446518,2172.416906107517,5.94775333636555,90445.26173988047,20.649603136959012
29.11113987621386,-119.02838275154633,2194.995366019017,1.040265593243116,5.0,8.862464445249431,90.32762210574626,0.0667051621776738,7.342700191607399,8.5,83.57774015786885,2681.9212449846027,7.342700191607399,112074.4584685956,25.587775906072057
27.272915414082476,-91.65159229387939,616.6356809180724,10.3920943632561,43.25100217922723,19.651645727677874,675.2322925884665,0.2026794410982407,5.425020396871502,4.867561493193711,83.38191651785914,1981.4886999573162,5.425020396871502,82610.16268046109,18.86076773526509
24.349071976029165,-90.32296597232563,650.1305121646798,0.6511352907443866,15.1140558744527,24.95890078271966,100.87845525416174,0.05,6.729208321521249,7.363110571889369,85.10791209914011,2457.843339435636,6.729208321521249,104590.95744307256,23.879214028098758
32.41410141135833,-88.98073971359085,2050.945349459156,11.799359910253049,52.79495828298515,14.316283240164907,765.1950314323124,0.29646900785743147,5.462188288516913,4.535993926437872,85.3775446724008,1995.0642723808023,5.462188288516913,85166.84451975138,19.444485050171547
38.158024484511195,-109.56029049569277,102.98546996809374,0.052386529848502617,28.13952145987846,19.633066464244774,525.7073823400384,0.27997800318112875,5.466795131038734,5.483323164900115,84.83660824339854,1996.7469216118975,5.466795131038734,84698.6181750003,19.33758405821925
33.41385708239358,-123.18402305241835,1547.8813239273734,2.2963276206898318,45.86683832979553,17.765339839701852,699.5014329448089,0.27181673585531,5.3878429454448415,4.735548285258474,83.83802479988209,1967.9096358237284,5.3878429454448415,82492.82842605835,18.833979092707384
34.499398128569496,-71.88917004945853,1609.451740082138,1.4193090331786007,60.227006237938845,10.32304264052144,848.9535019978666,0.40909427443263463,4.7200065558581,3.674104817050274,84.21027004650239,1723.982394527171,4.7200065558581,72588.51149927445,16.572719520382297
45.699808667849965,-110.45177553268047,1848.2139414323585,2.086855668245139,13.240540436827004,10.634956415081707,249.34131678546754,0.07818174310912683,6.2815673053509125,6.95568134502905,85.34658235268914,2294.342458279421,6.2815673053509125,97907.14378040792,22.35322917360911
32.35813120855921,-87.49458044516243,2145.044517872722,2.959308794313846,24.8131316439367,14.612586786144309,392.6334886253821,0.2135968371802231,6.432659485026502,6.6018903956737365,85.3939673808114,2349.52887690593,6.432659485026502,100317.79613738973,22.903606424061582
36.335747739835455,-85.84198702654967,2147.5441261868027,2.0019049730057112,33.637920692172855,12.421411817491673,546.2910006064014,0.3306383274445089,5.735794440625915,5.532371939248434,79.96458655296969,2094.9989194386153,5.735794440625915,83762.86121091357,19.12394091573369
42.807672305787435,-91.05959947770776,190.34502876789736,1.8755858507966843,62.67592374261818,17.056660594213543,675.0697712983601,0.22787671445600471,3.9889821425690455,3.036686587034592,83.59166674234095,1456.9757275733439,3.9889821425690455,60895.51473549535,13.903085556049167
33.517026775710484,-107.103000712463,1816.9545439187405,4.618149407986934,23.149111077071982,21.155540530661625,168.74194171268124,0.08491092846682925,6.040602252621171,6.269880695517034,83.66361181284077,2206.3299727698827,6.040602252621171,92294.7671864275,21.071864654435505
38.93008080546896,-109.36080229674045,1439.56635736337,4.052889198034696,24.29893347291787,15.25641460468163,440.6679835691739,0.32105078061599235,5.835304991077538,6.009824174886394,85.00387884618924,2131.345147991071,5.835304991077538,90586.30236962314,20.681804193977886
44.69672900992188,-91.72591273405403,1441.785588902146,6.269855307563709,43.606530360004555,6.804200548010186,459.9635074239197,0.1949809027717793,5.128132688839664,4.588418710105467,83.89984377343389,1873.0504645986873,5.128132688839664,78574.32067979382,17.939342620957493
46.78849496778341,-77.23083578496866,325.9523422215938,1.0066958379332533,24.609882937209726,16.308637456333436,384.69222469285666,0.16337784046683937,5.515482463883511,5.668431312211369,85.07877507142393,2014.5299699334523,5.515482463883511,85696.87109330531,19.56549568340304
27.529763542296912,-72.87637863813663,1447.9024078581547,3.2914011224524633,37.7454658921571,21.382027874972493,493.2315568869702,0.24493809607045522,6.011340624145498,5.625302781510841,82.38200884345417,2195.642162969143,6.011340624145498,90440.70604339239,20.64856302360557
46.238103003875864,-118.28108656219709,2162.3375482926826,3.0798118096510256,7.072326422573717,4.028731511095207,50.0,0.05,6.5493951920658064,7.5350380057978965,84.39008177319117,2392.166593902036,6.5493951920658064,100937.56723724451,23.04510667516998
35.81079103390891,-115.63925491972313,2010.409924509811,1.6156678053413043,74.85793896601874,16.19018339991633,1082.9761212390097,0.3658787507877264,4.221270076799692,2.853555047782562,85.35030848017574,1541.8188955510873,4.221270076799692,65797.35917792458,15.02222812281383
30.197865319175,-72.9842420257137,994.1309207304287,2.3297538915726603,10.741233854430739,20.968440825583148,170.48062433368742,0.12764796221431668,6.877586126980309,7.735987025769182,81.78842569602277,2512.038332879558,6.877586126980309,102727.8302671403,23.45384252674436
35.01925814971827,-84.22709766992119,135.88814256510284,1.3179604421079283,29.20845132817625,12.191979769139877,619.9525838041052,0.15816615589178418,5.654352242255097,5.629138584884211,87.77046520231335,2065.2521564836743,5.654352242255097,90634.07126732646,20.692710335006044
47.520781806851446,-76.31833345919225,828.9310035004404,0.535394444123709,34.4153413548423,13.669681078766352,419.33365851420325,0.15388277515733426,5.348367293137624,5.129579549174312,85.78632889929978,1953.4911538185172,5.348367293137624,83791.41731167395,19.130460573441542
35.822834255828866,-113.05783775669147,1826.7391699411937,0.8419096206048777,69.42838641842232,11.12191211752018,1116.0084218648299,0.5253747965681782,4.40629147540371,3.1460978198987486,84.00202995369847,1609.397961391205,4.40629147540371,67596.3478801026,15.432956137009727
31.890038646900198,-92.2703629600923,1558.2230681501069,0.3902697121687966,11.152775943210678,18.00708652631132,191.3811546433809,0.061915026335936096,7.025328156781723,7.8819304121172555,82.75738783914186,2566.001109264524,7.025328156781723,106177.77449753621,24.24150102683475
39.20162050360142,-86.13846190145642,1037.5888595270062,4.021755532512081,70.70667443861753,18.948185836751588,923.7912539863742,0.3502281978711024,4.253146525827921,2.998694903803341,83.73737227458943,1553.4617685586481,4.253146525827921,65041.403214068814,14.849635437002012
29.763494850676633,-87.27395818586348,168.46830059148687,3.7833297062283306,48.629182779836405,24.544734002805352,760.7332046694341,0.3609353638705922,5.208835584659679,4.477492777575894,84.125703539417,1902.5271972969479,5.208835584659679,80025.71948774048,18.270712211812896
25.820719874607935,-101.9598086931983,967.8236648201006,10.527768448597625,42.50771583961843,28.20256666810471,651.6818722000531,0.22897837407496943,5.367126410762422,4.843541702506905,83.37996716797619,1960.3429215309748,5.367126410762422,81726.6642176136,18.659055757446026
27.093113325855583,-123.16867584866934,1058.4036203934495,4.578500388587666,17.276593633676804,19.801253363143758,245.45664035728015,0.05,6.801495387235709,7.339247761336662,86.25099127419004,2484.246190187843,6.801495387235709,107134.34823641575,24.459896857629168
27.07310013498654,-92.52199293256979,2046.3943957223923,0.18707195855056474,45.28054235668533,18.084404252859592,660.557128637657,0.28895783630702127,5.732479183201885,5.061986654595733,83.28585229583572,2093.7880216644885,5.732479183201885,87191.45995556934,19.906726017253273
27.645664644295064,-110.33251688430113,1428.3351227016428,7.546983125383235,21.9772407964436,21.637545591108395,247.98266804565725,0.09417994676506099,6.478286123210637,6.77731936930635,84.84406475635883,2366.194006502685,6.478286123210637,100378.75875691099,22.917524830344973
27.33185214358584,-99.68627070828393,720.0537708074951,6.948921302134562,57.79990255757142,21.711013805777963,726.6199232805492,0.24057464565745337,4.721489651541426,3.755476089349977,82.06135625609983,1724.524095225506,4.721489651541426,70758.39307526425,16.154884263758962
39.38099387527715,-72.29062518547386,1179.434268569051,2.0501785032933033,17.520883476060803,17.496478645191157,321.23658604710954,0.16569620451937248,6.124568568688223,6.598327316793951,83.3795989285121,2236.998669713373,6.124568568688223,93260.02594215807,21.292243365789513
28.365122025579474,-102.45209284730852,192.01891181764415,3.0854549741099793,32.96314709979049,21.896908580752342,439.09011696573947,0.20617859568125313,5.766737682023547,5.589456460939127,84.56507527180403,2106.3009383591007,5.766737682023547,89059.74869870441,20.33327595860831
32.29601479977272,-78.65071324012095,2141.021706646934,13.065397238747643,25.005084415762912,11.071411130782733,342.0628819957715,0.12453845000128984,6.207703702872563,6.362675357618469,85.0368937365132,2267.3637774742037,6.207703702872563,96404.78630354651,22.010225183458108
45.522921837744285,-113.81880728954044,824.1287891510609,2.659781406578703,17.224586676314097,8.144086465914516,269.1263730628251,0.0975693884699298,5.538740045051442,5.9786704981768075,82.87015128500308,2023.0248014550393,5.538740045051442,83824.18567494619,19.13794193491922
35.37507936630894,-87.68713310664845,1077.414813063242,8.250451319722064,48.343756704342454,17.659776685324953,703.3414283391751,0.3165785655751141,5.174994419088246,4.45874260490677,83.33881245598212,1890.1667115719818,5.174994419088246,78762.12454311892,17.982220215323956
40.021385724504654,-71.24162446029706,813.8605446093836,0.30341525723937923,44.6382574533734,17.222080404343362,482.0029572498211,0.2603526365083621,5.138061945643486,4.560195411185081,86.19083495337532,1876.6771256462832,5.138061945643486,80876.1841986768,18.464882237140824
28.135676908839116,-118.49777255286142,1517.4002197498303,0.7420716750150036,56.76218358021795,22.468996926590165,923.2957787685373,0.3705669139814243,5.150498563592761,4.134123461337205,85.74286292944207,1881.2196003522558,5.150498563592761,80650.57716659163,18.413373782326854
28.6149364514081,-123.55072311973163,1473.7991404086251,2.034086313221362,5.0,20.918842912246767,82.11821519006783,0.06695034764626882,7.378409601437554,8.5,84.31268582557855,2694.964106925067,7.378409601437554,113609.83102919202,25.938317586573522
24.980846790395493,-100.58652919783883,1587.9429676376417,3.0761182423238513,54.15507264213879,17.67972187954409,737.9056907077281,0.33572071531578335,5.342281824863348,4.38555656773425,80.64503227016893,1951.268436531338,5.342281824863348,78680.05301591591,17.963482423725093
28.05444151373195,-118.99822391522618,626.5079436656298,5.929205149254943,80.09808029642409,17.530242851155368,1164.4577246669119,0.5291560832466621,4.010792948594696,2.5641538287715484,87.766698821535,1464.9421244742125,4.010792948594696,64286.567114853926,14.677298428048841
30.68616813676701,-83.5872451174835,728.6872345027418,15.557267762163448,26.870460394814955,22.27918977602103,399.8406648888957,0.16856573697421312,5.8974934612246335,5.967713602119943,83.97010265751413,2154.0594867122973,5.8974934612246335,90438.2981148119,20.648013268221895
28.248251622641924,-74.61437215217782,319.2901468568471,1.7234535478365407,69.11267501796146,28.134848725185464,1044.2837192004308,0.38950194063019494,4.1557545382405525,2.976398255897798,82.27720992289382,1517.8893450923617,4.1557545382405525,62443.850142944044,14.256586790626494
26.128860810169336,-100.56286747372702,1459.346439469142,0.1700181172267224,30.263097102923123,21.96602033329386,477.4817266560178,0.17582576178000894,6.555277721270758,6.477652222016791,83.21646011121882,2394.3151876941442,6.555277721270758,99623.2171552176,22.745026747766577
26.89526090641442,-110.02957132360619,135.56382377165298,5.6535942800662085,10.296624723896475,29.557223572684393,215.93736903417732,0.10711657705332295,6.8626570879638,7.7405530730517,82.74166112672489,2506.585501378778,6.8626570879638,103699.52407012235,23.675690426968572
35.05869043278542,-100.54222077364307,1335.017021375437,3.245560297019975,29.498616036677678,14.700946073576407,548.0800150862391,0.3192898918716793,5.691573216174081,5.654633128768992,84.57987388375639,2078.8471172075833,5.691573216174081,87914.31349851396,20.071761072720083
28.95200924173902,-84.93381783609995,1919.8461524310128,0.7746332358976763,53.86767141815497,13.505889206359797,842.5098547512669,0.3268447916532139,5.319880458031167,4.377869542157794,85.42594180968976,1943.0863372958838,5.319880458031167,82994.9901905207,18.948627897379154
32.74247666515381,-123.51107527465997,1965.289118822712,2.390000261354094,19.912823318032434,10.49183449764003,262.73090441959783,0.14971058235120238,6.529096336320397,6.92482641118355,82.61090675347647,2384.752436841025,6.529096336320397,98503.28059499986,22.48933346917805
36.082014500516564,-92.16948456782634,1015.4311847954176,4.745996219002378,24.19390413788323,16.462351684336074,226.42454232268193,0.07794073676727949,5.937011033042402,6.118936909058001,83.53125768278811,2168.4932798187374,5.937011033042402,90568.48546996665,20.677736408668185
40.569475887104765,-90.88224901608153,1037.5029296581088,5.150137836415322,45.683709781277436,14.241858018637034,806.3517302383356,0.34150332539361333,4.9373446495483675,4.345920039037267,87.0458185848363,1803.3651332475413,4.9373446495483675,78487.69711544231,17.919565551470846
24.943491356186374,-89.56483466761948,215.48374346723733,2.423345034698672,35.05508210129431,26.52472068653641,466.99881208340906,0.2703526758312667,5.882806668075767,5.615812106542856,83.72699767526042,2148.695135514674,5.882806668075767,89951.89630804022,20.536962627406442
43.18584957381702,-110.93080768103263,1492.144804702527,1.2745325512924415,45.523213144761336,10.588453840127674,590.0142426906065,0.28405389685877436,5.130710689508254,4.521887773291777,83.74121344000987,1873.9920793428896,5.130710689508254,78465.18535057043,17.91442587912567
39.069609347781785,-85.44115293758117,1815.7077538016179,12.739323592994204,39.28093173365004,10.805626105583022,376.26036249465665,0.09471018740239244,5.536443419040277,5.121395510914573,82.58757335162444,2022.1859588044613,5.536443419040277,83503.71560169422,19.06477525152836
25.962216766772926,-119.06485973808407,576.008367400133,3.8106212369174974,43.63325575192832,20.33018440606294,644.7128910582076,0.2400066200836736,5.51021573611513,4.929258316102676,84.75890145873113,2012.6062976160513,5.51021573611513,85293.14942743028,19.473321787084537
44.96588697856265,-113.23940183079276,955.796895511734,1.8362747890145412,27.21857865542826,16.7528424362941,395.9487615713727,0.22778971787680655,5.443880585893071,5.495433859646458,85.54652732556366,1988.3773839974442,5.443880585893071,85049.39010683507,19.417668974163256
46.100937612763516,-76.61661748065798,1853.5045740453313,1.1520167434029434,39.171156956547065,8.293127453004606,396.88470376671086,0.17246252870088763,5.351689371800072,4.954604195601829,85.31188146871472,1954.7045430499763,5.351689371800072,83379.76114151887,19.036475146465495
25.46587103651673,-84.10894986076542,1935.8090054739193,4.596993831938715,18.307285897473196,16.163537269056746,301.62940677794234,0.06823691351001612,7.000374968390897,7.5033449005181465,83.61179870458663,2556.886957204775,7.000374968390897,106892.95878809431,24.404785111437057
30.64506355553289,-123.25774008338736,572.8369575680857,0.9705987735018392,58.191805205060994,18.35581959917295,764.86608080071,0.27774657808494313,4.795636011171989,3.801296197230914,84.5418784250453,1751.606053080569,4.795636011171989,74042.03299405545,16.904573742935032
43.34883071503347,-110.58768194003079,1233.726864263933,0.6593717587068402,23.58305509728835,6.9967394153509295,599.1942720909062,0.2848389561734362,5.734143603249713,5.934371952181245,86.50748915497292,2094.3959510869577,5.734143603249713,90590.46751243708,20.68275513982582
41.9582325692078,-112.42204991836911,463.8602738670282,2.641342266425201,55.31925477588901,22.031350744718726,717.5334476533593,0.3486927839164479,4.5282520513522995,3.68040575919536,85.6063234382572,1653.9440617564273,4.5282520513522995,70794.03514975279,16.16302172368785
28.428504464553058,-109.37645828600348,269.03934290004656,1.1986539329281647,30.795074702308423,26.080531108978118,387.6117126125386,0.16239764532933312,5.791910985441401,5.70175686226916,82.39154344311876,2115.4954874324717,5.791910985441401,87149.4691782571,19.89713908179386
29.024383760081047,-110.63177240488614,2008.9090779927087,3.4695415124769267,38.63598219363178,8.398810547720116,453.4261282854082,0.3126932434990585,6.068433639076923,5.640901108734022,80.18099240306779,2216.495386672846,6.068433639076923,88860.39988012514,20.287762529708935
32.89133046699317,-120.62358002988633,1814.0911340990347,0.4392279351997857,26.090638083967388,17.18101482219653,493.05658527974066,0.24664786203934055,6.08774541068609,6.193462357020499,84.44515876062636,2223.5490112530947,6.08774541068609,93883.97463365067,21.434697404943073
35.62855164458451,-99.2172121037717,1684.0750388768238,3.7241405779243473,16.712082238975476,17.236701246485286,196.69157189918133,0.06978076814301387,6.403058617467485,6.934611245588301,85.19785219012265,2338.717160029999,6.403058617467485,99626.83945736963,22.745853757390325
38.8381145167271,-84.43239236154707,154.8475854482519,1.1658258204773284,5.0,20.24611502943526,50.0,0.05,6.41156735244857,7.469475965602584,82.3661632621901,2341.8249754818403,6.41156735244857,96443.56913100579,22.019079710275292
32.853927349674535,-91.23648686525843,1864.0169043270535,0.0008503738175185294,16.00416514533573,20.288091754018225,294.7538130267545,0.07406987352919561,6.49932607553823,7.0710772757217715,83.98681571681583,2373.8788490903385,6.49932607553823,99687.26271629856,22.75964902198597
35.10083318719555,-87.6649298957037,991.7947631965751,0.4751126851285316,29.169640642113407,18.11252981827066,270.3396754482692,0.1294125974607973,5.589011783414338,5.56560788323007,83.60445140119039,2041.386553892087,5.589011783414338,85334.50146795725,19.482762892227683
41.93930251521016,-119.61794435904308,786.1495150860982,9.49301445128322,38.813825218919916,9.529272180928178,605.9046076897736,0.228021400958402,5.146803361509753,4.77779415104318,84.15642948334829,1879.8699277914372,5.146803361509753,79101.57050802358,18.05971929406931
24.88039686937435,-72.61950165045349,1224.9241762045594,7.070266600633955,53.18682763909874,22.13987653195203,922.7555586074681,0.46816867045228294,5.06792096495526,4.194678685984759,83.18295556932043,1851.0581324499085,5.06792096495526,76988.243193905,17.577224473494294
30.0584866642565,-78.72144097247666,246.40947185564502,0.9312199309381386,26.97636572365672,24.221222848657266,434.329903414703,0.2542863832353526,5.739827010953935,5.803914704678605,85.93576649644199,2096.4718157509246,5.739827010953935,90080.95621237162,20.566428358988954
41.12039006122926,-80.5251228012342,1676.7900811076574,5.2736409166121865,19.124706243190865,8.698686671795926,331.5357190306646,0.16979321030430494,6.234169219320254,6.646416478255408,84.22195332094914,2277.030307356723,6.234169219320254,95887.9701282922,21.892230622897763
45.48496410449278,-79.55887452774456,1302.235415309836,3.2828342721050636,9.031133851951175,13.314824423938765,213.44189561806485,0.05,6.153858761897807,6.995596258984456,82.68147467075288,2247.696912783174,6.153858761897807,92921.44768090571,21.214942392900845
36.28025861077599,-73.63363256083089,451.16870827731015,12.380126581923083,43.64114512227387,12.747379019000807,781.946834579386,0.2922002374471239,5.297129852397922,4.738346134537318,85.37619323039057,1934.776678588341,5.297129852397922,82591.93378440573,18.856605886850623
36.77072364636757,-94.61028582986032,454.699229503448,1.637213092768464,59.89750127592818,23.14194552138851,959.554413864905,0.4625982153974322,4.307203597368076,3.362709186058434,82.10371860601245,1573.20611393869,4.307203597368076,64583.03604404027,14.744985398182711
26.572128272154625,-113.1847710351482,446.1346008812496,4.004032011173927,57.793944823213195,20.29938245870236,853.082199752287,0.3272976065736978,4.900135379379579,3.897775379060527,85.9267415663027,1789.7744473183911,4.900135379379579,76894.74319834982,17.555877442545622
34.73789680376291,-90.69368517596277,172.55513323665807,0.22975365851180585,47.778789466650274,17.56538627165527,759.292192596704,0.37247883361126954,5.007086493388843,4.333876072204075,85.48658913633385,1828.8383417102748,5.007086493388843,78170.57595728019,17.847163460566254
36.78281439492056,-83.8843993419313,1313.7666661491223,1.7660673783130783,46.49377971081678,14.42360110231023,562.3194234049238,0.25802995590378963,4.997105854665832,4.3701866540097365,86.08466294298117,1825.192913416695,4.997105854665832,78560.55837869701,17.936200543081508
29.819292087233514,-84.15246075888263,1856.7485818152925,11.6171445506487,65.55722803476814,17.029467363842997,995.4305515614861,0.41734862405794526,4.927337753745417,3.6516470714082265,83.76263044133758,1799.7101145555134,4.927337753745417,75374.22661352539,17.208727537334564
30.461837542785144,-95.84175269498847,87.62116007288549,2.710105124135641,40.97746630550259,24.509763559755974,473.12893115866143,0.1619954140026702,5.421979302176717,4.951122343463508,83.25582903032493,1980.3779401200459,5.421979302176717,82439.00359903081,18.821690319413424
33.054819914510944,-120.30322915598678,155.3599866882381,1.188278507499457,46.63033416843509,19.377894441939368,616.1224364949287,0.2520054896966494,4.807379326870074,4.199667260839442,84.12603264139963,1755.8952991392946,4.807379326870074,73858.25262513624,16.862614754597317
24.481708746665433,-103.9599013247731,1281.4560948769335,0.44849466049801423,29.225890486664017,18.551593424848335,100.90624929897251,0.051526668284983444,6.339259400719204,6.310217773779221,83.8733448204667,2315.414496112689,6.339259400719204,97100.77921738334,22.16912767520168
31.72989997399628,-74.27860314297871,1811.9157235800126,4.2553127662934385,10.483219324614367,10.129797004291763,186.90803648134735,0.12950529344895081,6.987867202624174,7.872653231674287,83.02089557165473,2552.3184957584795,6.987867202624174,105947.88365098379,24.18901453218808
29.074752167917072,-92.439758873099,752.4886147225623,3.623312210835508,22.690719791007627,20.255198844305024,253.2828759632715,0.061247751619675384,6.18666465056518,6.4413384624898695,83.16956502881153,2259.679263618932,6.18666465056518,93968.27072990587,21.453943089019603
31.859936452269952,-94.93007506419147,801.6709574366026,1.6390745387893526,34.835137306376204,23.954758667339146,598.8064438097131,0.23636184279440806,5.472728797227058,5.2327717430287235,83.45044072910031,1998.914193187183,5.472728797227058,83405.13520056219,19.042268310630636
26.87429116366203,-109.48191022336155,1332.1449696180682,10.551585785610992,36.09413670502345,19.22879237768624,544.3371749308686,0.22904831281780946,6.016642023902552,5.699811930671569,82.2449944703402,2197.578499230407,6.016642023902552,90369.91575867168,20.632400858144216
45.37265473775748,-104.10375832450474,639.557711616916,0.07858551993508772,69.67314538739708,17.822173828962367,1087.8336248937217,0.4863979282566923,4.226569946566069,3.010534979239577,85.01694493439899,1543.7546729832566,4.226569946566069,65622.65301261932,14.982340870461034
38.24621888529717,-75.65131118572886,107.20798706702088,1.2670312635445267,36.462989016639234,26.074766917185933,402.1221917656955,0.12212769635956763,5.149715165482366,4.865240145954211,83.49164752676911,1880.9334641924343,5.149715165482366,78521.11690682976,17.927195640828714
40.29845565946775,-88.01099543355087,1630.7413139184316,8.887155854427233,56.219181992461586,9.359914307499485,890.9071516104254,0.3053828235266498,4.979610979969029,4.015885584421063,83.53743229614953,1818.8029104336877,4.979610979969029,75969.06249519694,17.34453481625501
42.94010972657612,-81.48110055537403,1395.1473128241241,1.3546367536347255,27.168609651626312,10.954921046698667,590.9461695591011,0.27992582823512796,5.555341038487445,5.609893001090653,82.33446875858748,2029.0883143075391,5.555341038487445,83531.95421138451,19.071222422690525
35.96261277429738,-99.46534715434663,1298.6253979696671,1.0174162996282283,29.389834056225787,24.00846870596783,487.87350678035045,0.12738317207781089,5.889649572464094,5.8559087218686265,82.25944053349879,2151.1945063425105,5.889649572464094,88478.02828523552,20.200463078820892
26.086086914098168,-89.96665014936747,1644.6208773324197,2.6741495880160766,11.077862529977931,23.815530149913506,234.12497628891992,0.16180105919182505,7.241637268846409,8.128411687521973,86.90387107608362,2645.008012446151,7.241637268846409,114930.71765441424,26.23988987543704
36.89055700364514,-110.58728512786679,1501.7463007583806,6.0765092394089,21.63809576822171,7.200899741318372,319.89310839459745,0.1254924902902702,6.166411134018838,6.465687598173707,83.05911380570764,2252.2816667003804,6.166411134018838,93536.25963848789,21.355310419746093
38.0841868325011,-85.90511516469175,492.6462745833905,0.3810206516506799,44.48566504454756,19.947477816701177,570.3324325671294,0.16026195945591495,4.969175395241905,4.415610969027916,84.91579259131399,1814.9913131121057,4.969175395241905,77060.7129496321,17.59377007982468
41.89054738042392,-100.90952798001979,807.8342509282049,10.027735914997688,35.1360832470944,15.112322393526995,568.0244027294724,0.21265582350043877,5.385612064816083,5.138129280857763,84.24395170485026,1967.0948066740743,5.385612064816083,82857.91994615624,18.917333321040235
34.359829109512305,-100.10254220000374,321.13680460904374,5.547853083542413,51.97289515815021,24.23820532110929,577.0122411738961,0.2593779488092519,5.121510980185416,4.282554903651057,79.83721730833784,1870.6318855127233,5.121510980185416,74673.02217379252,17.048635199496008
27.06192726709353,-88.93659447284838,329.1925788484442,0.6999188145486495,38.2625710702109,21.19625476562547,493.90048249087096,0.17915681332678068,5.686019847396222,5.300291647252072,86.68867623470788,2076.8187492614697,5.686019847396222,90018.33407644926,20.55213106768248
30.810621739169388,-73.44084644067796,1503.8208546665594,4.356878547971052,28.655832830520648,13.257682455878289,224.07597939357086,0.09436647885520523,6.078706541139131,6.0751150600862305,85.02612596816417,2220.2475641510678,6.078706541139131,94389.52453500917,21.55011975685141
32.713975113567244,-120.54365728313446,1895.9902300123713,1.7012306351789,73.66934354816527,11.094477187658446,961.0051719428056,0.4374227399281,4.3313273218662545,2.963990502780667,82.84849476854278,1582.0173043116495,4.3313273218662545,65533.876180003914,14.962072187215506
39.50201379195843,-79.46386518326159,2119.875055301449,1.8013009671536193,33.30973576316515,7.337004332317727,530.5408098736682,0.2109491540113141,6.140178248440221,5.936519893168319,83.95745024335561,2242.700105242791,6.140178248440221,94145.691248345,21.494450056699772
37.69867931205388,-108.21131203774158,1400.9463027313054,5.352184779597597,55.93401745469548,17.292159463155283,833.615581987783,0.3004869420049362,4.818221298968433,3.8953482391025185,82.2762249488945,1759.8553294482203,4.818221298968433,72397.12648159631,16.529024310866735
32.54632142154831,-100.0283494566556,445.8178452260575,11.518633747095423,27.778234282195804,16.400261441577452,393.98664950428855,0.14921190409152818,5.759204724272826,5.791181902357535,86.7393307176917,2103.54952554065,5.759204724272826,91230.23898845694,20.828821686862316
47.676365971031515,-122.81668024614952,277.14824271520104,0.4739896407267211,47.7727906289042,12.669438499622537,685.8591682108598,0.35651666024415457,4.31798375211331,3.7376055664349366,82.6385134376378,1577.1435654593865,4.31798375211331,65166.399863649756,14.878173484851542
38.53859566456529,-107.7435117969471,1797.6295888040293,1.9103503354054412,51.70428186473036,4.513434444919706,535.2734843198041,0.3072838357332442,4.740182796792271,3.972605124240871,83.21537400495801,1731.351766528377,4.740182796792271,72037.54239290183,16.44692748696389
29.693443001663866,-96.85791289797295,1294.3264241739985,2.295086127728696,38.75285547036045,22.19478982203076,505.28374852795486,0.10953858652286744,5.799671494990305,5.386328975441866,82.90565838277861,2118.3300135452087,5.799671494990305,87810.77222248293,20.048121511982405
26.44277934288969,-120.9664918232383,1379.3127951794977,1.6523665975821924,5.0,24.28830571752671,50.0,0.07538472879290718,7.382880420204899,8.5,84.12056910031374,2696.5970734798393,7.382880420204899,113419.6402276823,25.89489502915121
27.66861934042397,-97.48083061330908,1730.143490822625,1.579488977522621,35.32854429541003,15.590110119240942,428.6936510842864,0.19112974042022046,6.010703212421533,5.7263980920996564,86.05547475020897,2195.409348336965,6.010703212421533,94463.49687109223,21.567008418057586
29.902985481228196,-73.93602604164492,1562.0460396247709,0.18789477523119974,57.14828085967956,15.541628876070565,860.0337948168891,0.4045465484630446,5.052005418226582,4.041412530053849,86.68406167364273,1845.244979007259,5.052005418226582,79976.66478162241,18.25951250721973
27.856352958229337,-118.30876622217852,1844.0852436406078,4.049129035921618,44.49465499449914,18.057102559725347,536.874437272457,0.1961732691834756,5.533486036844578,4.916709379329548,83.40150578366655,2021.105774957482,5.533486036844578,84281.63248975915,19.242381846976976
28.477608577231337,-82.72020068392277,170.8598967387387,2.005784451882789,43.02509975412644,30.228704686065225,541.8833115450291,0.13737153766868782,5.3830046872617,4.838375429189485,82.47590659905079,1966.1424620223358,5.3830046872617,81079.69102909096,18.51134498381072
30.84228404865233,-101.87776311769639,1657.1693690049854,0.7582991100277676,5.0,17.46956832333719,50.0,0.05005777276570642,7.222335751131628,8.414021150068347,84.12285811890611,2637.958133100827,7.222335751131628,110956.28887722765,25.332486045029146
28.160966287074118,-88.62061941568575,1879.333428242505,5.92550565487981,22.03180872784894,13.140730259703664,279.0330041522682,0.06921488866597589,6.55844654839523,6.858674778731822,82.5275861033339,2395.4726018013575,6.55844654839523,98846.28570166942,22.56764513736745
45.522370191034206,-109.94722370879762,665.1903412853758,5.678135146365394,42.4044373607259,7.713691419661967,484.8783682788006,0.13261803187525767,5.0956251555641074,4.602210362616927,87.6338333618939,1861.1770880697902,5.0956251555641074,81551.04139644148,18.618959222931846
25.92560989587941,-115.38741782276665,1426.9616390854937,2.3320297920124218,42.386898982164055,14.73816230077285,601.3368786192611,0.18463696363435217,5.649776453397497,5.103396217463215,86.04413934344439,2063.5808496034356,5.649776453397497,88779.51908487067,20.26929659471933
36.58827334968611,-115.33501882935377,725.44843724949,1.2406241699341416,56.864002042392244,18.200912607643662,700.985223919245,0.3221228657537854,4.704252120262643,3.77258432909337,84.28367377456655,1718.2280869259303,4.704252120262643,72409.28777438134,16.5318008617309
33.849523847751875,-120.19343493527019,2109.637792937276,3.55728537001953,32.3923984073703,9.598215211022096,463.9478022581058,0.20028420757567061,6.156669742975718,5.991998597331361,86.37281414024848,2248.723623621881,6.156669742975718,97114.29379793939,22.172213195876573
47.57708680580655,-113.97507793533288,121.86068073633308,1.189618724862179,42.30483356012866,16.76087835766842,577.7990937675669,0.2798729234968866,4.629388093138057,4.18434726240754,85.8181600690767,1690.8840010186752,4.629388093138057,72554.27692883076,16.56490340840885
26.688933652033256,-88.1321532105957,1296.5546142408534,0.9421925445602175,35.29473635476329,17.295510720435832,661.3304862709181,0.3090081320043675,5.9783022054549315,5.6969444452114955,84.12279201162262,2183.5748805424137,5.9783022054549315,91844.2077588366,20.968997205213835
33.548534377097795,-76.38870696045056,407.98262615645746,4.589344427420297,17.235030742971976,16.630660674346057,291.01222844692705,0.10020841695703131,5.978327992026979,6.4527369232932905,84.48894540799199,2183.584299087854,5.978327992026979,92244.36731969108,21.060357835545908
47.26729039860885,-80.03721297807726,1581.2734411308911,0.14406295154653176,5.0,4.115225589159278,50.0,0.05,6.5265147792099665,7.603389717779611,86.26818921356498,2383.8095231064403,6.5265147792099665,102823.46549422226,23.4756770534754
44.77217102145553,-87.00274726677786,428.1641093501235,0.34847587211841236,42.75817445834138,21.961120531087314,472.12555800650847,0.17114710606358488,4.778820250805106,4.3042488910432715,82.58076962830548,1745.464096606565,4.778820250805106,72070.88422817254,16.454539778121585
43.609729702782715,-118.03667937580046,556.0740130814688,0.023839614663849994,38.1310497514306,19.151202565075007,539.3554974192617,0.2142150686147512,5.1213944000951415,4.778684267447088,86.51053604598201,1870.5893046347505,5.1213944000951415,80912.8417329165,18.473251537195548
30.189667849078557,-108.3838779000187,1112.8972437483799,0.5809562863980912,23.87284924219696,25.772235056484586,241.23509455149235,0.05215188583073518,6.374576370374489,6.584236539739637,83.35343713637849,2328.314019279282,6.374576370374489,97036.48811987219,22.15444934243657
28.10130209736158,-107.27042873258668,2016.895142493288,0.2501984449304188,5.854884982714431,17.42974194674126,50.0,0.05,7.259436668089215,8.413801834590323,86.28701511427136,2651.509243019586,7.259436668089215,114395.4090640306,26.11767330229009
40.047437278186344,-110.50232489452846,505.1859001181373,19.156321344254803,46.33531125935728,15.732758089766104,783.6489890143763,0.38027644953841133,4.845749867855606,4.243194542542174,83.99216010380577,1769.91013923426,4.845749867855606,74329.28789195657,16.970157052958122
46.30502373906206,-96.18969437567495,360.11604540392256,1.1928546468171506,30.213438664480066,20.65552278036221,495.0105429932617,0.1654237414228097,5.356437489543577,5.294870218599168,84.50640933370946,1956.4387930557914,5.356437489543577,82665.8087411606,18.87347231533347
37.362309432334314,-95.08009399649768,1681.8001884861658,0.5658034848167204,45.02374500262662,12.645687807571658,682.4301173859498,0.3484093645142129,5.1223895536313515,4.532463336889907,83.9485374651413,1870.9527844638512,5.1223895536313515,78531.87496103703,17.92965181758836
37.718704547277596,-104.72815734076005,1126.3319945179517,0.9651199999770147,68.55287354741165,16.278290062296733,899.0079251166716,0.3802627102891769,4.584263446028196,3.3012651089686873,83.20223456578316,1674.4022236617984,4.584263446028196,69657.00328528893,15.90342540760021
30.719498247846822,-104.89538542823246,2010.3379916208085,9.627926624011703,5.0,13.953238314062812,112.76767710099296,0.059040480945704396,7.147435704143966,8.32676259532772,83.59491765278352,2610.6008909385837,7.147435704143966,109116.4832511471,24.912439098435414
42.46783039660649,-79.2579977130716,365.2212978936609,2.570060600697217,22.40718544335745,5.275752954922718,243.26456378491616,0.05,5.415741380339077,5.649429006449236,86.06866710475285,1978.099539168848,5.415741380339077,85126.1953683943,19.435204422007832
28.48904996538056,-81.37818619073698,1438.7449699995345,1.5884535051163917,31.23123896038556,24.405142714760487,457.72307546716695,0.10035483263303285,6.153186962631472,6.038622788372659,80.52875402599129,2247.451538101145,6.153186962631472,90492.23604854147,20.660327864963808
31.76830167370185,-107.37902508923973,550.6901642264023,7.233293544670653,61.18687113463971,22.914829209533167,764.5578733013082,0.3257715986811958,4.95809819420372,3.826124226073034,82.14155108279274,1810.9453654329088,4.95809819420372,74376.93062142703,16.98103438845366
34.210474526794,-74.65542403084399,387.0349216010245,1.758787587702141,5.544745654283272,21.98940409841162,229.2552842155672,0.13500964132142004,6.3074383602891375,7.324114042281855,82.91179243596284,2303.7918610956076,6.3074383602891375,95505.75630140978,21.80496719210269
36.18264908842692,-72.54798908186467,1519.3732425881317,1.4279339394731347,69.84549846225087,13.873837448184984,820.8133130633278,0.3084365249274723,4.315542448934396,3.068702444355495,82.38248281134597,1576.2518794732882,4.315542448934396,64927.77168352997,14.823692165189492
29.817833577961927,-106.35590273037779,1326.4219328037764,0.8130093698343479,37.44540622819323,18.603576507442774,647.4640701457884,0.35328139092323296,5.871744896570377,5.507004765441665,86.26496941562323,2144.65482347233,5.871744896570377,92504.29137695469,21.119701227615227
26.756083793740885,-104.86105276517503,1672.8790354790121,1.6607100647130641,33.27198808879055,15.206251372036547,469.6994160448007,0.23245488873138276,6.184014181508289,5.980535894493557,85.8865154667798,2258.7111797959024,6.184014181508289,96996.41633926462,22.14530053407868
38.654881018599184,-96.69575571521422,715.3445393592921,1.3327943394741548,31.434924262059685,19.494898254062992,391.1422401346365,0.1175588708040326,5.57905851661609,5.467229246475328,84.88804771409193,2037.751123194027,5.57905851661609,86490.3572875695,19.746656914970202
30.92713327776614,-73.17947612318163,1013.1390612217084,3.9586555724943184,27.14726542075948,13.788701341300168,396.7620080602066,0.16685993671109475,5.9788242179870945,6.038427965936191,83.0432938987837,2183.7655456197863,5.9788242179870945,90673.54200547084,20.70172191905727
37.949717314142696,-76.67875061031518,921.7641041103997,1.1966595959424426,53.866101666844784,17.05808041796598,827.4602240536451,0.46862155004185607,4.676774803648421,3.848692375054257,86.0025778001912,1708.1919970325857,4.676774803648421,73454.45756122947,16.770424100737323
27.704705166580855,-118.46133002048614,2165.7923475280054,3.0129939883008388,15.766626426516101,16.950214819683005,357.4074436406651,0.08679156804362519,6.976247262878608,7.6015535242846415,81.61780511100667,2548.0743127664114,6.976247262878608,103984.11633386562,23.740665829649686
35.54736244451562,-102.79253986334352,678.335256989684,0.23857187346937647,41.217455269589365,17.81733407972794,608.3586760876043,0.27989627864892375,5.105620442900806,4.6536597558796124,87.2129739602219,1864.8278667695192,5.105620442900806,81318.59209243311,18.565888605578337
36.782146381238064,-94.11795575351232,683.8570624455488,0.7430984772970791,28.08473001727444,19.512219986099225,304.1166117156144,0.11057802724533886,5.709898993299903,5.729351990390739,82.97305530423367,2085.5406073027893,5.709898993299903,86521.8380744797,19.75384430924194
25.243764883738244,-96.83084648221684,812.2786489815059,1.8313558886531782,21.281597926746237,18.61357498847326,303.5053833510262,0.16180539094218652,6.45874919416043,6.788331508773787,83.60694716723785,2359.058143167097,6.45874919416043,98616.82477010685,22.515256796828048
32.0785026766541,-113.5313943314078,1263.8772747741912,9.673353841597711,81.54755316231012,13.381980338050843,1323.345067938579,0.6147574606236603,3.884772106221739,2.4441709084770493,83.35598422425792,1418.91301179749,3.884772106221739,59137.445313492935,13.501699843263227
27.225952246535382,-77.62389435691965,592.4939001670523,1.6576465971418168,42.54291322556228,23.73272047232939,730.3685937091343,0.28500839294323754,5.574989505502997,5.029753343241357,82.39033887885198,2036.2649168849698,5.574989505502997,83884.27827463501,19.151661706537674
25.520999291346428,-87.44519771817079,2017.873371815439,3.818026597572107,46.03877980390059,19.14038207830112,735.4192650670441,0.36237030736329373,5.498594253658745,4.826273113864178,86.88766968590538,2008.3615511488567,5.498594253658745,87250.9275330472,19.920303089736805
47.759045577358684,-78.7529477580026,621.2239644624665,1.0307085058631742,55.47998205203592,5.902847045869416,856.2884507407416,0.46784702418890706,4.266063995949284,3.46250871764242,85.18334194617672,1558.179874520476,4.266063995949284,66365.48453246424,15.151937107868546
31.736492279393353,-77.6267289151285,1976.0038228544186,0.47550364516407967,9.415700984266152,15.926641900443965,201.7648228403803,0.08738241305070354,7.367116725796822,8.354974093512165,85.82320581311967,2690.8393840972894,7.367116725796822,115468.23113571492,26.36260984833674
43.43698670051124,-83.58878390205005,272.47138684015704,0.21111932051907037,66.54125436419658,14.918193049063808,1047.4530445497392,0.47568320293710054,3.8327714917867124,2.8140638308603094,82.16449609190884,1399.9197873750968,3.8327714917867124,57511.851949383505,13.13055980579532
30.111375714330332,-100.28262753251526,1461.6098101592524,1.2755350034330553,5.0,16.370607528525436,50.0,0.05,7.321706767324437,8.5,84.271406740506,2674.2533967652507,7.321706767324437,112681.54786299208,25.72638079063746
40.3560653333743,-91.03047522916708,2000.018864642224,0.600504676633758,21.162204619306628,4.481604582510295,160.76225809279217,0.06794723965689069,6.171946495105179,6.492051831724417,84.7815430339971,2254.3034573371665,6.171946495105179,95561.66278995971,21.817731230584407
42.245468637352474,-115.34026806953386,412.8112925561935,0.6691060406488144,26.737429882779793,13.519013689663588,381.22436843262324,0.1500097322115142,5.372042376637331,5.44100860735616,84.40613478532477,1962.138478066785,5.372042376637331,82808.26242358853,18.90599598712067
38.29532977458826,-87.62314745635499,2131.9029642133983,5.005998045770676,45.471020569469104,13.972088082489535,554.8361292947984,0.2710285168224291,5.140573369834758,4.53245822173136,82.259439823398,1877.5944233321454,5.140573369834758,77224.93273941914,17.631263182515784
35.3178285252038,-114.32032419007884,1023.6992248933501,0.05587691697294027,38.93692879054678,17.11993453511239,439.61492752993644,0.24340668325865314,5.472129520362035,5.075080002165544,85.61325003169596,1998.6953073122334,5.472129520362035,85557.4005410498,19.53365309156388
33.88418193953444,-86.52672211245152,2083.2874831482027,2.856055682771666,31.997334667428923,10.804567104630252,375.93482768521176,0.15115676907963194,6.255419515747228,6.105406156782962,84.18232512417772,2284.791978126675,6.255419515747228,96169.55057188646,21.95651839540787
32.372838397031884,-111.6016993192857,1505.163093804601,1.6700860298561382,34.78404779670097,15.440453841788507,735.5080616071822,0.3831428346229721,5.7880731248457025,5.53635946423681,82.56755394653548,2114.0937088498927,5.7880731248457025,87277.77317674739,19.926432232134104
46.308699461947825,-117.65222979188812,698.4117702281358,2.472168097625756,17.395585576593774,15.625873689640002,257.1506614798973,0.18364848102803866,5.671683166082411,6.115384050146503,81.217124190671,2071.5822764116006,5.671683166082411,84123.97750725695,19.206387558734463
43.9348657869055,-115.07463753228029,454.8504285717788,2.896017901453577,8.049816899284881,17.717036237686983,148.88822022608716,0.10437944558653137,6.20296220163294,7.094025672265216,84.9099997702348,2265.631944146431,6.20296220163294,96187.40392845507,21.960594504213486
47.1606458559963,-123.8924246981702,703.0303493839637,1.3158472165665767,48.07720920204908,12.962449616294645,550.8446481282618,0.20371727680068935,4.643778104317802,4.009714485317089,87.67568360119725,1696.139952602077,4.643778104317802,74355.1149138447,16.976053633297877
26.983133363653074,-85.18806063590937,249.98742991475123,1.2239916489551923,47.486710025651334,28.979489280369034,480.43864447985567,0.16959132769627805,5.028011867683955,4.362268050257055,80.88532287783296,1836.4813346715646,5.028011867683955,74272.19285701156,16.957121656851953
41.54081940488746,-84.45034335084753,359.316127638159,4.627044828005843,63.52089875282705,21.391901177236516,807.3873182276981,0.2957923148603723,4.194341922151879,3.1682117265800223,84.25567057561945,1531.9833870659738,4.194341922151879,64539.143793976196,14.734964336524245
46.520170963704906,-96.19359910468398,275.0199467449345,7.175323322600658,20.779692257326253,17.344311449129705,434.73525012344237,0.2285979910633424,5.671738449392899,5.981087282474474,85.66574591863736,2071.6024686407563,5.671738449392899,88732.68536150047,20.25860396381289
28.349593587975843,-115.28640874300928,959.3286190443491,0.7486966263820682,47.47067378541661,20.664486921829408,698.0169796034846,0.2302519977936504,5.3652939886666715,4.65549394150804,82.09552160084804,1959.6736293605018,5.3652939886666715,80440.21438488868,18.365345749974583
25.59591041680266,-119.48806577442275,1760.4935089538108,0.35951365819099523,29.89327888943483,20.308657148147905,478.36541359652676,0.23316080503743652,5.979106864611529,5.923782474438868,83.28006484637245,2183.868782299361,5.979106864611529,90936.36690292963,20.76172760340859
41.78689558296142,-122.9670358123865,353.97464156513144,7.9827389904788815,56.42854973348268,18.683093467046437,863.8563001889637,0.3058846576875292,4.478659493272665,3.6053215722389016,82.7097618311079,1635.830379917841,4.478659493272665,67649.57055954768,15.445107433686683
37.787354716317886,-115.04959844387808,330.18893132052216,1.5071773635295487,53.39532998020655,23.58794600827813,688.3996817430639,0.3280105067183753,4.6349292603928705,3.8295300714163005,85.47701504223681,1692.9079123584959,4.6349292603928705,72352.35754489443,16.51880309244165
44.20389064219853,-75.89380111091008,1433.3722414622612,2.805038336225624,38.80176918604022,14.539633510652585,682.0213270018997,0.28503653205398627,4.926362712696119,4.5735741329020945,85.9882838540311,1799.3539808122575,4.926362712696119,77361.6804279826,17.662484115977765
27.354537039030948,-110.95701054810918,473.9434112313425,1.5595073221040243,28.888457180012242,19.247725670608446,341.15764059795316,0.20883094500880522,5.781522004934984,5.768691649797941,84.2385543970976,2111.7009123025027,5.781522004934984,88943.3160856975,20.30669317025057
43.086415484637364,-104.86934833027036,259.861581934332,0.47057069188410533,52.29677921494871,12.967952439274697,872.7781449355373,0.4207302893058708,4.6455827877949645,3.874056223707403,82.73739889650884,1696.7991132421107,4.6455827877949645,70194.3725397775,16.026112452003996
28.83905568114587,-118.31134383800801,408.7244431419919,3.114892592828271,46.644281418618185,20.173804550158096,697.2501554741887,0.3622741687143509,5.152869282008849,4.500979944087002,83.33581359310823,1882.0855052537322,5.152869282008849,78422.56341605796,17.90469484384885
27.927742628776908,-111.99248954359881,2036.0225011350685,2.6065796713689156,22.680072762448713,19.156958071642734,138.61650324964978,0.13079781226847637,6.527094293511925,6.79626833768481,83.05425222862986,2384.0211907052308,6.527094293511925,99001.54864561537,22.603093298085703
27.942379150343832,-95.96187317786892,1816.1631934688103,0.794123816180231,11.099623877370242,10.03987742791624,80.59378562312986,0.05,7.080130231624569,7.946048799932665,82.53409670756548,2586.0175671008737,7.080130231624569,106717.31198528336,24.36468310166287
43.54979328555317,-91.18135511283477,811.2388090634523,2.1043436783956286,29.806407787727668,15.925428532615783,238.7958557409769,0.05,5.302727639160915,5.256886330192506,83.8469426987723,1936.8212702035244,5.302727639160915,81198.27103025914,18.53841804343816
39.9647332967088,-110.7509750350246,1460.0146497538944,5.580017563622784,62.27744867626777,14.165969132083411,988.2124947471696,0.35912905339478507,4.507778404501694,3.4442035177896355,84.86223972669279,1646.4660622442439,4.507778404501694,69861.39883801747,15.950091058908097
36.553570194458864,-120.88246340184367,1205.1426983862818,3.124232774524131,55.63676885719469,20.175772155306873,776.4412219204855,0.21917474933440545,4.778193506141753,3.8729294737770017,84.73538616664278,1745.2351781182754,4.778193506141753,73941.58838473083,16.881641183728497
32.611931618964064,-102.88422506712047,1505.8171664875124,0.3567941164209287,14.978105545929548,16.516899701684157,50.0,0.05,6.443113048400953,7.056196267098006,83.98765145314573,2353.347040928448,6.443113048400953,98826.04551089519,22.563024089245477
45.0528129795146,-111.35301796997796,1517.7429777949326,2.7794223118283274,13.980366513801421,4.764681707908162,233.29981936518575,0.10064944095405987,6.0105354190512745,6.624436086143877,84.08558075523804,2195.348061808478,6.0105354190512745,92298.55836852605,21.07273022112467
33.41868257814325,-112.1440881455907,1401.7781323789848,4.245998333460111,57.944309294230756,12.115282335348123,757.5039038803985,0.2876439175755746,4.934913240022276,3.9202449141864144,83.87767380736533,1802.4770609181362,4.934913240022276,75593.791480475,17.258856502391552
43.59838654731785,-72.16740865347342,622.1179423552135,5.507616411191947,14.558553714359078,10.542154254339598,55.43916649769477,0.05,5.892793260882938,6.470818082546283,82.05418269125059,2152.342738537493,5.892793260882938,88304.36214107102,20.160813274217126
34.53923780568525,-90.7197737600109,133.86380464005896,3.4715456655182764,44.167315825556145,19.636248098908784,786.1390052546557,0.3521936898291766,5.066942793745977,4.513778514005341,84.2402023454743,1850.700855415718,5.066942793745977,77951.70727058123,17.79719344077197
33.04666630619778,-93.92856406870682,1029.4685812787338,0.5797787868984831,23.910718123946175,17.250050986121625,345.47864034490436,0.12874617057375556,6.415978257699672,6.625299375975037,83.12456162181803,2343.4360586248054,6.415978257699672,97398.54753097401,22.237111308441555
35.10431485607056,-101.54814440974062,1965.5938520850132,4.334652019456833,64.10680864139029,7.713322949458956,868.1521807481328,0.30563863529109275,4.790461776128436,3.598845616651001,81.97898517126085,1749.7161637309111,4.790461776128436,71719.97772020589,16.37442413703331
31.23306897993941,-100.83700599477221,1274.4191058149381,3.9590665212200618,21.13235361551818,23.455671392561733,255.91047251865282,0.10396768017126706,6.506737618661486,6.845566380707138,84.55605835067337,2376.585915216108,6.506737618661486,100477.36866120083,22.94003850712348
41.94262512423003,-94.79112979274363,1839.640739659102,0.08655558908404715,55.58050754370491,4.626489507991212,626.7991586960915,0.2162417917847292,4.729431612331759,3.835268468951617,83.08240494537218,1727.424896404175,4.729431612331759,71759.30737788463,16.383403510932563
36.0652893622195,-86.3927904200502,2181.9923373666406,1.8570975023477245,38.32745577308656,16.245071795617942,406.1294908648009,0.1556812963447139,5.75195790013321,5.359144095977771,84.34163088188825,2100.902623023655,5.75195790013321,88596.77677492597,20.22757460614748
29.573104683523617,-86.0841108061812,401.774838897294,1.4171172525582372,39.53950737621716,27.423880823685263,682.0447817545486,0.3513241739522121,5.444089805371837,5.026111363332185,84.30190439313002,1988.4538014120633,5.444089805371837,83815.22112839785,19.13589523479403
45.589789758589646,-114.72852898390572,1537.321924155262,3.874089051897238,5.0,13.39119518661449,50.0,0.05,6.508944180973405,7.582919970834017,82.57464191828215,2377.391862100536,6.508944180973405,98156.1408561949,22.410077821049065
33.21338931295708,-96.99391138786214,1499.731183455053,0.8523182626916859,5.0,12.780252461907049,72.20677009368634,0.1186340318730899,6.971401523372878,8.121682774729402,84.13818192310946,2546.3044064119435,6.971401523372878,107120.71168915166,24.456783490673896
37.04526866673572,-101.75426286815849,2156.9042118202988,3.1280445881907077,31.02981307518835,11.914911557575035,229.98433543252946,0.16740860577711913,5.9959424465702025,5.8927601225976165,81.28436567740445,2190.0179786097665,5.9959424465702025,89007.1111067032,20.321258243539546
45.755330663149124,-76.99154382145326,2169.0415779985206,8.554760704594278,39.44430914149901,1.4554087773878193,420.41112440143564,0.14620603640497937,5.313044859016198,4.908668143507629,86.29879963591391,1940.5896347556663,5.313044859016198,83735.27803265532,19.117643386450986
38.98171190193581,-89.90337825420767,1526.3590152068784,5.594783965595028,14.74643910072098,16.470062708229488,267.431399397569,0.055873561428198305,6.340247546956297,6.95382453600475,81.96140025466683,2315.7754165257875,6.340247546956297,94902.09790689392,21.667145640843362
26.805552977000737,-95.24478041353699,573.7718027617177,8.904414424250508,15.403518611425842,22.772703020396005,253.42043657134514,0.10296414047538414,7.058876976602421,7.70953157172888,83.22777050640393,2578.254815704034,7.058876976602421,107291.20005422307,24.495707774936772
46.55597096672341,-117.76868932233846,1766.895051980788,13.439929699422123,45.10650733687039,6.578056946723785,806.8286225886171,0.39384498091510156,4.857563650651262,4.295322267649602,86.00756985564594,1774.2251234003734,4.857563650651262,76298.39562024984,17.419725027454298
39.06499327371403,-91.29555397653579,280.1126385537319,0.03754611355890887,45.13138064822835,14.125210447434949,766.1349622383195,0.29471335562119877,4.80380901549082,4.246953085912433,83.64821561087852,1754.5912429080222,4.80380901549082,73384.21329786479,16.754386597686025
32.03773475177007,-117.6709890932674,1728.5035039690017,3.41188420073772,32.520660913017316,5.030477367342394,432.2181555337601,0.2254954130521737,6.109453619741594,5.940560056969955,82.20390347054955,2231.4779346106175,6.109453619741594,91718.09836669623,20.94020510655165
27.342529743921293,-105.79084491944938,2006.9216669110972,1.863599143730869,49.04363098134935,11.507089852536906,733.906190210218,0.3662162453777286,5.485247106208784,4.699181483021615,85.06960984842979,2003.4865055427583,5.485247106208784,85217.90768155822,19.456143306291832
43.05660454248711,-116.28653390002609,873.0917987521358,6.8777591448260935,13.864358677037362,18.710261744571746,162.4406771882157,0.05,5.962000444279735,6.575785344990629,85.03579869322677,2177.6206622731734,5.962000444279735,92587.85613363636,21.138779939186385
38.88174614228433,-86.62802306068409,1405.865884213623,1.0153661248486225,28.59317149243453,11.86255110100472,605.7853827579482,0.21860802173471572,5.6280946782369305,5.627238079710909,83.05022049095214,2055.661581226039,5.6280946782369305,85361.57378780094,19.488943787169163
36.80306620743171,-112.86238585284775,974.8068740081766,13.877043474681441,64.66179690410613,15.887270408154656,1020.1666262627257,0.46070252921581945,4.485775355849881,3.352522361897992,83.2126102188294,1638.429448724169,4.485775355849881,68168.9955438679,15.56369761275523
45.45342199322298,-102.8395938478466,991.1948682244762,3.329065739912758,36.229798338916716,15.212203195081088,524.1856858306091,0.22600307991149904,5.2132463345177396,4.933771557686566,83.34688654407286,1904.1382236826043,5.2132463345177396,79351.99624675323,18.116894120263293
42.92633306938874,-75.63356200858595,717.2974115824582,5.521726026533195,37.273625262565986,22.319338573327837,541.870232163559,0.19147618707429895,5.089424398239976,4.7794001931328705,83.68946405897096,1858.9122614571513,5.089424398239976,77785.68544699934,17.75928891484003
27.640197113586026,-112.9669152964556,1688.578683968198,0.3132033711194096,76.50703854741931,22.41903649882785,1215.583568389851,0.4888841310897919,4.464691386879688,2.9665674519872782,81.16054338461728,1630.7285290578059,4.464691386879688,66175.4067655646,15.10854035743484
31.481329627093157,-96.57852654622593,2062.779612957986,0.7093687569228215,9.811841014722127,9.630163587753398,195.3235589174945,0.07785883857925174,6.761459803180195,7.649355183502564,83.72786420832284,2469.6231931115663,6.761459803180195,103388.13767928493,23.60459764367236
29.963739355547176,-101.35933029703482,2072.6143473540915,4.971704555976139,49.335746599557986,6.382963267483686,846.5632541008204,0.2744919679609021,5.374328522244085,4.593168655879423,86.67587129727472,1962.973492749652,5.374328522244085,85071.21890876534,19.422652718896195
41.85471102174425,-123.02130178353059,425.77976248110775,0.07781139763737535,64.9517530365458,26.474938264209964,689.9597498857537,0.3257653844431988,4.106106604045723,3.060436170240915,82.06606974346096,1499.7554371277004,4.106106604045723,61539.517150728316,14.050118070942538
24.804778433658704,-81.1910618670681,1930.698846761617,5.941609115980157,29.15255732302617,26.26032191768331,454.2586286722462,0.16533981916647633,6.321998727977777,6.2962814613790385,82.62063084272204,2309.110035393883,6.321998727977777,95390.06390475141,21.77855340291128
37.6773524369116,-120.27152105901162,1635.4775990683127,0.04916527187442928,50.47335416338723,13.621617793765347,655.0834718192827,0.13376563540146288,4.79541143208692,4.06021022150815,82.2245735052054,1751.5240255697474,4.79541143208692,72009.15799329648,16.440447030432985
42.29900845777657,-98.3902288672445,593.6004114841219,3.746299764959637,17.323649050203713,10.915491154252646,418.1688854656512,0.17304348719521534,5.7945156658974755,6.250743708393562,84.91824288959303,2116.446846969053,5.7945156658974755,89862.47370691568,20.516546508428238
45.04237528228199,-93.7233720732967,194.66191778125628,1.5899736891691028,22.638816879787672,20.61052766964258,471.5833050360103,0.15941448082032889,5.530248321193921,5.759910032129867,85.80479603721356,2019.9231993160795,5.530248321193921,86659.54906407604,19.785285174446585
32.20996196918178,-90.0649713428123,626.1941238014126,3.309071010518606,41.929395488857416,19.9426117508107,590.2951177541345,0.3303974086793565,5.558089027864545,5.038375642356173,85.77047675876643,2030.0920174275252,5.558089027864545,87060.9800994624,19.876936095767668
43.71017531212831,-86.81389201737471,2011.2477090802802,4.167908133820219,49.374200115990625,7.822258071714418,844.801899504972,0.3227285404144066,4.878582659240231,4.168166375590174,82.1279841166595,1781.9023162874944,4.878582659240231,73172.02256474906,16.705941224828553
26.655161686924973,-110.32329128977338,1411.3341510259104,1.4674548916648564,55.176857223312425,22.526341858174725,950.7874531256246,0.341279270623413,5.326679267935421,4.334649171433748,84.74968759574544,1945.5696026134124,5.326679267935421,82443.20800863265,18.822650230281425
44.31485500162844,-123.46114606044374,1600.2675209304246,0.3998646706522738,63.25331456491087,11.394476632108274,892.987071101367,0.397474579790337,4.436041928564258,3.3590898255628465,86.15062505132136,1620.264314408095,4.436041928564258,69793.39171730402,15.934564319019184
27.059727895967576,-84.93404223283476,602.877554884556,0.2526649228197129,33.78596194600672,18.06547502833203,720.1968444872798,0.2670596501359875,6.066567382378247,5.845127155786478,84.76449466156518,2215.8137364136546,6.066567382378247,93911.16581562902,21.440905437358225
33.534894973448814,-95.07454363523075,1596.6845344858637,3.111522448073417,56.485011593106584,13.626906849190819,787.6560470365199,0.2892172095359384,4.909594114359508,3.9502835739620967,84.71761452501566,1793.2292502698103,4.909594114359508,75959.05218967031,17.342249358372218
43.13508877870929,-78.84964402680856,110.46123849753607,2.5736739989049813,28.83851281791532,20.681515571738526,382.2870844172236,0.18476135431506346,5.004660161631624,4.995303500414282,83.29253613204726,1827.9521240359506,5.004660161631624,76127.38416945847,17.38068131722796
27.598018256370572,-79.64502840336252,856.9408934119797,4.744512859944603,51.237643608588826,23.337196207193415,803.9142693786779,0.28294091351330414,5.235914668373732,4.405166093846668,84.33016473569049,1912.4178326235055,5.235914668373732,80637.2554343062,18.410332290937486
29.502033485583397,-78.46038693945431,1397.5196993660122,2.4948359030059173,38.73479836133927,18.784552732091313,506.9081039445185,0.13834802706691007,5.625744391374551,5.22550874722316,85.85447726955961,2054.8031389495545,5.625744391374551,88207.02469318213,20.13859011259866
41.33406164143359,-97.80488836110483,364.10761591383846,1.9213353982035801,43.02220232747463,21.312825999689146,610.8448101641342,0.3408185710064394,4.804265588875893,4.318288103254272,84.49231345264315,1754.7580063369198,4.804265588875893,74131.7817524771,16.925064327049565
41.28087687710578,-105.98406662480926,1819.4576850609096,1.7767493047703848,42.623141732396675,8.87944902872879,737.6674266586444,0.3363363646544674,5.218038563393347,4.704781895303633,82.1275878659554,1905.88858527942,5.218038563393347,78263.01612512852,17.86826852171884
39.38754318924714,-81.25585706006602,555.3172924456251,0.09381019504892148,6.115309823639382,18.213698203486953,87.5362227526784,0.05,6.318538708206737,7.311767697014688,83.31593748857104,2307.8462631725106,6.318538708206737,96140.18749785656,21.94981449722753
40.6547626672104,-99.63011789642023,1452.4043925596595,1.4308227039632164,14.76580654050608,-1.0589815637533757,50.0,0.05,6.265612760786598,6.87111753175941,85.81391930833348,2288.515060877305,6.265612760786598,98193.22338501549,22.41854415183002
37.025386640342305,-114.09412139421454,921.1738565369589,13.05689594439685,36.8457459167154,14.934105953789913,552.5723816189353,0.25553171024703086,5.5432879919850055,5.222219524110994,84.48711498052664,2024.6859390725233,5.5432879919850055,85529.9368669379,19.527382846332856
30.043177413766866,-77.83140294368039,1331.4937302769415,7.237833417903273,5.0,20.87871314672278,50.0,0.06950020581400437,7.039102660558534,8.200554599550692,84.17859311736461,2571.0322467690044,7.039102660558534,108212.9386961959,24.70615038725934
32.29670384409407,-76.34176665429325,281.01868815215244,1.3984240865154534,49.96179985759561,20.499811960928334,785.9923137357931,0.28969803282416323,5.038757216057873,4.284291002351554,83.16897670012995,1840.4060731651382,5.038757216057873,76532.34490892451,17.47313810706039
28.358345203234215,-98.81927316843081,86.36251983145576,3.1018241213670055,50.68800739318655,22.942022492518877,779.2510750872362,0.3429952742512992,5.05524038790623,4.272608030391793,85.78289877080165,1846.4265516827506,5.05524038790623,79195.91098536088,18.08125821583582
45.80281347200708,-119.91221472527148,2005.5635188676476,6.577405639647563,40.889069951800224,3.1951045361593025,719.5870141418553,0.27449271374859446,5.3357378646998725,4.875671926080572,86.49361889673338,1948.8782550816284,5.3357378646998725,84282.76653558057,19.242640761548074
38.00140307438689,-103.0573911444857,629.704518849443,2.037338413977148,14.819587770357401,21.764309593195264,298.22745886427333,0.11481237896781601,6.110216071080315,6.698403101767816,85.89478368452704,2231.756419962085,6.110216071080315,95848.1174645989,21.883131841232625
33.62043400232736,-80.60896638901943,1812.305555977987,0.06342372030219665,59.842500899633265,16.003130013225036,946.8194409606722,0.4025427437735253,4.857859518456528,3.7944861839231456,86.16388743216805,1774.3331891162468,4.857859518456528,76441.72258708603,17.452448079243386
35.088139287459185,-75.30420245850365,2198.6031460152303,0.27101357848750446,71.66979151493044,14.518979981859555,936.4674051952547,0.38986082351205587,4.366745334231166,3.0493483071553986,83.46194063885075,1594.9537333279334,4.366745334231166,66558.96690636469,15.196111165836687
46.73480015068357,-113.01247190512983,504.577204697659,2.4995308847886717,37.64738289402753,7.54159806087254,607.4620101054356,0.28988751579239347,4.8962792390247145,4.58521039195617,83.24974635393913,1788.365992053777,4.8962792390247145,74440.50761324384,16.995549683389005
27.680433674785924,-120.38342495063534,620.1170935442145,12.208150099033885,44.18963681212225,21.801419205562727,815.5000443057405,0.36414601308317157,5.332976881748615,4.7499360773749295,83.76548223975122,1947.8698060586817,5.332976881748615,81582.12682237808,18.626056352141113
38.06951596840314,-76.62307553082671,1475.1485434145313,4.1355660933336065,38.63129578632879,12.372531066145905,471.97315014492636,0.12124701875844376,5.327888418688745,4.95270346849405,84.05785986296438,1946.011244926064,5.327888418688745,81788.77025887396,18.673235218920997
36.14132829322718,-102.97213329514074,2125.714564391336,0.25744715675200913,44.54664540197839,9.98554261969688,803.6268648004072,0.2669533666468975,5.571790005568455,4.94871613125573,86.14652967018787,2035.0962995338782,5.571790005568455,87658.24187474241,20.01329723167635
38.67490165043155,-94.74490792955159,2019.0008486100994,0.7347630507474394,32.847942380724874,8.03717983938348,404.9361842100152,0.15023757584954167,5.627019979575882,5.458571779040985,85.74883010920263,2055.269047540091,5.627019979575882,88118.45819310898,20.118369450481502
24.434644411700173,-71.72444614925902,1131.1823681410076,5.164058822039786,34.37784368281154,19.964081086909825,396.0926870543641,0.2564698827280763,6.048195711815879,5.802367366972053,84.80770408088173,2209.1034837407497,6.048195711815879,93674.49726656522,21.386871522046853
44.93097381465964,-120.40550469263196,1759.487107432458,6.445672430760667,51.302916808952574,12.382205377067482,747.8608796608199,0.2690291082335948,4.942353616436532,4.155924244752554,81.85321985122967,1805.1946584034433,4.942353616436532,73880.49762428123,16.867693521525396
46.3708387796067,-88.99082759758684,341.85358416478726,3.3653741702706728,77.22123491413593,7.772449214961731,1152.688330410784,0.46987566885718896,3.49950654404884,2.3077543344077474,81.46796723310469,1278.1947652138388,3.49950654404884,52065.964624983484,11.887206535384356
37.56319640614102,-119.99830718095718,2151.4920960386266,3.6190487686656265,9.798717780768701,17.448280209165222,228.35706132798833,0.0683314742055024,6.900199714559311,7.806947890033821,84.36069411720256,2520.297945742788,6.900199714559311,106307.04204251066,24.27101416495677
40.719619773045416,-103.72467786280899,2123.359453177371,0.10061347091559408,33.131375280746596,10.994738336348552,367.66301185313216,0.12549070240106772,5.631155755019848,5.451411363936527,85.32039480840106,2056.7796395209994,5.631155755019848,87742.62543890625,20.032562885595034
46.13998514825509,-80.59401455955387,402.0172594402176,6.17171964028249,13.751711265822522,15.05759280344327,235.97796744694432,0.10723614029814625,5.577782773355829,6.156410920608318,83.88064942652079,2037.2851579682167,5.577782773355829,85444.401058693,19.50785412298927
40.973727223521564,-100.59249943119573,693.7597183266793,5.433637997858798,63.6564481743695,19.720360743273602,822.6348172928224,0.41280337101512526,4.019276124554273,3.032161453216939,86.8723567574676,1468.0406044934482,4.019276124554273,63766.07356400162,14.558464284018635
27.66093702994227,-70.15215288924068,265.33324463954887,1.0493072896268558,24.420716552241828,18.41857313265449,192.99780612432792,0.10321417254583276,6.339028025843374,6.523208384561183,82.37633843432934,2315.3299864392925,6.339028025843374,95364.20327503717,21.772649149551864
37.83092064400351,-93.81079861288347,634.1928376310864,4.316625951683074,9.022385711855708,15.146317901438932,50.0,0.05,6.190512317044008,7.037642451304256,82.1874720757566,2261.0846238003237,6.190512317044008,92916.41468975585,21.213793308163435
38.56116111318854,-106.6572437576585,1804.3049472426942,0.846602272616228,46.48736597927432,11.14165103328947,575.7330871142586,0.3775502618377682,5.327829034651922,4.659657674120232,83.00357853828851,1945.9895549066143,5.327829034651922,80762.04842769014,18.438823841938387
34.179136111257264,-112.11398840114333,863.3785554053079,0.14408090002433505,66.397600065376,23.764737454636403,981.7259169505147,0.41298112644410406,4.259410976165557,3.131590505832074,82.94655418021314,1555.7498590444698,4.259410976165557,64522.044987045534,14.731060499325466
41.67466165499334,-105.07189114854727,240.0534793655305,0.7859783388531425,46.94476163409373,17.860148533919112,772.4480291841792,0.29299229767430235,4.931215781481783,4.296995691782535,84.78942880302297,1801.1265641862212,4.931215781481783,76358.24628965049,17.433389563847143
46.42480835445636,-103.88320321698426,785.7848782746448,0.6887308176351127,38.68636179107451,14.980130533861997,394.2884020875165,0.23489165293701136,5.294884487182956,4.919982666227792,83.36743222223474,1933.9565589435747,5.294884487182956,80614.4961742374,18.40513611283959
46.21364430976263,-120.28946140290611,2159.974168618752,1.4423819406380651,42.36453660996789,4.045673233768547,628.299619960356,0.2383379774196241,4.907688827074508,4.43384285159491,81.678239308082,1792.533344088964,4.907688827074508,73205.48372310745,16.71358075870033
34.82014491369917,-104.04299323095425,1403.8197298072862,1.8972011154923472,60.467131930859985,17.259204415668908,728.8700284549492,0.38684152793893434,4.559900293208484,3.541811703503149,85.33736768504268,1665.5035820943988,4.559900293208484,71064.84578297268,16.22485063538189
26.717713100178127,-98.93111993408186,944.7460347732392,2.4863036474503333,19.2644131397453,27.96225730295148,332.61032485783426,0.09505549580909763,6.684032972855367,7.119491759025081,80.17516918971121,2441.343043335423,6.684032972855367,97867.545774771,22.34418853305274
47.63618877509603,-84.97216137910455,408.0578040191305,2.266961635024729,32.98675212644637,18.50553279780759,399.5414716698744,0.23797713264184944,5.095752254555358,4.938256489834845,82.39317266548395,1861.2235109763446,5.095752254555358,76676.05505446611,17.50594864257217
44.13355407470242,-88.53660782503317,2170.280114159944,1.1047235145115204,26.851577326828398,6.962676144472675,270.7891807732697,0.12288120853628043,5.943273463882032,6.014824287729029,81.56594014388419,2170.7806326829123,5.943273463882032,88530.88157545876,20.212530040059075
26.991904348878403,-85.72665461762567,1814.825369915727,0.10361607172410368,13.978424468749218,19.481479582487964,275.66439409724654,0.17941277584230775,6.923781919931817,7.631053365677172,84.31068191560631,2528.9113462550963,6.923781919931817,106607.12005344058,24.339525126356296
46.100205182816936,-123.54836117864971,655.1762002694767,3.2519438653361057,29.089245330497555,16.289094484813845,348.55717408245624,0.24032044130276733,5.575657731016181,5.555447547904511,84.27907156822681,2036.50898625366,5.575657731016181,85817.54330090462,19.59304641573165
44.87751268949108,-112.24596042265105,200.64769580055733,1.7631554609245388,54.93897972768407,18.828231497515333,737.5493210523072,0.2506818525790653,4.349848334590727,3.546984395200811,86.87468148152453,1588.7821042092633,4.349848334590727,69012.46962336304,15.756271603507543
36.45211337102573,-88.26904842640775,171.74494836174978,1.2417293797927758,45.198838671069055,25.185637684671306,410.7848326393291,0.2349489379709699,4.794724162321969,4.236657247590891,85.2964849103498,1751.2730002880992,4.794724162321969,74688.71552148844,17.052218155590968
38.1906104578783,-97.86457411829366,308.8130214368977,7.059370366980417,46.59758900194761,23.688071002120143,747.021382169614,0.24081371401606888,4.8537549455658615,4.241292988191494,86.1624692750133,1772.833993867931,4.8537549455658615,76375.87726317236,17.43741490026766
33.576064892883124,-123.71307231390932,1298.6524547710064,4.80673098823312,37.63656100975973,15.888874136848028,609.002706253547,0.20139190984323319,5.455278168780045,5.109108435164551,84.43291447694774,1992.5403511469115,5.455278168780045,84117.9945301273,19.205021582220844
25.314279331728752,-80.55728930868159,2046.8413555918087,6.825974802833146,44.419828089114596,18.941883768674092,622.4233776757357,0.2191726010419347,6.093593130109689,5.417577241140251,82.53460226836415,2225.684890772564,6.093593130109689,91848.00861731054,20.969864981121127
32.04473379950162,-82.26828304232178,1117.9983702128666,2.391069731437896,20.5893738377341,16.457498254520765,135.49313959270148,0.08163730663918534,6.223489179590006,6.571222798452305,84.19216140299024,2273.12942284525,6.223489179590006,95689.83962903667,21.84699534909513
43.26848276635228,-94.38536519834761,1862.3327872808238,0.4911656587922949,29.428822053309872,5.525229233475043,532.9404265798145,0.22370930492166569,5.762815058486695,5.728228058007658,84.88863151108096,2104.8682001122656,5.762815058486695,89339.69050936116,20.3971896140094
24.11116855211047,-120.4109804080813,1008.6562326985868,4.170096879507272,38.45607626543618,21.02871796524141,471.75872908002736,0.18820933290853628,5.840715656729099,5.436581740895609,85.05571107337737,2133.3213936203033,5.840715656729099,90725.58404121164,20.713603662377086
32.00398012058746,-82.60818732524044,1573.4546234008242,0.8076766036070754,39.995285459874026,15.425823221773191,514.5986514281775,0.22172786871285868,5.577416294423866,5.131407055540392,83.29138178383748,2037.151301538317,5.577416294423866,84838.5734039347,19.369537306834406
33.55604864618264,-92.47946626250635,1623.5263851659768,2.037058615561526,40.763381388593714,8.135822226675963,801.8917450762651,0.3636860399131175,5.30344694832088,4.850831323585013,84.7331797106736,1937.0839978742013,5.30344694832088,82067.64325327238,18.736904852345294
36.89749447051015,-81.77416123347021,424.0219676921781,0.23523357721293053,32.5099649237052,22.71734788747642,384.7758645209498,0.19373568308079675,5.572988452759727,5.419342529475643,82.6004580437381,2035.5340323704904,5.572988452759727,84068.02171870988,19.193612264545635
46.07653479390625,-83.40566241062461,826.6145267979953,6.106566057533192,28.206378779654067,2.063185018342619,469.11029915780693,0.25017096642984277,5.54737270983186,5.561548180600197,82.43508360883392,2026.177882266087,5.54737270983186,83514.07156548748,19.067139626823625
32.31230386478307,-80.63788811427679,1420.1996365567513,0.47112446223917653,85.0,27.21773283600915,1246.2092262082617,0.6102555848918144,3.70039614361212,2.2387396668853325,81.43922979851811,1351.5696914543269,3.70039614361212,55035.397345530575,12.56515921130835
32.32687684550946,-96.02756441415026,201.9977075963873,8.169175116798653,51.32217091278318,28.45043341672408,757.527612066973,0.31456838640583157,4.678139259975562,3.933121273390806,82.65676561614556,1708.690364706074,4.678139259975562,70617.40949303813,16.122696231287243
41.70002995463396,-116.4224760175502,827.3114036903567,6.988791030464148,42.4366545671472,14.054394605273679,622.3132181955118,0.23324272614158412,5.146402307123709,4.646910089751603,82.23324546738554,1879.7234426769346,5.146402307123709,77287.87963622568,17.64563462014285
34.853230581355376,-87.75749643749681,1199.818852504564,2.1864813476847584,30.80224703228491,16.35465741812235,468.87031464090865,0.226039437559638,5.5779274452298235,5.490824040602872,83.3628834151935,2037.337999370193,5.5779274452298235,84919.18505942049,19.38794179438824
29.390515750559565,-90.49441560719359,2191.8826600459734,4.774060087679996,26.878061115010222,15.026742106367461,403.48691470419715,0.11090680698018446,6.647396725655699,6.7261921226515895,85.35437482712094,2427.961654045744,6.647396725655699,103618.57454264848,23.657208799691436
34.85854838718464,-83.91832789124929,1070.2471596382475,3.381436658082428,32.6455893129148,14.605775875619909,451.8464145032011,0.15433413277075325,5.585992487441697,5.426684868379692,82.45630548288254,2040.2837560380797,5.585992487441697,84117.13032981945,19.204824276214488
27.3805684891152,-114.82642567326029,1804.5220277957958,5.687274583331515,40.2709191845603,17.426610631266925,714.9211809949185,0.34785287273418886,5.728586160157912,5.2594353801069245,83.24353194974353,2092.3660949976775,5.728586160157912,87087.97193974962,19.883098616381194
28.23328767614936,-113.47133920538438,978.9446628932282,1.978517753443987,5.0,19.824297320460005,50.0,0.05,7.1173861064100095,8.29175481396766,84.10744691516425,2599.625275366256,7.1173861064100095,109323.9224235933,24.9597996400898
35.960826545747516,-75.91788607015627,1762.2400536323742,5.393096557578936,6.750987283255693,12.629336917327883,196.65963236711735,0.05,6.705539725626383,7.729764576846172,84.3703303522984,2449.1983847850365,6.705539725626383,103319.83841131459,23.58900420349648
34.054210788109145,-83.50119888358817,1330.141823483233,2.1726116365223236,23.536116999098766,16.750740281857276,411.7398678561379,0.09706812500513208,6.068153710530069,6.282039022739226,83.25106411379166,2216.3931427711077,6.068153710530069,92258.54381510284,21.06359447833398
45.9563016256344,-74.95566161018256,1956.1801992301564,9.903733476220754,38.728509862014235,2.284652078897758,612.0390502011394,0.2574521048868318,5.310413668143024,4.932845544945263,85.18029010310273,1939.6285922892396,5.310413668143024,82609.0630917351,18.86051668761075
32.6974535787992,-83.02937265714829,933.5264875527363,2.3318967254043907,30.693083351266676,18.77679234831127,541.4011096817463,0.2826786225491281,5.4886152064948295,5.407100579681966,84.88567845117709,2004.7167041722364,5.4886152064948295,85085.86876803396,19.425997435624193
37.934120406673046,-91.7536134765237,1349.2545026161795,2.173669557066365,61.60618206979072,14.837164290386143,853.2266094502307,0.4119383761474888,4.810058998779216,3.6977652054184658,85.70978490654255,1756.874049304109,4.810058998779216,75290.6484368708,17.18964576184265
39.17434291006873,-88.67683220049483,1404.540163330479,5.381080412943717,8.31685783407616,13.864243359240332,50.0,0.05,6.549482801322833,7.478081540170098,83.87759711347941,2392.198593183165,6.549482801322833,100325.93490722486,22.90546459069061
24.314266958120008,-75.98709210723946,947.3733248710176,6.032607071645723,21.475781547139334,21.458390222746292,293.43167568850214,0.22270866915834897,6.392287738838064,6.709789661145472,83.23077178581548,2334.783096610603,6.392287738838064,97162.89954168833,22.183310397645737
39.924896928401054,-92.74443525635522,360.2708939280853,2.829867591687324,62.361651337839824,22.783873016456585,773.9436969673021,0.3172355221060194,4.1215756851425525,3.1466929612954164,82.97605196698181,1505.4055189983173,4.1215756851425525,62456.303287892806,14.25942997440475
28.272863204874035,-89.85086848626707,251.15272486152145,0.6937154007297885,37.36014784415264,22.606837713972872,449.8561488323306,0.18051168084360053,5.758047261056801,5.40380623450126,84.46054127689405,2103.1267621009965,5.758047261056801,88815.61235048587,20.277537066320974
47.065687619266924,-115.55025733580557,85.84383378921117,2.207301039250179,50.92716649042085,17.30052502967659,588.7383634826507,0.11693585596415446,4.455089754551086,3.7579120218427633,83.43426632578308,1627.2215328497841,4.455089754551086,67883.01737141894,15.498405792561403
27.567905466074713,-98.40825411373045,1928.0986681272116,12.055006819547252,71.92244497885034,21.143139335332503,959.1797438595213,0.3772900791500731,4.800817031987992,3.343974946528803,83.1462453334788,1753.4984209336142,4.800817031987992,72898.40494940699,16.643471449636298
33.95097896944857,-85.31455595426266,558.4210613131933,4.8940886585137715,22.511520477767192,19.61244959710093,255.49891729039578,0.14905863394975633,5.913483377933852,6.164329538419565,83.32756910363202,2159.8998037903393,5.913483377933852,89989.60007863038,20.545570794207848
26.048392033887453,-109.36909429091627,504.7395109558013,5.834041402736578,33.21234191974342,24.61237909984185,227.21580388369765,0.17287131846119255,5.968660263061171,5.774760017456392,82.97446427231363,2180.0531610830926,5.968660263061171,90444.37156301671,20.649399900232126
47.92498204430274,-113.07827425167511,1632.4761109160409,0.11681720250390493,30.09631578324431,7.8858389802239754,491.37061209364924,0.16322602335565628,5.474626735136186,5.41618941705107,84.2985316691441,1999.6074150084921,5.474626735136186,84281.98449997437,19.242462214606018
36.05268024794982,-107.05335235588156,738.0346431378923,2.2079667979103266,5.0,23.035599846987513,292.0321858004882,0.1447926938815225,6.730861662500304,7.841453836812855,81.8811252261839,2458.447222228236,6.730861662500304,100650.21243261709,22.97950055539203
38.28924041568105,-110.958966088387,1137.9960886854487,3.640750826439491,29.412857532392557,14.0489631231711,472.40372480312465,0.24917883695079965,5.886839452346298,5.8521659519200515,84.45452443871244,2150.1681099694856,5.886839452346298,90795.71259537905,20.72961474780344
25.60983545732226,-112.39471760003462,399.39879038953103,6.202521909679497,50.85911937285198,29.61199840141015,691.7352755665049,0.2887834391458387,5.10625234863201,4.309606334129544,83.17002378004035,1865.0586703378417,5.10625234863201,77558.48698158438,17.707417119083193
41.999051289580265,-101.05805448512331,2113.453301143234,0.1768515397257766,44.730611752620334,8.11880883538445,620.7539249690631,0.14448344586074813,5.205617639345082,4.61678793630714,83.12868129273406,1901.351842770791,5.205617639345082,79028.43568152285,18.04302184509654
29.037734234294057,-74.97672025028916,1880.9000100370604,6.697294990343245,46.14349704898418,12.090680650590306,603.9103718844609,0.263993821597238,5.512795145569921,4.834696648965085,86.88305540940982,2013.5484269194137,5.512795145569921,87471.61977278469,19.970689445841252
45.55330294657713,-96.6187790761092,1907.147689374757,2.782361823437978,28.24083834848901,10.68276790946299,404.375895265542,0.20656148756368717,5.639487789922469,5.652538306602616,84.02643196646528,2059.8229152691815,5.639487789922469,86539.78502641601,19.75794178685297
28.923351371568174,-113.85229943597255,924.5635594298112,0.7692707346660723,23.190249751898456,19.143002750622642,320.962687119255,0.08636330821543331,6.411934730000212,6.653461101529219,81.65798552535016,2341.9591601325774,6.411934730000212,95619.83359953362,21.831012237336445
28.576505295927998,-119.8435298534328,1689.0766094704215,1.3357195565300668,57.84660209417517,19.177193165876943,725.7475862786229,0.2896871010723735,4.849403852623381,3.8556338777514036,83.57813564049499,1771.24475717069,4.849403852623381,74018.66728366377,16.89923910585931
24.877192028354276,-86.40756816255204,359.3337340880273,1.1591565909330572,26.048291365561948,14.090977377105501,532.9649180126504,0.16429391373216615,6.389372830965809,6.5022216811495515,84.0939842174037,2333.718426510262,6.389372830965809,98125.84026340907,22.403159877490655
35.329606682639984,-103.32886672043506,68.5308555723276,2.648981962017446,40.29347669827786,21.779843762530156,415.3932502049129,0.05,5.005036224485186,4.59435129598491,84.67345133335532,1828.089480993214,5.005036224485186,77395.32285094884,17.670165034463206
37.556187198302794,-79.6211288843906,92.94180504276046,0.1857424464218072,37.94002425219569,18.796585540520017,602.9934938501642,0.3025975096936179,5.132872022821038,4.796257404180517,83.61385421383373,1874.7815063353842,5.132872022821038,78378.85377675919,17.894715474145933
25.577007346280457,-88.38641849339841,1311.193735419805,0.6041428238201176,61.31090629262813,15.681343270949657,848.2329253650406,0.35324295887867435,5.166713908325572,3.982625304071513,82.48264458644341,1887.142255015915,5.166713908325572,77828.24195226852,17.76900501193345
42.612662800680255,-81.0029616707661,1029.0990462830728,5.8625228501289754,52.485422438102475,11.465842500919322,924.8790956400092,0.465250039685253,4.723104155717092,3.9324661690367275,82.35752907283157,1725.1137928756677,4.723104155717092,71038.05467535027,16.2187339441439
34.878932033952665,-109.31491387140377,1163.7330001533176,0.49790876942210843,11.685344827991827,14.191003006784104,197.6812875167077,0.1252333127272704,6.601812630092391,7.382163956603921,83.01960107222749,2411.3120631412457,6.601812630092391,100093.08277131802,22.852302002584022
36.58536646386192,-86.61261818710287,66.04575189702172,0.9302484089506304,13.62404299804928,21.0144131523747,154.7460482543651,0.05,5.9149502621745516,6.53384155768714,83.16333695622185,2160.435583259255,5.9149502621745516,89834.51619140057,20.510163514018394
34.57830592651747,-109.74065282653919,958.7762322634653,2.113944805488761,45.42037672524442,12.176575326609987,611.1145543099722,0.2504720312906013,5.060558740633099,4.463703097681233,82.2975387526511,1848.3690800162394,5.060558740633099,76058.11299591926,17.364865980803483
33.61831346100782,-73.29030210968426,1593.8465465818508,2.547961299118354,33.841922347175,16.167621330676077,477.7775823124261,0.2273828621686862,5.995669443462431,5.774468474080018,82.90078025834445,2189.918264224653,5.995669443462431,90772.96640311152,20.72442155322181
37.43136795139723,-89.63578879719779,1001.791459229987,5.047960135546751,26.80690788883225,21.611786266544463,261.0176409440114,0.15710152123112525,5.729167586571925,5.799932229475891,84.98918778665903,2092.5784609953953,5.729167586571925,88923.27188992778,20.302116869846525
27.725765902337102,-106.47636279053152,1624.271293571278,2.0754950699865398,53.28130191190047,18.52576286388322,669.2512742548154,0.29498822914327366,5.22755800870964,4.323351934783347,86.47261891154173,1909.365562681196,5.22755800870964,82553.92033227626,18.84792701650143
28.366275131886507,-109.44635943621728,550.9907734531948,5.460011529819889,38.37426887760039,25.71617676030113,358.7453673672197,0.20475689366748245,5.781766808275073,5.385022651311756,84.84672186668598,2111.79032672247,5.781766808275073,89589.24324608967,20.454165124678006
44.682854904324415,-113.68996440613125,1798.2553096357099,3.37134575574474,35.94423296400999,13.279688563330648,410.9215716587305,0.15638388469074746,5.215609767915922,4.946434073667754,85.95879162928021,1905.0014677312904,5.215609767915922,81875.81210909349,18.693107787464267
46.70677109120719,-86.4893882197387,1315.1271669749224,0.4200796207796432,49.03691553359089,15.35227522281886,695.9074656363175,0.24010426667584797,4.750886053669941,4.070281677539234,85.46117770235054,1735.261131102946,4.750886053669941,74148.72994258533,16.928933776845962
32.95942359071407,-112.18935689811192,503.1406637742984,0.594984463606432,28.24803809101584,28.133110836592397,425.4900382026739,0.17404705323972428,5.8339055029258695,5.847111909448786,83.99645115796055,2130.833984943674,5.8339055029258695,89491.24637102187,20.431791408909103
30.49787215544529,-91.85362363991558,558.9490230857408,2.010874445106277,63.23334173850597,19.484404421517194,687.3338148394434,0.296648334053244,4.591327342175833,3.477318014582944,83.49330560541401,1676.982311729723,4.591327342175833,70008.39832406171,15.983652585402217
39.45598903773638,-109.7097085460307,1400.2654988245047,1.7697913497695275,20.815142781805854,10.369541498251639,277.69082864086187,0.05562774219672811,5.980141105916057,6.304826890274345,84.21136631758041,2184.24653893584,5.980141105916057,91969.19270911659,20.99753258199009
33.809620106354316,-88.2536769811311,1834.3701254067532,4.762797271558973,46.824723194157585,16.74768291840573,711.8871198004194,0.22978352904284366,5.300271014737685,4.62303915585146,83.36907098631596,1935.9239881329395,5.300271014737685,80698.09219538348,18.42422196241632
24.609272535848277,-79.99325465881088,943.5997313626837,3.0424002155526186,60.808991095877204,25.040893580684457,835.0346560046573,0.3703004214922786,4.798176039596032,3.7154055390375125,83.65498182422577,1752.5337984624507,4.798176039596032,73304.09152835884,16.73609395624631
27.74766233678857,-81.98663687018873,605.3459226243233,1.719341654569399,10.208681193102201,25.589523533786284,79.5426721256508,0.05,6.861266239711079,7.743208130297855,83.86644123706537,2506.0774940544716,6.861266239711079,105087.90044532568,23.992671334549243
41.18333349233754,-82.91402812973779,1914.074954857791,0.6553610074786735,28.819966834655915,17.454254971160157,362.2634211803614,0.14265104687538382,5.712945355175301,5.703006156559885,85.07034922736854,2086.653290977779,5.712945355175301,88756.16208995876,20.26396394747917
39.81417460584363,-113.86299009261839,1488.926827264295,0.9004293137618907,55.559733071940045,12.684466926242864,723.7599275094384,0.2835820031772248,4.901851291241833,3.975802704392013,84.63498507227268,1790.4011841260794,4.901851291241833,75765.28874594503,17.298011129211194
24.650303820083604,-119.22721286283598,1013.3837976586145,2.998959853589039,55.83040185915846,23.545070531254048,717.9525701174127,0.37517694930374923,5.143383799997243,4.161960268708571,83.75725610547846,1878.620932948993,5.143383799997243,78674.06730306085,17.96211582261663
29.327331886390787,-86.25676326168119,1098.985419850499,1.9273582844480437,31.913079193011693,15.386220545937748,464.1654612266485,0.2564903335308536,5.827930980656345,5.691606616367968,84.0833081113375,2128.65179068473,5.827930980656345,89492.0421889472,20.431973102499363
29.545795118113713,-104.10925045510503,489.15140606325224,2.5320992653143874,21.775920313816528,30.7999196624364,535.6317071669765,0.16131219348428183,6.185139480251007,6.479357645138703,82.33022764631572,2259.1221951616803,6.185139480251007,92997.02230425282,21.232196873117083
40.12542584636948,-100.65330377421924,1397.6256546394145,0.6550113449763345,52.20684480195372,11.609250411100215,656.5258355368338,0.2469127708196584,4.790516245370867,3.997935327441836,85.00109165708675,1749.7360586217092,4.790516245370867,74364.73754730681,16.978250581576898
24.47305290610474,-122.31794898915689,821.2963976672106,3.8058797152658386,56.303883846468885,21.647780491273494,756.4401105844217,0.35768359280865536,5.275362315499727,4.251271069180122,81.72150725511419,1926.8260857362752,5.275362315499727,78731.56597242014,17.975243372698664
26.49860596762977,-109.98287173914734,2190.637129849851,6.699664256501103,14.036059726776895,13.735442101284375,191.33504223735335,0.10981974612072601,7.079070912683203,7.799349260236271,82.3839165541516,2585.63065085754,7.079070912683203,106507.18989005212,24.316710020559846
43.197986048956544,-122.18147419077894,1082.3945578130588,1.0441357916379168,13.329554318605155,10.569350054326907,117.87831702464283,0.05,6.034987676866313,6.6788793398832595,85.66096580090901,2204.279248975421,6.034987676866313,94410.34468106848,21.554873214855817
28.285071889304007,-76.52396827953262,1094.6540533076684,2.3671131398436036,39.05462027570479,16.880699187884257,656.5882642122098,0.21669843317354232,5.953447927683834,5.516569976192485,83.90869564510342,2174.4968555865207,5.953447927683834,91229.59741832188,20.828675209662528
39.665906588445,-110.85657910619935,1266.5813429329446,12.98569388995309,46.32849140172006,11.722618188976925,411.510342293437,0.13733564031458814,5.136410136160731,4.497957233591066,83.36388510994954,1876.073802232707,5.136410136160731,78198.40045355678,17.853516085286934
29.716386745121437,-93.90379284305757,2021.0254067053054,1.4186470492994943,29.616756465859012,9.05931521896505,361.5286734841586,0.12479856890775162,6.542951509106279,6.495074801035657,83.60475079061094,2389.8130387010683,6.542951509106279,99899.86176837774,22.808187618351084
26.386593426224284,-121.89511668429896,1771.758914698463,3.1639392761688248,47.22728875968229,14.125966703653805,743.0134162675483,0.32343864000076683,5.823078980943475,5.062637149607991,83.60444204163517,2126.8795977896043,5.823078980943475,88908.29103146863,20.298696582527086
29.8361325839869,-87.99024086949447,1019.929650065359,0.3308401521740802,22.21754107692712,27.26994453266958,281.6361442381163,0.20253475116741032,6.197502258880757,6.473149883579684,83.92892885921873,2263.6377000561965,6.197502258880757,94992.34374553102,21.687749713591558
41.33440636453582,-106.55652332927893,1595.2034218415113,3.2600485671885497,5.0,14.366120601316794,50.0,0.05,6.766264632930919,7.882698297364521,82.33797540902886,2471.3781571780182,6.766264632930919,101744.13696606735,23.22925501508387
44.536715234550854,-75.51236390428605,1310.4063223786375,0.3286714080917315,27.369780698013273,15.110063239469799,427.25260521606225,0.12672015646226392,5.799655567233963,5.848439573686319,84.03716661974514,2118.324195932205,5.799655567233963,89008.98170409618,20.321685320569905
43.9252767496078,-76.04161779756207,1108.589154707685,11.199797307253071,36.13817863723582,17.399514838805725,596.5688244610167,0.24314101968402646,5.460691467718662,5.171453655059668,84.3691765941756,1994.5175585842412,5.460691467718662,84137.9020601889,19.209566680408425
33.53240471084291,-106.43430660846562,463.47891148635364,4.401578653271112,30.034880721863782,27.929561580138483,441.5518746275988,0.23556689678720244,5.873838361948598,5.813665792273881,83.42257724279285,2145.4194617017256,5.873838361948598,89488.21038100163,20.431098260502655
40.03404327769551,-75.34811163271473,1047.4629664280155,5.4317305214176015,14.145141254129268,7.661675487121566,117.9099415765214,0.05,6.329526735445615,6.968707734322076,84.33429599431544,2311.859640121511,6.329526735445615,97484.52759365953,22.25674145973962
28.9196230899797,-70.20748563106594,578.5099620985354,4.262119599500007,5.0,17.174087337870294,115.62033191517432,0.1208568458417367,6.884250718758651,8.020152087353829,84.77385934547104,2514.472575026597,6.884250718758651,106580.77220167455,24.333509635085516
31.03554552626432,-79.4275541373068,2016.9106221810575,3.118281074844103,25.74640152137784,10.734556758697027,320.2446912718108,0.12483371992413769,6.26984736702518,6.393834785905929,83.14095577341253,2290.061750805947,6.26984736702518,95198.96137107046,21.734922687459008
45.51205964450688,-78.37694722121763,771.1246490171459,2.091874517192387,51.15780388969539,11.785030728927786,790.7279426451182,0.2927539759864639,4.50841833162274,3.7956165319142414,82.58729590151256,1646.6997956252058,4.50841833162274,67998.24164112956,15.524712703454234
24.312046164257666,-110.55352825010914,2097.3676312467505,6.840963917738523,57.611553909446286,15.3704635075093,954.8876432179071,0.3178603870026867,5.087956827015538,4.053672499218859,87.68550666487577,1858.3762310674254,5.087956827015538,81476.33069755472,18.601901985743087
26.052204740507236,-92.85807046168117,1196.0688737036292,10.999592668152893,56.37884091449219,18.508253287029437,528.7460972340374,0.2556369125185469,5.345014624942001,4.304597445353727,83.54810297313864,1952.266591760066,5.345014624942001,81554.0851196942,18.619654136916484
28.989270123504657,-120.36818064576214,1407.8204141537447,2.419274836682449,20.313628367326046,18.792962026182398,295.49754446212796,0.11456541709714323,6.504880950256126,6.88089300092694,83.72331829401814,2375.90776708105,6.504880950256126,99459.44111027833,22.70763495668455
24.636772892971674,-118.87443141162984,1217.3219556520546,9.385016659060367,14.23328617465345,20.968023982883334,50.0,0.05,7.137088364716483,7.853416489618186,85.01676014657681,2606.8215252126956,7.137088364716483,110811.76017697065,25.299488624879146
28.354450442155134,-70.0597989502023,328.1683264784069,3.0641370246440034,43.93942306963812,20.708316487925153,859.3307815079107,0.3130139052443946,5.183505127622148,4.625884579642981,86.39413393829136,1893.2752478639895,5.183505127622148,81783.93767300664,18.672131888814302
37.992997463272616,-106.36148053100081,858.015620867073,2.705578075263827,46.43180020876265,7.910877929241677,603.2327495430582,0.23539217726372305,5.190219769020841,4.541324991341788,83.18320782459794,1895.727770634862,5.190219769020841,78846.35856179074,18.00145172643624
34.11418921421995,-83.5980687493623,263.16414139689147,2.121072872097426,42.203052893608955,17.361319325101775,665.4800646930626,0.2529542979710392,5.1237183943258575,4.63480616433719,82.50177709771572,1871.4381435275195,5.1237183943258575,77198.48628473516,17.62522517916328
45.424121065847395,-80.44008713655191,1389.3511949942708,0.8218741020199996,5.0,8.415434932147019,66.46831404051044,0.05,6.164605929971758,7.181765908417098,82.13676997381259,2251.6223159221845,6.164605929971758,92470.49211540184,21.111984501233298
43.61864548172258,-77.66674336560962,1010.7795196809436,0.013043085857491584,19.396077472097602,12.329394187589243,191.2366265374605,0.05,6.06357011866297,6.453017811941982,86.38965933225438,2214.7189858416496,6.06357011866297,95664.40935176802,21.841189349718725
32.20361644074902,-70.12807194028355,1722.6676888775141,0.9674724138160847,34.46560177485239,10.376364320033222,390.3131201301908,0.08592141868655173,6.085008115994617,5.833945473535233,82.44283952030844,2222.549214367034,6.085008115994617,91616.6341030245,20.91703974954897
30.22616240235102,-110.95918979612914,524.0115341486451,2.4947478202285898,43.76992750334769,19.814943382213137,771.3469023569436,0.4578195299135568,5.379582473998867,4.8072514246021685,83.95866609522665,1964.892498628086,5.379582473998867,82484.87660266552,18.832163607914502
33.112617796014405,-121.82105534957621,403.8170256230701,1.6728992346486518,48.81153252684476,16.556287309735822,778.9552613936577,0.2563944798804817,5.024798927306669,4.3128817588004145,82.53407275193554,1835.307808198761,5.024798927306669,75737.71408203595,17.291715543843825
38.16707862035538,-101.79565802829237,923.6142965721008,2.0828032943221384,37.59656340107672,15.70346573178624,720.7102963528305,0.30936890716080634,5.430516322699787,5.087438328650992,81.82746612306254,1983.4960868660971,5.430516322699787,81152.22942663134,18.527906261787976
30.43352737974903,-116.97564382923686,2042.1585739195195,13.807397980408858,40.95410851768825,9.80175449606488,578.9028527634053,0.1526081305635501,5.830848471986327,5.325437758880119,83.56143697035947,2129.717404393006,5.830848471986327,88981.12332593187,20.31532496025842
38.97957378837921,-122.78900198524903,1577.4069022766853,1.509207124984221,36.52757825049987,9.17653865836407,540.1780576315982,0.12522181884893385,5.409521796600688,5.108249040859012,82.59332000048826,1975.8278362084013,5.409521796600688,81595.0903709164,18.62901606641927
33.82587965258977,-104.53695133435974,950.6857933047752,2.1063485755101263,47.34114873593269,12.79018866585417,636.0569257375289,0.2699150436499171,5.1081479419682,4.4369983899607846,82.96255736186502,1865.751035803885,5.1081479419682,77393.73866541946,17.669803348269284
37.249132340447524,-81.67813444193723,1162.1351649717676,0.5015889105765196,40.6315817268364,14.81321183966064,540.1339238642087,0.2337741809985021,5.637295288576667,5.161388776639212,87.0091576461261,2059.022104152628,5.637295288576667,89576.88942853714,20.451344618387473
34.4670366992476,-93.42624267384618,231.05797403076144,0.17201046266502576,36.18327788085117,17.868752535375176,402.37719708417956,0.23073211499186067,5.800934158866978,5.491843302168735,84.63734415625859,2118.7912015261636,5.800934158866978,89664.43005941129,20.47133106379253
31.067178229006025,-107.10998858264088,2166.838177208643,5.227168099873205,30.169361615527144,16.81271597760579,430.77208170981515,0.19946570942987493,6.484797658005205,6.412261750771068,85.39720427933098,2368.5723445864014,6.484797658005205,101134.72818050944,23.090120589157408
46.762879367091756,-88.66553170339313,1482.7757050940756,2.959460395429387,36.46324565076466,11.166226826109925,431.56077962208553,0.17232645557191276,5.26624075598304,4.975319294789301,85.23698934427387,1923.4944361228056,5.26624075598304,81976.43737778484,18.71608159310156
42.32653905983426,-111.47101826332423,663.6187471963583,5.005200788105075,43.72264481910695,15.355556214358218,656.3079196839175,0.2259816209983821,4.86759007555488,4.3513407066763845,83.84870861538147,1777.8872750964201,4.86759007555488,74536.77604027714,17.017528776318983
27.362716218394862,-123.2234019121074,1309.4880475627754,0.5682513530708646,39.8145570001651,15.949395474533283,574.4048199003324,0.31428594503681595,5.678068580504353,5.231193800559863,83.34042246093357,2073.914549029215,5.678068580504353,86420.45733198564,19.730698021001288
44.84323142154991,-82.72491713243292,285.38708704833704,2.9688123362652146,41.85487553021457,17.915691646326067,614.7364617905762,0.30258275471525126,4.68993958775087,4.253849641474274,84.37340191779167,1713.0004344260053,4.68993958775087,72265.83706958854,16.49904955926679
35.69834875798833,-90.3178734173435,2126.5488379363046,1.023926878345859,59.168993504321335,14.065802426618278,995.8789030295213,0.352633069041546,4.806545251087328,3.7770651881261044,84.25267615489874,1755.5906529596464,4.806545251087328,73956.60537218815,16.88506971967766
45.46925344545819,-82.83565827694815,425.78772394923675,0.9059778205384206,39.772950609438574,15.980650978604151,553.0495135555809,0.23233548372535714,5.20210907769928,4.794208301353417,83.14679187425203,1900.070340629662,5.20210907769928,78992.37657938684,18.03478917337599
43.196526142735564,-121.89734709886606,1443.2651838187105,0.040575336944566345,23.318026631483164,17.760044738543165,402.12507312610705,0.17475472537886944,6.081575548904642,6.305218274410423,84.1947717457003,2221.2954692374205,6.081575548904642,93510.73250610143,21.349482307329094
34.205124107261604,-78.79554009714478,577.7270944587004,0.4887882311526073,50.90492214789504,21.557607951738042,917.8198564790887,0.3651422573693368,5.0505645312593455,4.260987277644476,82.94050543995556,1844.718695042476,5.0505645312593455,76500.9504806791,17.46597042937879
24.539263399682817,-90.54558519803962,1592.7569726943518,1.2950123745040691,10.408429921959485,22.647975476943113,276.37972583693755,0.15375074338906372,7.068584442999886,7.967291270842941,83.74281310403873,2581.800467805708,7.068584442999886,108103.6170236866,24.68119110129831
30.448256625238706,-93.57665106151742,1720.1659395666043,0.43502474340319214,15.534559146692832,16.231716482953473,332.80079789918415,0.18025365604206894,6.8935235149261,7.5226132765091585,83.49707478822398,2517.859463826758,6.8935235149261,105116.9499786902,23.999303648102785
36.99922115186081,-90.27084140181529,1497.8524171595802,14.905230649188976,41.045250764961246,16.56374620889264,543.9646891574075,0.21712766892533114,5.379470747329775,4.909752816147262,82.09669111109133,1964.8516904622004,5.379470747329775,80653.91115549045,18.414134967006955
39.20347727582754,-77.32060466910835,1371.1738395486639,1.2917939072515008,44.295140020158414,10.315441097457585,643.0962658389974,0.25391331514303267,4.854520591053672,4.320203024084154,80.47326268033174,1773.1136458823537,4.854520591053672,71344.12009358569,16.288611893512712
30.189304450396854,-92.30542864581902,1968.8085519968251,0.48872071221867747,12.589077976928088,12.737176784486115,50.0,0.09578125646670992,7.003941948587317,7.787518138948277,82.59140512509045,2558.1897967215177,7.003941948587317,105642.24494394982,24.119234005467995
27.34454577774778,-92.62867948603832,219.0474286279798,0.776989849215768,28.1092853422385,25.99717147080312,443.42143488778044,0.2314008758213537,5.873635321532184,5.892636547094228,86.30728840855821,2145.3453011896304,5.873635321532184,92579.4678228593,21.136864799739566
44.038325683183174,-70.50332551844865,761.4667464274196,3.1010415428254747,24.090491020046144,15.74381763666,364.71289204203015,0.15558172451293178,5.446862789526518,5.617712153602237,83.53547732694491,1989.4666338745608,5.446862789526518,83095.5224433709,18.971580466523037
47.62565233688525,-83.13657097829733,583.8180812063189,0.2316520620443403,26.23982618813126,15.679813334143033,369.6960791494558,0.07257958102493724,5.254322840908497,5.340079782517827,85.1639522413446,1919.1414176418284,5.254322840908497,81720.83401821752,18.657724661693496
36.61656437526446,-100.1161345056387,2174.2300184406563,6.942783480731546,51.984759972913025,15.052967508042627,830.5061184450683,0.3632442213340302,5.078361864259773,4.246052279127752,80.81333228535996,1854.8716709208823,5.078361864259773,74949.18034441506,17.111685010140423
28.120302860359285,-85.8005619982219,887.188026283778,11.399810471771533,47.71709834385055,15.210038894157787,547.261894571468,0.2629299626506617,5.348406349437843,4.631614597012409,82.4875708980535,1953.5054191321722,5.348406349437843,80569.9583801984,18.394967666711963
30.535375836464855,-102.98155452864341,1625.1173033668572,0.9917413684707931,34.65580076263326,12.235684166315345,648.6674957929004,0.13255204182712316,5.943288045604252,5.690159810041295,81.96826557395647,2170.785958656953,5.943288045604252,88967.7799817044,20.31227853463571
24.441376237139202,-111.64072502589106,1522.15910234416,2.0930358098262296,25.172685311931296,20.308875745863574,442.5940631610665,0.19700766539967898,6.296049758426833,6.445840355172221,83.69654998486934,2299.632174265401,6.296049758426833,96235.63961010892,21.971607216919846
45.94317135745197,-91.76999864806099,505.9746605763621,0.07834082860878538,10.70630593603747,11.898245059050957,142.8248851393272,0.05,6.106112978584458,6.86971817890021,87.63293322080287,2230.2577654279735,6.106112978584458,97722.01491146331,22.31096230855327
26.826025989363387,-73.87816670184662,563.8450124548353,3.582691149174849,60.56332889807508,36.620136207669745,833.0136457913117,0.33604630507323563,4.6720064767156915,3.625741918015944,80.04230393177397,1706.4503656204063,4.6720064767156915,68294.10940473768,15.592262421172986
37.836395412342085,-73.826465919165,654.7618116390233,1.870082607986676,45.65805020512853,19.76269148293149,687.2738243966589,0.24099504586044182,4.873947789413067,4.290992677232301,86.54341879991712,1780.2094300831227,4.873947789413067,77032.70512962273,17.587375600370486
30.577325296492944,-105.53711498230352,933.9236482576654,1.1017679350901857,22.279956126683473,19.25726197956922,464.00450897994654,0.18592574755479563,6.223399401876235,6.497479822823067,83.6183449084715,2273.096631535295,6.223399401876235,95036.28907300152,21.69778289337934
37.300272060379044,-95.50541682402847,553.7988911486326,0.8110433428381898,47.95279095724805,16.384006024750832,681.4998452704738,0.35355784767176396,4.913601520386565,4.2469754785836855,86.04730406078261,1794.6929553211928,4.913601520386565,77214.2452111336,17.62882310756475
39.634089320444744,-112.5716614772275,92.25068790572277,3.7148412160460165,33.73597482965674,17.782757233499073,486.70673781311694,0.18047454914802297,5.463688339312199,5.266166041129761,87.10988506002433,1995.6121659337807,5.463688339312199,86918.77319943892,19.84446876699519
43.913803288972844,-70.2359200870603,1940.6950721354704,1.8837909779670698,29.832028912477828,8.655875804545579,419.46025253727674,0.22305378316352448,5.706767440669216,5.656409769795241,83.83594640038432,2084.396807704431,5.706767440669216,87373.68952392042,19.948330941534344
28.954110522254478,-71.01963297513147,2126.0611374689006,0.6931243334313103,42.833807509212846,14.788272308126015,777.875716399127,0.2837983208889891,5.885443968921551,5.297860944208558,83.19110293315894,2149.6584096485967,5.885443968921551,89416.2270141036,20.414663701850134
24.263899887803532,-88.92651779579785,784.3763321178711,4.089096104305472,21.65303150157095,21.332566811125005,266.25413072829093,0.14887703076958983,6.579292904280678,6.89792002953565,82.02328359451478,2403.0867332885173,6.579292904280678,98554.53231337006,22.501034774742024
27.285255121651375,-80.56164077741644,777.7897907647666,2.9140140036045965,28.81238264881802,20.740077255353437,400.4225972215452,0.16692554162340806,6.150771152279719,6.1403967785621,83.53640961213455,2246.5691633701676,6.150771152279719,93835.16092664037,21.423552722977256
45.600447404354526,-85.38459129068019,65.24739746489762,6.848352831761694,37.186299155591826,22.530699981654358,666.951753604385,0.2954978054412911,4.923448560496572,4.626544455261332,84.12284501280118,1798.289586721373,4.923448560496572,75638.61809594819,17.269090889485888
44.973361861500365,-91.96945617186871,1512.5389799103043,0.43739213172421354,26.00987852806616,15.73731211337745,378.8393827542126,0.1582074056191296,5.363107014633424,5.459272083674664,87.04643042602372,1958.874837094858,5.363107014633424,85256.53111023306,19.46496144069248
38.337914452087404,-121.11920816259952,1824.6957758595518,5.390778895049783,47.04353378481543,12.632595537002418,772.3153589919682,0.35387932786871384,5.169703015457606,4.5012359292931325,82.05753903885586,1888.2340263958906,5.169703015457606,77471.9186677384,17.687652663867215
38.41240465040768,-99.4427255021563,365.2078457740068,3.9178186111238285,68.6431970662087,13.523339769499561,869.876753236626,0.23406939128523957,4.27211952704606,3.073779834357325,84.08949284054546,1560.3916572535734,4.27211952704606,65606.27154553561,14.978600809483018
39.96088018911013,-87.56153968295983,393.2826511393741,0.427629972169466,21.422633613071433,20.205203285759744,279.3876184201486,0.05,6.337449653933919,6.654585550878114,81.27853781791558,2314.7534860993637,6.337449653933919,94069.88937953953,21.477143693958798
28.20891068696279,-87.41329285028104,1748.678987438591,4.153995664462,5.027744666527202,22.77972502011789,218.8318291754037,0.1120339537235171,7.124088835229713,8.29817990475931,83.35985575674214,2602.073447067653,7.124088835229713,108454.23360800417,24.76124054977264
45.94588670219903,-103.85137860519129,1375.025108961411,2.0390486734936086,5.0,15.928349847052893,50.0,0.05,6.39096987876656,7.445479908763042,84.46709303611803,2334.301748219486,6.39096987876656,98585.84147061412,22.508182984158477
34.05049259740976,-73.14863272046635,146.45019889959158,10.150509270111897,32.29157345309032,24.882730747906322,436.95212436629373,0.1555343673702619,5.455148122371034,5.313090532808016,84.76887472903285,1992.4928516960201,5.455148122371034,84450.68847195667,19.280979103186453
33.19532467798794,-114.96272025921382,1388.4760294939056,0.5344440876141423,23.063037377728712,21.809415568579183,348.55104637734985,0.14251256060539663,6.552899258232421,6.80557078620317,84.88353461946288,2393.446454069392,6.552899258232421,101582.09747191497,23.19225969678424
36.4540249267881,-96.98058990435973,714.173104114097,3.603435197868211,38.74148901920745,18.238360352290957,443.4653944696056,0.14337024081502417,5.1374318086869275,4.771695864402111,84.59610604933026,1876.4469681229002,5.1374318086869275,79370.05335563455,18.121016747861766
25.127183202601323,-86.69226526625556,842.7590842623188,1.6843208660278417,37.38675809646982,24.991384016852628,482.0336014883878,0.16626926381880622,5.968936431638116,5.6006094407257185,84.87063291014437,2180.1540316558217,5.968936431638116,92515.52625411622,21.122266268063065
27.990800850145906,-86.3546664818423,1704.9225493382924,10.997890534467393,6.14209676094627,14.156424605442158,97.2530228358118,0.05410120285593454,7.045547931018051,8.151736457338277,84.06860869350399,2573.3863818043433,7.045547931018051,108170.5063745507,24.696462642591484
41.71280679423289,-88.97349633448397,1793.5106642461128,1.401540341540823,5.0,11.430745445987485,74.66817341619613,0.08157648671240551,6.609296223872148,7.699830100811052,82.42820054101654,2414.045445769302,6.609296223872148,99492.71105949985,22.715230835502247
25.987168030203037,-109.13443647359955,910.7667477056359,11.46275718367125,40.326798326229714,27.07007762376255,692.6103786509295,0.24066518870848025,5.732600569461412,5.260878694007194,80.39448350497489,2093.8323579957805,5.732600569461412,84166.28548353723,19.216046914049596
38.47565062719332,-115.56484529092242,2086.3788124136627,8.11144284115423,37.43771902495923,7.896369509747131,678.2737858326545,0.2538611676209042,5.795605122277278,5.435906493700715,83.17996826739417,2116.844770911776,5.795605122277278,88039.5404357204,20.100351697653057
29.888378632351703,-89.65922235135761,923.8948435969553,1.1033255189862339,27.335276029402078,16.48498167959981,297.08537721153795,0.08722252517178855,5.939289834580768,5.990682912168711,83.79807685040515,2169.3256120806254,5.939289834580768,90892.65717734223,20.751748214005076
33.34309473700743,-91.63768572847036,1709.4474757447363,5.695569162468682,5.171415467618516,14.83832574571776,83.52666846340817,0.05,7.135468717874128,8.304259148374697,85.88089769576321,2606.229949203525,7.135468717874128,111912.68381959104,25.550841054701152
30.928649682496797,-114.31477544438098,1090.3361188131569,18.99487152381186,43.48504272976983,17.723778233914658,676.2154290592542,0.2888420182905647,5.463992208417179,4.893577107493561,83.84909748726571,1995.7231541243746,5.463992208417179,83669.79265388404,19.102692386731515
32.53614519515878,-85.92248613918957,1979.6945020224807,1.019336712106671,57.89419181763098,16.056853036347825,962.1534320267534,0.44763315063590525,5.059874865499589,4.021288276344406,83.70514644867497,1848.119294623725,5.059874865499589,77348.54810555038,17.65948586884712
41.257101724421894,-99.42071244638255,2001.686673847884,2.0092797813789423,40.0036839239406,7.612832750982557,631.9006046668813,0.31412407897699474,5.54959297797452,5.105482429787533,84.57829069026268,2026.9888352051933,5.54959297797452,85719.62546495089,19.570690745422578
31.1309211749562,-87.94092805342974,237.9461369228303,2.570210231754211,19.74546996982884,29.675113249066413,305.5279197368369,0.08376498106831178,5.968959707591394,6.337732246508124,81.72493671919663,2180.1625331977566,5.968959707591394,89086.82253157505,20.339457198989734
37.593711367125536,-78.78217769241186,2063.4606623169852,1.223109304302865,35.801938980280724,5.606822181364359,567.8813989221932,0.17403234712490667,5.8507604206934625,5.554632531842793,85.2158129984204,2136.990243658287,5.8507604206934625,91052.68049151672,20.78828321724126
35.42520965277839,-114.83466485684615,1824.8999092688937,0.05383891344961174,10.409946543193673,17.949095254784194,213.1161350383374,0.08987866697889148,6.675693572661789,7.524376994583091,86.96900042757582,2438.2970774147184,6.675693572661789,106028.12978411876,24.207335567150405
39.92810796870356,-122.96617712817081,1751.3180357722338,0.870194747509553,54.043292849098265,8.216364321989817,663.8346706589388,0.31806146376954786,5.029333663536611,4.132588132143572,87.28617827131605,1836.9641206067472,5.029333663536611,80170.78885464593,18.30383307183697
46.48391374379419,-81.92846033462752,481.95938032387323,1.1591923314328787,36.4731980215317,7.488510975337153,529.9046515520707,0.228536127228882,5.015559573125328,4.7381370052546705,84.14556094086673,1831.933134084026,5.015559573125328,77074.5205868302,17.59692250840872
41.58173033304601,-91.07633904175874,1781.0062988225295,2.0519354874258915,5.0,11.334690481412117,215.91609941886915,0.10443027321821688,6.628428399909997,7.722119085895147,84.50533854704318,2421.0334730671266,6.628428399909997,102295.12663763064,23.35505174375129
29.15856908617816,-86.21946324040542,1877.7853795728292,0.6568056193720848,29.587861512013713,14.471285069300144,393.4943842987915,0.22104753984464148,6.1937964128695,6.149727361960269,86.36828418056022,2262.284139800585,6.1937964128695,97694.79974173558,22.304748799483008
24.74839524147083,-78.73963135061331,671.6732190764245,7.229505532978662,43.339427184216156,19.06641857434388,619.6966448337706,0.22125010738586923,5.731995377312412,5.1394446788478305,83.7750569656556,2093.6113115633584,5.731995377312412,87696.20344508064,20.021964256867726
30.2943370631958,-80.64820951947698,2097.3591684789963,4.271675530601337,29.005142822440597,7.155244912305854,381.82035456156615,0.14809331006700108,6.5027437158598245,6.483001387518093,85.01878821288626,2375.127142217801,6.5027437158598245,100965.2157414465,23.051419119051715
38.281870336806115,-72.11031206584346,157.19931475820314,0.31167618604808556,30.03387701407687,19.953718625560406,189.08832863638872,0.1605170791865554,5.369196266103042,5.314231057079594,82.29725980547126,1961.0989361941363,5.369196266103042,80696.53432810107,18.42386628495458
25.23421952362201,-95.05950574198562,372.3048944813503,3.6753020692692395,12.96076027314911,28.686424308458612,183.50966154755545,0.06662180282326675,6.562762086326412,7.279905800677573,82.05917155420406,2397.048852030722,6.562762086326412,98349.92148629847,22.454319974040747
35.91278993282967,-97.62123583636512,1205.7994468107559,3.71113453797967,45.19773776746981,18.150061268518645,662.9475218098646,0.212861285789115,5.3349655566976955,4.714060048426492,85.73417192496797,1948.5961695838332,5.3349655566976955,83530.63950771719,19.07092226203589
38.324228374005344,-102.29809120590058,1287.9538129129658,10.950117482515239,23.327554399655526,14.54115476248983,275.33642250708715,0.08125570456543824,5.766446460294102,5.97811609788644,82.92270654931856,2106.1945696224207,5.766446460294102,87325.67711628415,19.937369204631082
32.02185337960706,-115.70068368641296,1437.0726790969422,0.010589051893204533,5.0,18.320192876563056,50.0,0.05,6.832255966941028,7.9595782014862975,83.80792323190548,2495.4814919252103,6.832255966941028,104570.56065095449,23.874557226245315
42.50189288989972,-93.07920942437079,86.4836280282529,0.9972519608822421,28.31736732793291,18.33287352989243,308.3824966128958,0.14635083620710343,5.153868049459571,5.163033836337778,81.63868553159682,1882.4503050651083,5.153868049459571,76840.38424203443,17.543466721925668
26.558358075210524,-109.04132368639715,2114.78856543758,9.19869029048962,52.660694880266355,9.755899066845876,813.6684899372854,0.2942311872944299,5.4114056907069035,4.498908141186711,87.00865244176445,1976.5159285306966,5.4114056907069035,85986.99373556937,19.63173372958205
25.80330676165941,-74.24939434049932,145.8643993784096,9.415766008621647,28.035269961200946,19.975614019467443,589.7462567615037,0.2592793196270221,5.84949293767721,5.8714467297052195,85.89454210472535,2136.527295486601,5.84949293767721,91758.01687003441,20.94931892009918
41.47653014888648,-92.50769656903674,357.5831983553151,4.462717794276785,66.28372973222336,16.73497132528579,1066.2155503416702,0.4074532183819967,3.792805083283005,2.7915572304682703,84.28214934922912,1385.3220566691175,3.792805083283005,58378.96023848391,13.328529734813676
35.89179158894876,-91.98663025256205,80.1312126810225,5.079981291976662,42.72142307387331,20.805424576103643,463.66532255117113,0.08702495747640991,4.897786704526998,4.41266111992457,84.76126930812349,1788.916593828486,4.897786704526998,75815.42058963364,17.309456755624115
40.52165751426567,-104.83406831264146,1268.7456315823035,0.33579571498009303,41.09764692104659,16.825456674695992,660.8297879497226,0.29067673432814717,5.3190205863574445,4.852630093461658,84.59384716041505,1942.7722691670565,5.3190205863574445,82173.29020270536,18.761025160435015
34.43585612648991,-121.19257499320379,2054.3738004300903,2.524519213008512,32.68883121348304,15.261212636028077,391.3273994078336,0.17047626716394176,5.788892667527554,5.62204625378062,86.07646762954617,2114.393046814439,5.788892667527554,90999.7423251303,20.776196877883628
29.913648797738563,-122.28583666985861,1481.7864070729981,0.9219794958582826,33.77084826024277,19.550458068688453,414.5651693925211,0.19862337803232585,5.930913343588193,5.71505219030907,83.22179993644295,2166.2660987455874,5.930913343588193,90140.28193945202,20.57997304553699
43.65845562418079,-101.13990221572733,1818.7135572329187,0.6997811173269977,30.25837456784893,8.13899633064533,377.4196841527566,0.1236088407720524,5.922687052380822,5.852748279903371,85.09840142989235,2163.2614458820954,5.922687052380822,92045.04545974194,21.014850561584918
43.1859810952555,-119.43346958274915,78.55458743594718,5.818150777107574,29.559150942514524,12.650926889514729,484.43480818074636,0.16287061297400882,5.232049148262992,5.195874464330468,85.61612474827825,1911.005951403058,5.232049148262992,81806.4619650132,18.67727442123589
40.67271530050624,-91.23026440083248,1215.332891731411,0.5077445158457786,44.55560891720868,15.268898204379232,719.7038624858253,0.31994995229317114,5.127846840369147,4.554095839595153,85.82298895571469,1872.946058444831,5.127846840369147,80370.91444428005,18.349523845726036
30.531483293519106,-76.4274576954585,1038.060401636872,2.213180976976267,18.15503786376982,21.171207762780714,244.3674229647987,0.17777073819521516,6.32316010693121,6.7842116501973475,80.61094367425245,2309.5342290566246,6.32316010693121,93086.86682612081,21.25270932103215
38.16553600485809,-76.322599907989,1122.781080074705,9.764968858676788,15.633911082963326,5.6574775475295915,210.7676810606841,0.08837826758393476,6.560735919105158,7.1548933689395335,83.10108828260228,2396.308794453159,6.560735919105158,99567.93434011411,22.732405100482673
32.66337352656065,-88.41154785285946,205.25834847065408,0.7195601501071646,14.782489084243203,18.93783742436379,253.38122150298415,0.12680476376193398,6.188856216813912,6.786220563893678,82.47124406804714,2260.4797331912814,6.188856216813912,93212.28789344613,21.281344267910075
26.197969759839218,-112.59348110046173,1521.5360262990112,13.35744882255862,71.82178185818877,15.839015967001714,1062.304399967067,0.4265474490983259,4.530773186002174,3.159070399304755,84.22438242835602,1654.8649061872939,4.530773186002174,69689.98736299208,15.910956018947964
46.01552581109382,-77.39817110662091,1131.923891946064,18.078142463976583,44.54617223007044,12.106794729771202,741.268981896839,0.23168054969666535,5.052179394161757,4.487228498987311,80.97595467072858,1845.308523717582,5.052179394161757,74712.809685032,17.05771910617169
27.283647142055074,-76.15095449308676,1695.0700272017175,2.838740883500657,40.480859630242605,14.033566919003857,438.29483727247657,0.23099431982123478,5.836350263512111,5.3497969858233905,80.9315656635816,2131.7269337477987,5.836350263512111,86261.99915771771,19.694520355643313
46.80569649169926,-113.38070641254023,1093.374863232688,0.6527554918434874,15.964735934718234,11.318023987273332,225.5090370664583,0.13938281073199907,5.82570854743629,6.339808966776388,87.25514248781438,2127.840046951105,5.82570854743629,92832.49324399813,21.194633160730167
34.70413855099093,-84.17899136838344,371.170517886829,1.3298275132133401,46.220161412146915,19.685145301207967,540.279822180939,0.260655293834151,5.008128127914102,4.389418320382601,84.92653408239501,1829.2187987206257,5.008128127914102,77674.60632685243,17.733928385126127
28.44319029212687,-108.52794435793535,1443.7524512673174,1.933762588859545,32.90171576384009,17.345204226055404,455.52979278742094,0.18070680841097114,6.027201430111117,5.844504837998855,84.18151386479822,2201.4353223480857,6.027201430111117,92660.07905535094,21.155269190719395
37.0056227370806,-80.6574231329418,420.6306785261074,1.2952967149056067,38.855040940371495,16.378739200880204,521.3530443971248,0.2470832401523957,5.300733107189144,4.919158315370255,84.54550897175847,1936.0927674008349,5.300733107189144,81843.97421822198,18.685838862607756
44.9507000610338,-70.14915340520545,1925.6483112128521,1.152855223287619,17.42083431445599,5.588003200203817,239.21673501211365,0.14436172945777223,6.1606761781031905,6.641542580977567,84.21951138562378,2250.18697405219,6.1606761781031905,94754.82374048536,21.633521401937298
41.57339727382947,-122.37859571221279,1368.1999139988693,12.543259773013208,37.88483943351638,8.12990341765962,450.4134632581762,0.2686802106054088,5.227057839749567,4.886285678919173,85.49602598482728,1909.1828759685293,5.227057839749567,81613.77438679633,18.63328182346948
43.35746754867479,-75.54224324728968,387.9883496474516,0.5826989212262751,27.370996312283303,18.069467617154412,234.4649690512234,0.1471200423370485,5.271323987893429,5.3156190594377435,83.05133371190404,1925.351086578075,5.271323987893429,79951.48780198637,18.25376433835305
39.81080080105721,-90.37795118567246,2119.0268235845947,4.626074242571092,21.21899917345662,11.774416035966752,87.6222357569024,0.05,6.126008572337239,6.441295890973602,84.27992223911035,2237.524631046176,6.126008572337239,94289.2009563329,21.527214830212994
40.61463754842846,-71.43733856509965,1164.4857461709394,0.0014363077082069201,48.213914044530476,10.81851257185114,661.8767811969426,0.21036932939417413,4.7219235263392445,4.0726713264407275,84.34113190190658,1724.682567995409,4.7219235263392445,72730.83997810987,16.605214606874398
44.38069563756766,-98.88948605357291,206.73167152405824,3.173774293405103,7.321259446459955,23.077588989542438,59.397521667145455,0.05,5.74521036005116,6.599817202718423,82.42971306231249,2098.438084008686,5.74521036005116,86486.8245719324,19.745850358888678
29.99203221262046,-78.24105174914581,1397.6907444923945,8.666910650565574,45.16597275765471,16.256725992090622,564.7298521267833,0.24813297484529173,5.5441703373963955,4.900149479917174,85.91547458859458,2025.0082157340335,5.5441703373963955,86989.7709502963,19.860678299154404
35.746199127435375,-120.63072029569302,594.377650077542,1.188546825823602,47.32075040395393,25.063064637452612,794.7453519385211,0.3665953854069657,5.160862518288318,4.483523812266683,83.30625903516683,1885.005034804808,5.160862518288318,78516.3588560215,17.92610932785879
29.309026603670453,-105.89493129577204,1777.9409215362002,0.7182445987342184,19.166413840077666,13.352724725340883,182.38597508155624,0.14368874925015304,6.809453987859685,7.257755093337621,85.52613250471335,2487.15306906575,6.809453987859685,106358.29147221091,24.28271494799336
47.704032191919524,-120.38110696143467,1808.31745816731,3.691215824127202,20.234087699615586,-0.6147128835980791,424.96063600849845,0.17230940606736872,5.4618238099728735,5.78058341817157,84.17236908955722,1994.931146592592,5.4618238099728735,83959.04038962262,19.168730682562245
46.65742415247872,-71.33147079213019,2154.736815087523,4.3640982070116126,30.98553773720476,7.839266355596364,596.1819027477923,0.35345848563556903,5.525145384600591,5.431777255794119,86.45037724861359,2018.0593517253658,5.525145384600591,87230.99613337523,19.915752541866492
24.94624347284414,-79.88340900732081,1129.019491702683,4.076974695887977,40.07665178831997,22.12327339918267,365.9830783575415,0.0645285983136134,5.6745199459122455,5.217513615527285,82.43793136721771,2072.6184102444477,5.6745199459122455,85431.18712708182,19.504837243625985
40.93380414037652,-77.96243925271759,1028.157291414635,1.3463043890420754,32.24861014734394,14.576576860987721,460.7186879627121,0.21293321360754466,5.4961672553822645,5.354694420594777,82.37286179773432,2007.475090028372,5.4961672553822645,82680.73407665068,18.876879926175956
46.20595961797598,-73.34987750256971,1669.9725517099334,1.0171802506115009,42.80412428345383,6.288525499585186,559.2880908847546,0.19311068492611302,4.969630170297823,4.474511532191779,82.64145661349353,1815.15741970128,4.969630170297823,75003.6265734521,17.124115656039294
28.333808283056005,-119.40441174953159,334.8119111351421,10.926026616457717,66.73363374567319,23.437437815005808,643.0904779676981,0.17259326583543405,4.57145744673057,3.350259167538347,84.19994332577156,1669.7248324183408,4.57145744673057,70295.36812962886,16.049170805851336
37.630685533263105,-103.17773000428,1225.868354655217,8.987465058412468,25.86109815530515,12.891811905277407,217.5912488674307,0.08057430154647152,5.899206953394954,6.0111285536525045,86.31220259366731,2154.6853397275067,5.899206953394954,92987.81878408272,21.230095612804273
45.971719142113,-120.16411599162389,1224.4323402813295,2.1393022154412202,5.0,9.9811664193155,147.4936107108474,0.05,5.997906009007869,6.987560500494167,86.38964042724787,2190.735169790124,5.997906009007869,94628.4117947473,21.604660227111257
24.814703486059173,-112.61717251629845,242.3672140423325,6.552218192606438,49.86662449455176,28.98807638412201,900.0526681948511,0.3669505501795472,5.1031876094565725,4.342473949625746,78.93981654569353,1863.9392743540132,5.1031876094565725,73569.51218490946,16.796692279659695
40.73808641392416,-111.61424803996569,948.6657838398642,2.107246588917028,65.29966236669553,15.661401112655183,1004.4630874036623,0.4202647488229154,4.256765064732217,3.16236082716915,84.3745607418338,1554.7834398934422,4.256765064732217,65592.08489484327,14.975361848137734
31.13637617694122,-98.66821060343075,1884.5623169194841,1.9331312876932694,42.06983053492024,17.005624685106937,621.3408747401811,0.31481910160853954,5.705651987415433,5.166531699485932,79.18056958422747,2083.989388403487,5.705651987415433,82505.73339063697,18.836925431652276
46.18550868903673,-109.4976429575033,1890.7302872885195,0.5967750584601048,15.420523843633976,6.835395626987714,213.75409564776692,0.05,5.874291190296788,6.4150568968052,85.19254769067754,2145.5848572559016,5.874291190296788,91393.92013808449,20.866191812348056
47.30539788396882,-118.5471822318409,263.36097957731414,1.9454174197157674,32.76993746176638,14.027696671108359,627.0454159295407,0.3066911815862639,4.773719923555664,4.633422384782445,85.6772541223428,1743.6012020787061,4.773719923555664,74693.48163925984,17.053306310333298
46.66239573872241,-114.95548118891818,245.04989790783634,2.698252010782213,14.866577284190619,11.162742304481158,422.95600217443274,0.18113569008667,5.638431604300266,6.179348670711649,83.93963358796171,2059.437143470672,5.638431604300266,86434.19961018336,19.733835527439126
35.38114119977913,-116.04711956818709,614.7952755541609,0.07966494959302242,46.57139889133306,17.5243636320558,593.3153165262443,0.29865717289974814,4.8557348655657,4.243913281335144,84.12597236624212,1773.557159647872,4.8557348655657,74601.11030124387,17.03221696375431
44.68902362374352,-71.4538529127359,1930.747034491086,2.055165882375637,10.676772751428178,-5.0,50.0,0.05,6.090620625108179,6.853547543823724,84.11045833941036,2224.599183320762,6.090620625108179,93556.02846529364,21.35982385052366
44.26918556484169,-82.99820462640243,327.14055790802274,5.3210900451738326,29.597681837092402,14.082275841058584,204.54879939217346,0.05,5.1880577187044254,5.150787890470515,82.82333712188813,1894.9380817567915,5.1880577187044254,78472.54778522337,17.916106800279312
31.658411357838133,-71.74088087544365,1597.9931256490095,3.9885237690071307,16.921919126709685,15.436252551964433,369.0949669899158,0.09291460326833828,6.541345000808477,7.074769223385057,84.64755867798222,2389.226261545296,6.541345000808477,101121.08508456577,23.08700572706981
43.89397137961626,-100.25401372857294,267.50608216817193,3.5290084353947533,37.28284433242931,19.164877085412446,517.2539665765718,0.15093211339021573,4.858579174301928,4.562303451936342,83.65288799752011,1774.5960434137792,4.858579174301928,74225.04203026759,16.946356627914973
24.888183233171823,-108.96810199021654,1389.7463855578246,8.410563296909647,28.405849811520362,18.77687410718373,416.0060884071569,0.19722657781568145,6.28358399993728,6.2908669962627,85.39543756393442,2295.0790559770912,6.28358399993728,97994.64011449263,22.373205505591926
38.310477083569275,-80.89216735070391,815.5446931061614,0.06368798702812477,38.18171785850475,18.073256015843015,355.4789507233952,0.2219623305788163,5.313577205024313,4.956122106397831,83.82955959822115,1940.7840741351301,5.313577205024313,81347.53710499467,18.572497055934857
29.520212094904874,-106.38228842577807,1746.1650203766142,2.8500252646176256,35.40230998939458,7.265924809848753,420.3134485726775,0.14688302723918795,5.887847464694237,5.60631314982545,82.70846534026761,2150.5362864795698,5.887847464694237,88933.77795664166,20.30451551521499
26.89360525865469,-107.8332978199112,552.4344649745317,5.418357846549809,17.240137500966014,22.90835789990493,211.81384362344596,0.119712533089325,6.545901508024591,7.065116115166635,81.69620299370173,2390.8905258059817,6.545901508024591,97663.33886598186,22.29756595113741
25.84687683910102,-111.44467642077711,1424.2839331884136,2.728026060429715,46.28378714352239,12.529474584808856,668.7568583457205,0.20247658807060254,5.559219448199702,4.869951230467407,81.20390276241642,2030.504903454941,5.559219448199702,82442.46136938239,18.822479764699178
40.710930621075356,-116.9973351758913,556.7174493381526,1.3699269739999083,34.12221826682392,12.063279911187994,437.851851844159,0.19145433406059786,5.325411221738712,5.1184895576051215,85.96876401593165,1945.1064487400645,5.325411221738712,83609.19863880074,19.088858136712496
32.15699913043359,-110.15099470509463,1584.3696086911307,0.5126539534599538,17.20647785841379,14.858840156393788,137.1580701876588,0.09057732672838084,6.708477008030136,7.242167581919723,83.31331597071147,2450.2712271830073,6.708477008030136,102070.1104821204,23.303678192264933
41.39440251669028,-104.81273358241006,1928.4077743056098,7.648769985220909,75.33667801170427,14.835535947455543,976.2567929036073,0.3343674249459929,4.167940442553329,2.803537021415792,84.50786128512246,1522.3402466426035,4.167940442553329,64324.859196016136,14.686040912332452
25.568552179174617,-87.60431276013055,322.6238681225341,2.227112244836957,43.57574300090825,26.365859232638986,730.8927306074388,0.2943444643041068,5.681114479216418,5.084425883524188,86.12850114456117,2075.0270635337965,5.681114479216418,89359.485408283,20.401708997324885
31.56696810793465,-120.62149852014961,1913.1807304803326,7.366376212684052,32.2413100388125,14.301884687576212,475.85680250372496,0.23406952473416368,6.207395682949072,6.047932838306056,83.15579350305316,2267.2512731971487,6.207395682949072,94267.53934675822,21.522269257250734
36.94779101700809,-112.63262525807149,1326.1867969907405,3.0853626186052305,60.47368148063282,14.664438499524246,907.8472214244147,0.23158114323203224,4.671031971832655,3.627916868645965,83.05878377342827,1706.0944277118774,4.671031971832655,70853.06408418584,16.176498649357498
42.97735595613513,-80.31272342424947,323.28755536410154,3.925065851348499,68.15268096895892,14.189236470100814,864.2501524776919,0.4268768832841254,3.8988310575174654,2.818586744516962,83.801757371467,1424.0480437582542,3.8988310575174654,59668.864324170725,13.623028384513864
31.650060070369676,-116.06621612647638,969.2149890233808,5.708408749788675,32.38371039835007,16.735464369726007,157.98959703683852,0.08351296755990179,5.781527003892232,5.627241331590672,84.04414905063,2111.7027381716375,5.781527003892232,88738.12983876029,20.259846995150752
39.02139303448822,-105.49716208778383,395.8496309929605,3.7671516689997944,41.25315475582572,20.170629161398686,525.2337358931104,0.2546837723413298,4.941215834855171,4.502573811205687,86.83132702538376,1804.7790836808513,4.941215834855171,78355.68141183222,17.88942497987037
45.26346595766849,-77.30841821966044,1555.7479610631244,1.7765612735369145,17.215949275947064,4.31125843995558,154.36623442070925,0.05,5.9712552499858225,6.445900507500567,86.34873089114117,2181.0009800573216,5.9712552499858225,94163.33335014239,21.498477933822464
38.78071651637531,-115.6340331982541,1681.5664889985917,2.5227740489258412,32.35053048617579,14.513061323770236,487.808653669269,0.11711748161726097,5.825836728102126,5.671721712962898,84.93131312386012,2127.8868649393016,5.825836728102126,90362.11280915444,20.63061936282065
29.59102739408721,-119.53221087661774,277.4625185865177,5.686739333361702,31.416874032322344,21.74269681125276,768.408607820697,0.3468734010744713,5.68280046620857,5.569609774666402,86.1741206534953,2075.64287028268,5.68280046620857,89433.3495686535,20.418572960879793
24.58561875735691,-97.83494826567942,1138.2006832934853,1.637462511533679,38.32688660518977,24.547696442200223,606.0930142344823,0.2484092396602087,5.922860283585592,5.518398779031141,83.73267148114822,2163.3247185796376,5.922860283585592,90570.47898393811,20.678191548844318
44.88237297362232,-107.66934639095903,1801.443870455722,1.7192751622809455,40.989688615466186,12.640086638519682,847.4516565548754,0.3547106296694808,5.078601188230214,4.6371294567224055,84.44874685078273,1854.9590840010856,5.078601188230214,78324.48505168375,17.88230252321547
24.51046586040929,-93.57594831787188,2062.750539334643,0.3520411487546358,45.07691207890508,9.964201616119645,687.953738638616,0.341027740359371,5.892412547169789,5.2116127203538785,83.54772953319195,2152.2036828537653,5.892412547169789,89905.865597703,20.526453332808902
44.99284014442078,-80.59453591389234,1154.0634134948054,8.61079428103259,39.277567813399266,9.656581814627746,486.89732563031816,0.2409770793724291,5.004152784288601,4.629126688811777,82.06444742613054,1827.7668044614113,5.004152784288601,74997.33641597505,17.12267954702627
36.69449121665309,-116.59398163975187,2093.100330764525,0.33407547613204625,13.206632720675039,7.599866546920988,219.68446590153889,0.18759706498012185,6.555080859514079,7.2601032138553885,85.80581211269039,2394.2432839375174,6.555080859514079,102719.99468680672,23.45205358146272
46.53762476430951,-92.64224943406862,1201.7312864804642,3.6565148694837513,18.107592096660472,3.798500563365824,431.5701493010174,0.18751360698576552,5.68278859421725,6.0990349882112165,84.79754810098478,2075.6385340378506,5.68278859421725,88004.5292151661,20.092358268302764
43.17079765856797,-96.70252693894734,897.5095633898021,1.8657163831753558,25.164662849653887,9.955460131857759,535.2615395272783,0.18846501958014342,5.6784858871213535,5.813902784624138,84.02711021013549,2074.0669702710743,5.6784858871213535,87138.92694708469,19.8947321796997
47.950418652800096,-116.21974555528722,1873.6367263887253,1.8208239268484385,29.91966934538188,16.81915135535769,361.3416340310384,0.14113817183416302,5.461800287047506,5.410253534124195,83.99629822603173,1994.9225548441016,5.461800287047506,83783.05492726114,19.12855135325597
32.417083570841044,-90.30408178143495,1109.9128274848915,3.983121632974469,53.91393722849804,20.300787840546835,780.1134907689025,0.34583045644730637,4.9365548787419415,4.0608220854876285,81.74067769364022,1803.0766694604943,4.9365548787419415,73692.35444764627,16.824738458366728
42.41251893434705,-109.22341743551833,1064.5903977137245,0.24307691407729703,14.067098236647567,21.26056636539822,54.012687345951406,0.0732981123437953,6.1206276185602855,6.742056852410761,82.53378700027092,2235.559237679144,6.1206276185602855,92254.58497454926,21.062690633458736
33.646341926621815,-97.65694679862332,1104.1718522311307,3.1523719825337158,28.5665291329274,20.65468063193787,482.3982703301266,0.12764758173228347,5.876004973726031,5.87620649760104,84.50422975517104,2146.210816653433,5.876004973726031,90681.94597675749,20.703640633962898
35.51701488729381,-119.55729448903865,1870.5877540199526,5.174921751670739,52.15417096785289,9.697031886584117,885.4938634555299,0.36938265719876257,5.289922069036161,4.416665982877483,83.20633099908824,1932.1440357154577,5.289922069036161,80383.30808682728,18.352353444481114
39.060131117240886,-99.18246091046436,1838.674314629312,6.165244863041712,29.60220545906098,9.702484637398868,418.4108218384553,0.25481492528460814,5.7080162724638495,5.666830433728651,83.67343043817375,2084.852943517421,5.7080162724638495,87223.39887161336,19.914018007217663
44.96825074047213,-107.4509727256877,917.567983746454,0.6543908203697989,43.28748169717083,15.530191969016498,539.2863383243788,0.21269219741836518,4.862307983510277,4.361430105316871,83.84301590283134,1775.9579909771287,4.862307983510277,74450.83704012791,16.997908000029202
47.618003260783084,-79.59141459599087,766.5946987216288,7.969860628665009,32.48824322729774,14.488949852931613,490.8485003099246,0.25107080120592384,4.913985681262117,4.779255483316426,82.97629684647433,1794.8332700809883,4.913985681262117,74464.30910408415,17.000983813717845
42.438561932748435,-120.92314874214212,1107.645251684128,3.736384390956837,39.62209863184501,11.05505280900923,596.4552839821467,0.27317891135336136,5.112025117774825,4.716585997355186,82.54812251996391,1867.1671742672547,5.112025117774825,77065.57233333407,17.594879528158465
34.02640277201601,-101.39520715441019,1281.4608959347845,7.47544318305174,30.88749421142827,10.240841590602043,440.5393021449578,0.23135107288664808,5.62455482707519,5.533366959848207,81.58146355361194,2054.3686505892133,5.62455482707519,83799.20059686342,19.132237579192562
34.112568054649685,-99.24470309690236,562.4250028501934,2.32446763043897,47.007178509110375,32.98826411071163,675.9720115611406,0.24116697773714527,5.197665264154997,4.526905264666842,80.58491693719803,1898.4472377326126,5.197665264154997,76493.10648116782,17.464179561910463
41.7019752381334,-84.84967187984759,1757.0034321385199,2.733356161926309,7.188984666684167,9.884495292776144,83.26430028664126,0.05,6.679648241336391,7.679438668102991,84.92791282141542,2439.7415201481167,6.679648241336391,103601.07756496339,23.653214055927712
29.730651498439258,-92.9884709451286,1095.9379463247092,8.798225771681325,28.46038384900619,17.838561521348307,498.04086670872726,0.20853062240141743,6.224296391141746,6.229134617996949,81.53454878667007,2273.4242568645227,6.224296391141746,92681.31049205978,21.16011655069858
26.65137871515347,-87.97053379151421,768.1979291029131,8.055883273950567,40.33830818049755,22.619227788287578,638.3590590434784,0.18937185190610042,5.682281012544198,5.2142419964876545,83.96392826235027,2075.4531398317686,5.682281012544198,87131.5992723521,19.893059194600937
32.51093178337864,-82.03933857480517,279.6651348725798,2.080745493553365,44.60651446411147,21.0008406658726,526.1808877831456,0.20575500624572782,5.041203521806672,4.475350601484013,84.42171487903734,1841.299586339887,5.041203521806672,77722.83434243767,17.74493934758851
30.89373579969796,-77.4410394224578,563.5170948677548,1.122708261050047,61.8731472095689,21.77114904661908,765.1650006181051,0.3314625831333271,4.512089361602078,3.4602670488705476,82.51562939440628,1648.040639325159,4.512089361602078,67994.55531073759,15.523871075510865
31.111394890943764,-107.0507231769866,2090.954519275365,1.7482755820895757,27.961555996419627,18.69288884716416,366.02434224721856,0.24174192295049635,6.5497707987489155,6.5777324778281745,86.13321271732212,2392.3037842430413,6.5497707987489155,103028.40536633029,23.52246697861422
29.60658602519784,-94.94677391034924,705.9643266619822,1.7172329527288193,61.630671713495715,20.649020736605365,936.513116399458,0.4103497079632653,4.927987426323531,3.787578684628376,83.4214269464424,1799.9474074646698,4.927987426323531,75077.09057962615,17.140888260188618
25.010236551272683,-78.63416376428322,413.04747213912594,1.1833050771223996,23.13757112012593,20.029314433920618,338.7317370708445,0.17239964732317364,6.365844255698676,6.607981887397298,83.84811046731522,2325.124614393941,6.365844255698676,97478.65275898846,22.255400173285036
24.42897443360193,-70.56963892788696,1040.4465020582354,1.0946841075287135,58.915635407803585,21.15815381667351,760.5038546969847,0.37510039847624393,4.985972495849992,3.9269048309881485,83.75809574910302,1821.1264541092094,4.985972495849992,76267.04195725181,17.412566656906808
47.70533735366476,-75.96595720363679,710.2386482245347,6.908069800859823,49.7144082805707,11.123797824088543,722.1535756005728,0.2526644437221525,4.72334485041604,4.024285760094649,81.3438383661134,1725.2017066144585,4.72334485041604,70167.26438589476,16.019923375775058
34.266555209660694,-103.94076781828366,125.59238808306743,0.2534778101578957,18.55774556661999,27.647683964224754,226.72738598045265,0.08621561103997265,5.930148747004988,6.345827155072082,84.45405452183616,2165.9868298435717,5.930148747004988,91463.18491059403,20.882005687350237
33.22383953183236,-113.46100807019288,744.7622171507471,3.9619893350901814,40.52670627053279,24.009937383871986,655.4225338098722,0.3943633520109747,5.44183605304696,4.986425424596744,82.56672184737114,1987.6306183754023,5.44183605304696,82056.07220136006,18.734263059671246
40.31153478463368,-97.5728029800442,1219.8335414698574,0.6640655548696937,34.07775496042055,14.190741641288751,510.3944129525924,0.20870822761102137,5.68265857417484,5.463624564108567,83.64521922689138,2075.5910442173604,5.68265857417484,86806.63395946677,19.8188662007915
29.238093308761542,-83.95136160085372,1236.1815998429288,1.4782808827635407,46.26052268615001,13.547006592565637,616.1194988608858,0.3125379952978128,5.322299786612538,4.663273153787481,84.896491501917,1943.9699970602294,5.322299786612538,82518.11616770268,18.83975254970381
46.799068414805404,-97.40127017932193,816.6016805303107,0.22231397360534885,30.981111408200427,7.953841756926229,456.8874369194521,0.2385566592417604,5.347492837184148,5.257292505217486,86.1913551392168,1953.1717587815099,5.347492837184148,84173.2603545129,19.217639350345408
42.87228034597325,-97.9082333810619,1011.7009259430913,1.101361210583074,29.469567938088833,13.709462260934794,544.0787570856638,0.1527937963996421,5.568409818374263,5.533401361901207,82.38010157715475,2033.8616861611997,5.568409818374263,83774.86614992142,19.12668176938845
26.14586405549423,-78.73555726158277,2125.8635242047476,5.11992081323339,59.643702489731325,16.95033543128898,778.0488272016008,0.339710975184297,5.188056769113684,4.059623721878448,83.33027462160835,1894.9377349187732,5.188056769113684,78952.84092081494,18.02576276730935
34.02193861883828,-104.48419593037194,861.29922604517,7.570347457508726,33.22302389979789,16.885140213992706,505.3880327618865,0.2179157205943807,5.533718847502862,5.353534502325987,86.07362794501073,2021.1908090504203,5.533718847502862,86985.61285204055,19.859728961653094
45.098839381491956,-77.57108756017114,605.1876485089634,0.87647407931682,49.87560183545179,12.758905698954864,691.2123916497254,0.3045031025794073,4.476333589944743,3.808781485230494,84.69557081891317,1634.9808437273175,4.476333589944743,69237.8179187367,15.807720986012946
46.67356853499385,-102.03254074860692,573.4541447435342,2.179722615195058,30.943673269204403,11.75842650282051,475.9097941550716,0.16059012357506014,5.2125421947940715,5.12598421570934,85.0067570385774,1903.8810366485347,5.2125421947940715,80921.37635636845,18.475200081362658
35.21763626999687,-106.27541229336967,1034.1939173138885,2.224214547192038,64.99993866609542,16.88751825095618,844.5426471657628,0.2960467940567932,4.248593203399485,3.1652037606122874,82.42330239633574,1551.798667541662,4.248593203399485,63952.18541650865,14.600955574545354
38.721873341056984,-99.48454479521625,1682.9683197414297,7.238379576840685,22.78997667196112,2.6292659895249475,330.0932167233933,0.11373834030037132,6.109754838527259,6.357017614542645,83.43118570511015,2231.5879547720815,6.109754838527259,93092.01453593824,21.253884597246177
28.008814706209805,-82.8278642315571,492.87459600521737,5.035966666260199,23.945416437550676,18.52635388710066,446.01815836738956,0.1809511494655355,6.285873016845613,6.489422690781217,83.74824685142936,2295.9151194028605,6.285873016845613,96139.43308483982,21.949642256812744
47.78804702728743,-117.19589049534432,1574.9866733526512,2.5187740471204787,62.44130926008626,6.112242089167996,780.4776315165968,0.38444823551193114,4.3981585369044325,3.355402802641152,82.71315786398553,1606.427405604344,4.3981585369044325,66436.3417983924,15.168114565843013
29.560120833202642,-113.39336234291106,95.47212020124502,3.888253024780634,26.99096496388545,29.050597803860267,244.9329991618881,0.19292095730373374,5.7071641556279,5.770303912379611,79.86790643994503,2084.5417078430905,5.7071641556279,83243.9910460876,19.005477407782557
46.62556257924302,-72.62197941419304,950.7059026654839,6.578742338607404,63.819337510959066,9.009712758297505,764.3251687047305,0.38829871260479654,4.315226102033498,3.250507225147765,83.2342521618546,1576.136333767735,4.315226102033498,65594.26452314235,14.975859480169488
39.59151957581685,-114.5234521214067,1718.1098901859918,0.033546594392465795,51.05313043270663,12.315139307277285,597.677573037874,0.29204158263820634,5.238141432338527,4.413805094415228,86.03143229937665,1913.231158161647,5.238141432338527,82299.00842822086,18.789727951648597
38.58568307709262,-93.34272483172305,778.2758549150275,1.8047889298478081,32.216305281905,17.65123434445717,510.56060273593647,0.16251657135832737,5.573006038858469,5.430815599429811,84.08876019834074,2035.5404556930557,5.573006038858469,85583.03662639731,19.539506079086145
36.30452426439621,-92.71701880025536,1262.034768107609,8.32220869212705,5.0,20.54445626312671,50.0,0.05,6.61139740408658,7.702277975760866,86.06143637036006,2414.8129018426234,6.61139740408658,103911.13344912673,23.72400307057688
29.53607548122621,-97.56027904928678,490.7053505757082,4.718974183346124,34.65227052310696,27.305548908426267,455.3422528491443,0.20022224130779337,5.671867783554327,5.430439662616055,83.34631180797378,2071.649707943218,5.671867783554327,86332.18125756661,19.7105436661111
28.2366727681322,-89.1837565768518,1645.2900909212703,2.739536961701095,36.829340963601645,16.83703492455449,577.4397038214938,0.20897792468848034,5.957748151396317,5.6133582153742845,82.85293840561805,2176.067512297505,5.957748151396317,90146.79378142585,20.581459767448823
29.291669017684207,-111.5893568069286,162.40007202783318,2.6399329064179295,56.009919199478716,22.10480961714517,825.8047748475615,0.3729456054795482,4.871746391001584,3.9360328171594454,85.91642851984757,1779.4053693133285,4.871746391001584,76440.07711022078,17.452072399593785
28.474518291462108,-94.1562375400556,1882.9666864823257,1.4957535886020248,63.592049172322014,13.116300925127664,851.7327904162597,0.39091296808615594,4.905728085850634,3.7031165913905775,84.31848921100185,1791.817183356944,4.905728085850634,75541.6589214851,17.246954091663262
42.71002736560208,-103.90264421666755,476.1222308065865,2.572689730109513,22.67023077541254,15.435623641583005,336.4756040312862,0.1670126714746427,5.644052480248455,5.877199170647742,85.4427582486411,2061.490168410748,5.644052480248455,88069.70304573498,20.107238138295656
32.40300622000152,-88.2699679800238,1929.9557681729111,3.7286277082014894,49.42127175178729,12.03273494284036,702.6123374987789,0.3440118708523703,5.342520035776855,4.562785101239752,82.39750774331914,1951.3554430674963,5.342520035776855,80393.412615061,18.354660414397486
25.388224237521513,-116.37392865784993,807.9378687961123,1.8966808113743139,48.77723880824029,24.750119386567686,660.4572477605454,0.22996095921457355,5.434347702286668,4.66570991325386,85.55813443442175,1984.8954982602054,5.434347702286668,84911.97793921261,19.386296333153563
47.25846312337947,-93.17261949066828,1603.7696851201463,4.383046809669329,54.32142864338802,10.396082438819322,739.4165291419743,0.3547316556804325,4.495174439152206,3.6849192442307284,85.60333391331629,1641.862463900343,4.495174439152206,70274.45036850065,16.04439506130152
45.21086123912222,-113.99540080930052,736.3343902403052,6.912337049595637,43.9764184184398,16.340645255773538,839.2126013338533,0.31488964471642905,4.764815488352901,4.251001948806192,84.4346507165348,1740.348857120897,4.764815488352901,73472.87393796173,16.774628752959302
46.26605479668511,-108.95327459178803,1997.7100931544921,0.5881601615034338,5.0,12.228859721463913,150.9310903931301,0.05,6.4070797343015995,7.464247890461364,82.78961687128532,2340.1858729536593,6.4070797343015995,96871.54591471393,22.116791304729208
47.877787743514446,-112.1896707825265,322.2698198645049,2.102288064737704,32.202396214500325,22.295122901696683,698.8986387542188,0.31781357285691025,5.301636187373926,5.166885701212075,83.93098675693108,1936.4226174383266,5.301636187373926,81262.930530019,18.55318048630571
28.173485981267696,-114.12675988708388,433.81754693608724,1.8349890392945776,14.197263651495525,23.65149714737933,149.06537782888722,0.12290425220531871,6.783437338306364,7.465981067480294,84.91693672085736,2477.6504878163996,6.783437338306364,105197.24484515328,24.017635809395728
33.50980845366381,-79.41160861572399,1110.014769091425,4.070633661873659,31.353096087474672,21.768367435976774,430.4466855358306,0.20375345995872993,5.9206481378478975,5.805363215654965,84.3518550299048,2162.5167323489445,5.9206481378478975,91206.14895342081,20.8233216788632
42.19772341689819,-108.57179134631193,226.1676439320142,1.0062688127598909,52.64007625041009,16.47354550739888,603.7484909780766,0.2526020724294924,4.710828388480359,3.9171455071710124,84.90162410716164,1720.6300688924512,4.710828388480359,73042.14366829327,16.676288508742758
40.704494833291015,-73.93531577931974,471.3573971087881,3.578219667813615,40.492715045749506,22.066218273807163,485.9413304315359,0.21798324565154864,5.171766521123139,4.740187749186862,85.51836886147936,1888.9877218402266,5.171766521123139,80771.57438556904,18.440998718166448
27.69350175215652,-71.62396763135969,2079.097721755831,7.348447505887027,55.66563559515379,19.388472231453786,969.5102131984031,0.410783934736032,5.326439375122495,4.316229817220262,83.02733001994211,1945.4819817634914,5.326439375122495,80764.0872738642,18.439289331932468
43.579994999774826,-93.15193462339674,2149.4527714679575,1.8952884065597073,41.15157057284371,11.675402272533507,523.9185590356363,0.16200185479141208,5.079971367639204,4.6326240394630345,82.26738656855979,1855.4595420302192,5.079971367639204,76321.90370326147,17.425092169694402
29.386573724079856,-116.27793937605077,858.9575580604072,8.467533651751856,11.630133085959752,20.857533398628124,354.74999321788243,0.08568148992687191,6.687208567827995,7.480238402071725,83.94369179794164,2442.502929399175,6.687208567827995,102516.35656052697,23.4055608585678
29.371622755742955,-103.77439485750261,2035.0649451799616,17.449300135766066,5.0,11.934012378052307,50.0,0.05,7.282189796203516,8.483751112577096,83.5053852616952,2659.8198230633343,7.282189796203516,111054.63952579885,25.354940531004306
36.88738614944192,-80.92245777919644,1221.3730526978782,0.3925336564008721,37.678557710232624,9.715697217799837,422.1529045359291,0.1798898853451023,5.313525449383666,4.974788712234654,85.17876961973421,1940.765170387384,5.313525449383666,82655.9946672156,18.871231659181642
38.23055843620088,-104.1609006503582,629.9463016285991,0.9286823892556162,31.149323605679022,17.486368365482214,401.9674083771642,0.16805303907553845,5.3058243005359405,5.210079293717242,82.38825241551179,1937.9523257707522,5.3058243005359405,79832.25269241443,18.2265417105969
37.92206898810747,-119.3010702116494,1560.1572503232871,10.51174702308108,17.41497669112612,19.266332872731933,237.4346815078479,0.13273619797743227,6.3730268894854545,6.870729464256381,85.53057281126651,2327.748071384562,6.3730268894854545,99546.81295292125,22.727582865963754
26.195684097546117,-93.93361480987785,1466.638884135943,11.122714102793427,5.0,17.63936812996824,162.30872924501296,0.056854801377205076,7.370948282445158,8.5,86.03041816432014,2692.238860163094,7.370948282445158,115807.21746903182,26.44000398836343
45.05906070312913,-78.36347401921412,2176.6194360837767,0.35985699109992886,21.774622157491233,9.980831845013226,349.9217519235039,0.17394968906336944,5.80313364486156,6.0792330767098735,84.00045744639343,2119.594563785685,5.80313364486156,89023.45647944314,20.324990063799802
30.374401022128946,-81.01997509425087,619.851667929959,0.05289240373006589,31.499153272434032,24.608066802467906,399.3566200796737,0.15916925333354165,5.728880017555274,5.611471932799822,84.09110418837196,2092.473426412064,5.728880017555274,87979.20045590827,20.0865754465544
27.1083581107873,-114.54335043296092,1494.9279307227312,0.6148232889834307,46.98580082671502,17.191854312823367,644.4696309221996,0.3596969609860732,5.729950820042396,4.991356688209184,82.84868024815478,2092.8645370204854,5.729950820042396,86695.53241515634,19.793500551405558
45.32995391685545,-87.6707108217268,161.85107331331082,19.336316583657766,38.39535946822364,22.05764472092657,505.6287405766609,0.2147143282432644,4.7381801178513445,4.412347239470965,83.1860086515389,1730.6202880452036,4.7381801178513445,71981.69712692853,16.43417742623939
46.93563595751408,-112.09276977447506,294.33898319794673,0.6945766491160165,63.94521044910912,3.772625925206915,803.7675727549547,0.45193928589084836,4.001227748610299,3.010457845254454,83.38749497903147,1461.4484351799117,4.001227748610299,60933.26202533914,13.91170365875323
44.69106281437082,-112.2167931341827,58.42450614485051,2.443893966030356,16.359126991182904,12.705898087856177,140.23148421639848,0.07603036464470926,5.5906613823906195,6.068585282234131,86.1644101017569,2041.9890699181738,5.5906613823906195,87973.39182186734,20.085249274398937
43.42838579339707,-76.80012424152,2198.840464278297,6.603193595501105,50.8590600570338,3.8004948861459935,814.8152299418142,0.32882248727967844,5.031780091703986,4.246754868900463,83.89219382128384,1837.857678494881,5.031780091703986,77090.95629011365,17.60067495208074
39.72580753533652,-110.51787655202757,1774.8884488670772,0.07214409347594695,35.8513773763171,7.970084273293619,319.10279047572544,0.08798709721856854,5.443045123899241,5.165669494986449,82.01674056503998,1988.0722315041976,5.443045123899241,81527.60221791995,18.61360781231049
37.22057689461934,-109.7846432880274,1741.4544816771127,3.2465182204310428,47.504044234134525,13.888519793779315,826.7924890223887,0.2723524417231106,5.226063680324117,4.533462294705295,84.383031513168,1908.8197592383838,5.226063680324117,80535.99894838515,18.387214371777432
26.087682237873842,-123.96471689888982,1145.9110618695863,1.1353343975143444,27.142732461220216,21.691138895824448,345.6988318968598,0.09446906573721708,6.353397754241887,6.41693727684853,85.2394351869334,2320.5785297368493,6.353397754241887,98902.4015908467,22.580456984211576
33.802877113696766,-76.98387215722204,695.1442282466959,6.940260160111423,54.29024673003062,20.88894644630301,682.8125935812126,0.24052493186730575,4.8843673632011155,4.005026270963255,83.96188294601761,1784.0151794092073,4.8843673632011155,74894.63683373724,17.099232153821287
32.944524408295536,-81.19988008670673,375.21821159475326,1.1666298358566014,40.31404565021437,23.68319893482319,638.372568172728,0.28572957109257885,5.352183011848498,4.912242562342462,86.20382015959048,1954.884845077664,5.352183011848498,84259.27080889193,19.237276440386285
30.234090810247828,-90.1242375051034,662.0506885198969,4.062701812568777,22.76999027148051,17.283987416206394,467.3015222154388,0.1684006990367568,6.248891840156566,6.502659763332587,85.16626300089885,2282.407744617186,6.248891840156566,97192.0691266778,22.189970120246073
41.36208272852604,-83.48564874730252,858.3381271476491,3.9253614534048746,34.78356747956261,10.222667869195762,598.7331888742724,0.25881851465867173,5.6519315305050295,5.40615744413771,82.42630690516822,2064.367991516962,5.6519315305050295,85079.1148169914,19.42445543766927
35.9010176418905,-115.78937735907745,1676.0667085076323,0.8763230038983858,30.68799453913221,15.049487246642567,479.81712848384,0.2640227216537676,6.288329378883413,6.195161731184023,83.1728507814054,2296.8123056371664,6.288329378883413,95516.21358482786,21.807354699732386
25.94510918178355,-99.25052589227093,1210.2728461417778,0.12396690688005596,43.80521031148029,17.75240834290276,721.9592933329077,0.29642595464030214,5.5706218584381215,4.976590395603468,84.3393394221369,2034.6696337945239,5.5706218584381215,85801.34642825568,19.58934849960175
29.284396846795474,-105.03415308316583,216.58979709428777,1.8422657450220963,13.764018511258847,17.457172251998713,50.0,0.12479116825667354,6.121094880474532,6.755557813861275,81.50071614296009,2235.729905093323,6.121094880474532,91106.794183669,20.80063794147694
40.3982103278303,-118.93606758212111,88.76236926166132,1.1947409196977246,34.4716693619175,23.262370644333984,430.42031691803015,0.12055124969888598,5.276050315364763,5.058140544381053,84.5045351062059,1927.0773776869798,5.276050315364763,81423.38895756232,18.58981483049368
25.827140627767204,-97.7489537983941,270.0141859982358,5.793778772429763,42.11553054768795,30.60812341352277,498.50042166514686,0.20017933160839815,5.551646589151103,5.025302116373798,79.11437699370893,2027.7389166874402,5.551646589151103,80211.65054981255,18.3131622259846
44.428965937170446,-74.2800588814977,932.5722344493656,5.639411801245644,35.5944195294746,19.57274771482111,620.785746534162,0.23169508154201854,5.3465663179151255,5.0837241095639465,85.53515018334676,1952.8333476184996,5.3465663179151255,83517.9468357981,19.068024391734724
35.88351664833539,-121.8368075712625,2056.3647716553896,2.137415248055831,59.24494239900192,12.318624535871008,791.0813916936382,0.3764425768418663,4.908754563323814,3.8547733065038763,85.36091052718756,1792.922604254023,4.908754563323814,76522.7530019499,17.470948173961162
35.534077855839556,-108.26111067133513,1420.4153345998266,3.264468479205658,48.93240993327895,17.411316675764677,769.5943947441108,0.20867474962507343,5.1576410346642305,4.422538603818839,84.75717204137261,1883.8283879111102,5.1576410346642305,79833.98338530179,18.22693684595931
38.21778683182842,-112.79278944489201,1773.9256847323575,3.2444881908611674,34.86534565866656,17.411840395463066,541.7005334701956,0.15355279115369097,5.839629744435147,5.582350726413641,82.98618245347154,2132.9247641549373,5.839629744435147,88501.64181884467,20.20585429653988
43.79234318220358,-111.1400807020524,1052.7053781847794,6.143823893681746,38.90040375495812,10.464255516990754,458.37495895304556,0.18562222510788753,5.3139946557290525,4.929777823258014,84.25530423692031,1940.9365480050365,5.3139946557290525,81767.0996783611,18.66828759779934
32.34742098965263,-74.94453419851374,827.582078869342,1.9368630283405421,40.32197992667599,23.748460896525977,505.8118979758354,0.2883238435404061,5.261071342642409,4.828327919675028,83.22993376872803,1921.6063079001399,5.261071342642409,79967.58286804931,18.257439010970163
40.272387661417525,-98.72427107134834,283.06080134073886,1.1276997341999553,42.25939287500283,19.563706482231254,721.0132693315122,0.3117142872566621,4.839709444357505,4.375989053559247,82.4537770838249,1767.7038745515786,4.839709444357505,72876.93061124471,16.63856863270427
37.57756713589899,-98.81983170124978,1933.2559977003407,1.0777630100021396,5.0,15.078661409714115,50.0,0.05,6.88469761783682,8.020672724779896,83.49188548234288,2514.6358049148985,6.88469761783682,104975.8423268769,23.967087289241302
30.40867848406611,-82.92891530741475,1733.794062409991,2.6889982267608943,29.572526676151753,16.391496453624036,426.5021344856724,0.11785089306785199,6.208769672959447,6.165260560093609,85.04739830473814,2267.753123048438,6.208769672959447,96433.25155635718,22.016724099624927
45.08711967252379,-115.657420983734,411.453909835109,2.087013167694537,8.280096772518327,20.838553437180757,50.0,0.10448281847558097,5.941634739881333,6.78558051342538,84.06572128924765,2170.1820887416566,5.941634739881333,91218.9613095367,20.826246874323445
43.138224518566275,-97.68767087859726,1151.3602123339601,2.0301196334458815,58.009057054270755,13.72509295514152,780.7315800682045,0.29424808508860645,4.546356354128312,3.609518709004245,86.17606488620163,1660.5566583453658,4.546356354128312,71550.1191683922,16.335643645751645
39.80284403180221,-100.78079843746278,1097.8558370306764,0.33446449514486687,33.9047086399473,8.663524762665954,470.04972656226505,0.14870588411178887,5.626786788414153,5.416722179614977,85.1486708092204,2055.183874468269,5.626786788414153,87498.08758975839,19.976732326428856
44.413961498261806,-91.76682271048057,1393.9468382760365,4.437969996363169,31.51986290576679,16.851689663660892,362.99142965098594,0.22511505705278717,5.705407233894579,5.587653103836004,84.98803622085842,2083.899992179995,5.705407233894579,88553.28400802001,20.2176447506895
44.81506082303525,-70.02388402447632,2084.301822081212,0.8416223903017632,51.142351976598235,3.6215905553396284,619.9482322739872,0.3088666137268442,4.957015775208565,4.173824811545413,81.58661017583158,1810.5500118949285,4.957015775208565,73858.31901215938,16.86262991145191
41.00071144116083,-82.44975971956946,1296.5085997893311,0.7676998735344513,42.601846354097745,18.079369693506624,625.0531826351126,0.3241418082613034,5.0268633589724585,4.533160407533032,83.57226220476707,1836.0618418646905,5.0268633589724585,76721.92083624174,17.516420282246973
44.08831988072813,-102.51525203705893,1211.46712357403,1.8631158831137795,14.68457874117427,11.741948910040904,121.11036149732216,0.05,5.999790570321787,6.583017904963028,82.4034413843487,2191.4235058100326,5.999790570321787,90290.41920465046,20.614250959965858
40.73931508006281,-79.31213517720147,158.19430580952746,0.9046927676931683,33.72370347450736,23.580380625714923,391.0660930732357,0.08668892339646352,5.204715379179117,5.017002508198427,83.72549568056414,1901.0222922451724,5.204715379179117,79582.01685901465,18.169410241784167
40.32337852224721,-114.78174838112606,185.25107343875146,3.068552806062309,28.966994481925074,23.467298757262057,311.632608376754,0.1365052446251161,5.485196954325752,5.470008655833318,82.96008581411526,2003.468187567481,5.485196954325752,83103.94638322409,18.97350374046212
38.846673077164425,-122.35496093931616,452.7956013525961,1.625263227834621,5.0,19.975591005774515,62.20919536686816,0.05,6.464633487505574,7.531298012943994,83.43359257041308,2361.2073813114107,6.464633487505574,98502.00731329413,22.489042765592266
42.06519934938339,-112.95978788692926,119.8121591372588,2.085510943536061,22.575027801730315,20.5057407675997,410.42055266420857,0.1892386537953285,5.8476315016502305,6.09308469591208,85.59174409856077,2135.847405977747,5.8476315016502305,91405.45230301106,20.868824726714855
27.80652252703377,-105.61777596982998,1648.2087254755265,2.696378990167461,31.69627420370362,18.936535704227435,594.4007024830773,0.321576156149899,6.125459924276961,5.991472107446591,84.71287489350875,2237.32423734216,6.125459924276961,94765.08410709063,21.635863951390554
45.14089822077428,-96.42863909718376,1605.1601535870207,0.7965046209611057,32.93088323314683,1.6054960075921585,388.44055666467773,0.07516187744320331,5.475461904709334,5.308371709230514,85.51067164347245,1999.9124606950843,5.475461904709334,85506.92887109317,19.522129879245018
44.92424466588557,-90.78302641077521,342.5209040280323,0.5925798969138149,8.319834373808444,16.54480625580414,331.5087605664393,0.18111340280090468,6.315470283646066,7.210758673106769,81.59897533647602,2306.7255211017255,6.315470283646066,94113.21945219974,21.487036404611814
24.70193479282942,-74.82729127042123,1847.569636709854,7.433249560210058,55.72998049485456,13.182024455389913,679.7492408572842,0.2283975981498359,5.265156567398151,4.264198371253601,84.0869620449235,1923.0984362421746,5.265156567398151,80853.75260847373,18.459760869514554
43.8196020135543,-96.46788348427529,382.7899749191407,1.9903560682159926,33.162144939954096,17.05197779428751,572.6248814921444,0.28138046666476885,5.185727705011,5.019084269604227,85.4500574720949,1894.0870442552678,5.185727705011,80924.92339438149,18.476009907393035
27.092876819362687,-96.93111519021062,697.5275120443214,1.8591564033438297,35.675955379890134,17.74879768553232,427.29372991691764,0.15429121890598013,5.6884037872256,5.405509866799711,86.25944387233073,2077.6894832841504,5.6884037872256,89610.1696837405,20.458942850169066
32.042852502219404,-121.28687746955896,585.3003331969347,0.1269160604048516,42.21154949011706,15.914406943112297,503.86936587463777,0.16924697931990682,5.364310143970449,4.85212127090672,81.67786741546126,1959.3142800852063,5.364310143970449,80016.3059970097,18.26856301301591
41.84419815099859,-122.11477615656392,850.4602619320527,2.411877840411786,20.814627429733918,21.337547529405978,216.92916833783596,0.059892018126638205,5.688248068284007,5.997106332056161,83.47277454575824,2077.6326069407332,5.688248068284007,86712.87909403989,19.797460980374403
27.858237505159398,-94.2373620565159,597.527096663418,2.8273592939030268,43.21440751638853,26.75394719185794,599.7569352645276,0.17761821298805835,5.634144577851239,5.0566399548668866,84.84976113426396,2057.871307060165,5.634144577851239,87304.94442455527,19.932635713368786
43.631208578857496,-100.33835488458939,1101.244491842672,2.8642237112431435,28.392656371672707,12.843163340524148,455.49440630677896,0.19181078295283124,5.541624433161097,5.548559251892057,83.71158253078282,2024.0783242120906,5.541624433161097,84719.39984302451,19.342328731284137
43.97122027098581,-78.68425867106387,925.9269449125736,4.296911694478906,18.86146026835055,14.322390754489613,331.04724754738993,0.09930268361172295,5.659606478510382,6.044288675109997,82.63437348874541,2067.171266275917,5.659606478510382,85409.70124132346,19.499931790256497
36.17922561026007,-115.32330242556036,2171.124405175552,0.6838464901421013,45.32205488039718,9.872062346533173,540.1102667907718,0.2643608560411688,5.559487373853026,4.907613105571136,81.67500123225598,2030.6027632998178,5.559487373853026,82924.7415973675,18.932589405791667
24.153260921204005,-122.65153024567933,170.24165277568517,1.0172772865682895,61.850129458432534,28.559329825497862,766.9358836669286,0.35155942224619946,4.806286938453214,3.686658040639924,81.1532157678061,1755.4963042700363,4.806286938453214,71232.08518000622,16.263033146120144
30.888915196197907,-99.7519065317732,355.68995923280596,5.826041094858043,48.04692872274497,19.61732089935169,580.993132782075,0.3264883246376708,5.263322679814211,4.54578178828417,81.4666474971544,1922.4286088021404,5.263322679814211,78306.90690586444,17.878289247914257
38.806246041017815,-111.1761579353781,163.57567190349533,10.292407103580075,51.61359617252776,23.69427197349634,711.4549061768374,0.31475591841740275,4.484696835195215,3.7613368823784037,84.08769068525103,1638.0355190550522,4.484696835195215,68869.31202887793,15.723587221205007
47.54846827265816,-121.32082383970278,1395.5585692121078,0.5113663607924366,25.62864908187862,8.613049067186845,337.7855267272132,0.16677785782367585,5.5805340417585425,5.695490009590299,85.344465278668,2038.2900587523077,5.5805340417585425,86978.38757352025,19.85807935468499
39.16352464840004,-84.87169251022803,167.1949464394971,2.4096005648844656,6.242844874967783,17.86105119269758,50.0,0.09083832392472402,6.379219945920117,7.376292571284383,82.10853786163709,2330.010085247323,6.379219945920117,95656.86065126302,21.839465902114846
30.235285945539836,-117.97397800230864,1848.345435358665,0.843579631388227,61.82247539779714,15.23924622165312,892.4750249754844,0.3404814589384504,4.846879521904589,3.718732796292274,84.38659461181658,1770.3227453756513,4.846879521904589,74695.75392304664,17.05382509658599
39.21613687439067,-91.15074699958032,1150.6680559661447,0.2168363589811567,71.98126800928569,12.23481080699103,1233.9946329635313,0.4397515197603198,3.9059454319433873,2.7190501835675303,85.2679065441688,1426.6465690173222,3.9059454319433873,60823.583159264046,13.886662821749782
36.95964911318053,-108.82331349098799,1183.0663928502975,1.3782599333460284,62.770521927854276,16.7675553328032,828.3157608064448,0.355136269959105,4.512765761072642,3.432438278162409,83.99593750972747,1648.2876942317826,4.512765761072642,69224.7350813728,15.804734036843104
42.71628948362745,-114.6312132808288,1257.4281915812176,0.5429201594554149,28.955853098364507,10.341078417207962,362.03076125674977,0.07971447706292555,5.76164410088901,5.746139679734007,81.58395855762413,2104.4405078497107,5.76164410088901,85844.29358969814,19.599153787602315
26.567535331847,-103.49341776235686,417.2494685583531,4.331752604782038,14.216581902880804,25.83245616915243,254.99830367276815,0.22894622684325622,6.8020146319910655,7.485507771547216,84.24633486433278,2484.435844334737,6.8020146319910655,104652.30704538779,23.893220786618215
42.26466966004867,-80.7219280839605,475.03415169614823,2.6704320206985033,15.817711439247802,21.469754050143262,165.56633097578973,0.14176088584385954,5.799011775774197,6.316724466615063,83.9180295828533,2118.0890511015255,5.799011775774197,88872.92982472775,20.290623247654736
36.990397888226646,-102.82694684715307,735.4572441769601,0.5435204128326468,5.0,14.799747982180513,136.89644817181824,0.16523900340333664,6.387395473438621,7.441315726555994,83.7652430270987,2332.9961966734563,6.387395473438621,97711.99669782452,22.308675045165415
47.111808092615874,-83.45843894260298,1326.0172940169805,0.032495948868118324,33.06718486861919,9.647298059057267,391.08631748276457,0.16607498111764168,5.198331945967764,5.034738910900962,83.1797441313593,1898.6907432647258,5.198331945967764,78966.30510467016,18.028836781888163
32.204931984928464,-117.22373997284586,501.7532182714612,5.778773718679313,63.90220324548418,22.844337367566574,1077.8428061945085,0.4766298489327918,4.428633950411407,3.3333644729003997,84.13018113941106,1617.5585503877664,4.428633950411407,68042.74692386299,15.534873726909357
39.182925435214756,-82.27034333808572,300.11321333651165,0.6783724735181152,32.45007262629962,17.123688067545174,488.77851402742414,0.18068394258046122,5.427262661433854,5.2799097210418955,84.76472686267044,1982.3076870887153,5.427262661433854,84014.88482692346,19.181480554092115
46.36867453224042,-111.20560045504098,2135.7513057996293,3.2618403099141737,40.44181220626895,8.312622174800325,504.18307598009415,0.25422252193771017,5.2043450411529975,4.771902035707041,87.58597220150376,1900.8870262811324,5.2043450411529975,83245.51912102921,19.005826283340003
26.460233471776302,-87.42077098600086,97.26090184068926,1.4380188114837653,59.760745357475756,27.828185871104175,777.7812650577332,0.263298366504836,4.656832359084258,3.6401284214152976,83.03722375413913,1700.9080191555252,4.656832359084258,70619.33988591346,16.123136960254215
46.493483693674825,-93.4477960385862,1775.7994214724465,3.0822693318590195,27.726284387016804,12.531982335661311,336.7880061474318,0.05,5.758385672193251,5.79245233533043,86.266711740019,2103.250366768585,5.758385672193251,90720.24655355739,20.712385057889815
40.509257335219516,-73.82618527056889,1744.2755715862975,1.327518836814482,71.6395662209527,8.625496156880082,1140.2288937182252,0.4355598414081655,4.197019454432224,2.9317147733637006,84.5366326251403,1532.9613557313698,4.197019454432224,64795.69547899992,14.79353778059359
25.628089418524127,-103.08458402933304,689.0103447669563,0.31833620697757053,70.85769933495416,19.251207076907463,865.1326899292299,0.2876982803563133,4.535417598297321,3.192916322186505,83.85070750852836,1656.5612777780964,4.535417598297321,69451.91758646259,15.856602188690088
31.223125606723592,-120.42707980294021,341.5972244157238,0.8828770707177658,32.63999590375131,21.01129779664079,390.16577560656793,0.23646540997738008,5.434098371476067,5.279335405672357,84.22282129156694,1984.8044301816335,5.434098371476067,83582.91441094903,19.08285717144955
40.99613012748676,-122.96560378023234,363.1015904166603,0.7291447366960297,24.60438324765417,13.865224132359259,288.29530977461576,0.21090691849343904,5.215530593641192,5.360362317408739,82.16739544546124,1904.9725493274454,5.215530593641192,78263.3163866683,17.868337074581806
25.61641443525052,-79.34963770747133,1549.477977059964,1.9552754238889414,47.550284835025636,20.983216435027437,664.1351910146651,0.2065765426354549,5.384489922291335,4.669149700275655,84.45879040612805,1966.6849441169102,5.384489922291335,83051.91574502888,18.96162459932166
37.97209104423056,-95.66427556628267,1432.0341708352735,3.758211318659543,28.744551034660557,9.105382975214233,375.31274522056833,0.2209660908846321,5.758461357338795,5.751482924236534,81.01190240276794,2103.2780107679946,5.758461357338795,85195.27646711234,19.450976362354417
32.30119336687096,-82.13682120091275,1732.9031996404815,1.071915984412487,14.182006092787947,24.132012659716413,50.0,0.06840258250837185,6.818420387169968,7.505212308285723,82.7060004631672,2490.4280464138305,6.818420387169968,102986.67158009342,23.512938716916306
38.90197242641945,-111.3410175993782,2065.5845206580752,0.04250178959897573,58.062295763413644,15.349901251115874,772.8898723282442,0.24354861256749127,4.459968532054356,3.539270154439623,84.16476463970072,1629.0035063328535,4.459968532054356,68552.3483538759,15.651221085359795
25.097808811500308,-105.36547774228538,1537.6438310231729,2.5611522913565783,56.89605297098744,19.068069958110254,786.5896732753273,0.3082323206514721,5.464770206146664,4.381257261513635,85.79097340976827,1996.007317795069,5.464770206146664,85619.70536332982,19.54787793683329
44.916883347657034,-122.37439090058878,385.08080358560346,3.2577794298827567,37.79920886774409,19.33157644761822,466.37914064043895,0.16531645582729024,4.985198429465863,4.663182218581325,86.14593659549759,1820.8437263624066,4.985198429465863,78429.14410076273,17.906197283279162
47.36373526025753,-72.07941447299794,573.401626045633,11.526701604375424,12.2684344328928,7.272103545412781,240.43563096526566,0.13758128283355403,5.980550779769239,6.663056969923793,83.6451801305386,2184.3961723107145,5.980550779769239,91357.10565469437,20.857786679153968
47.253068526856595,-87.93513303815607,1860.7165213771964,3.1160787958626464,12.86852747808705,17.52602988162678,272.1002275685834,0.051936127274992416,5.987209696034118,6.645325627807551,84.23357597929567,2186.828341476462,5.987209696034118,92102.18562771734,21.027896262035924
41.99164396183019,-73.60692526099746,500.0080630435484,2.2298258483931734,36.93012719154475,14.242861453156712,509.18311070868725,0.2072159981789789,5.21008269193628,4.905236114881827,85.47654370437304,1902.9827032297262,5.21008269193628,81330.19210064082,18.568537009278728
27.122069763135165,-109.6631939988301,205.92298145213505,2.981692994858927,26.00232137890942,24.283464043731062,387.08665798980485,0.12698938229827111,6.101180546824228,6.210902654604157,82.00575964171063,2228.4561947275492,6.101180546824228,91373.12153845423,20.861443273619688
42.19831670229654,-90.98096499381431,1562.0521161908384,9.203984897379428,28.86032722145105,3.776763754258618,187.9389813653876,0.10197496807150201,5.8024082976778155,5.790674142209267,84.60712125797325,2119.329630726822,5.8024082976778155,89655.18952625994,20.469221353027383
24.590085995011236,-87.36100171219755,915.4316643038054,6.168616101912878,53.39533679108006,24.30245219968949,705.4244378589377,0.28308724752349423,5.2234474561048385,4.315782794421208,82.75816069895129,1907.8641833422923,5.2234474561048385,78945.66533840745,18.024124506485716
24.530965236695934,-106.85231618609022,2028.0861129736927,1.3651840772894077,48.19722771360604,12.395258450309932,775.2433571662758,0.2962557802889285,5.789846678039924,4.994434102269419,83.74226243298492,2114.7414991540822,5.789846678039924,88546.61880004255,20.216123013708344
31.76664525958899,-78.20210130915598,1448.0484028513722,0.9479073672426149,59.806568248957035,16.87139066519221,794.9482971674707,0.3205636283715089,5.025828567654645,3.9269513665126055,83.31146512425852,1835.683884335859,5.025828567654645,76466.75695450517,17.45816368824319
35.727436569711976,-72.85328100338663,244.4008022520706,1.0663463177193202,17.168781979209363,18.523551800671108,166.63678006973498,0.17123413333772852,5.953586777568872,6.428793299433961,84.65303719057222,2174.5475705070303,5.953586777568872,92041.02817940005,21.01393337429225
42.48977802738703,-76.21782364441577,2087.8916195953707,2.45710004100848,28.822551763639183,4.129166049977607,631.2846172940417,0.24219027539988122,5.837878097631156,5.827615911545861,84.82545551101364,2132.28497515978,5.837878097631156,90436.02214860937,20.647493641235016
40.39908903855613,-84.09038329927388,605.8981168265286,4.769698577082999,48.66167051828203,13.57347334146663,863.1711062755289,0.30760436670061436,4.51763279456223,3.8823104434736657,85.33661801609608,1650.0653782138545,4.51763279456223,70405.49944111041,16.07431494089279
34.701664953041956,-109.01690729485249,775.0068543735143,2.448622438190979,43.06541013823205,19.412368635605635,649.6732331834645,0.2998688589509085,5.365806578641512,4.8214032671484714,84.52229824269666,1959.860852848812,5.365806578641512,82825.97175933658,18.910039214460404
30.56703999075998,-108.79273372629589,914.8598894196153,0.24571410060201238,62.582846886577194,14.544568665584631,990.0509175600854,0.4053449821788877,4.9778525920159,3.7927258042885024,84.25748065495334,1818.1606592338073,4.9778525920159,76596.81828649486,17.487858056277368
47.93098800378507,-71.97854269591394,160.1322372692735,4.500427276728052,42.56966070627325,12.635147527856045,373.38170809201773,0.08481401516168376,4.440639301696196,4.00551160329039,86.78103570065791,1621.9435049445356,4.440639301696196,70376.96860352097,16.067801051032184
34.22835125366335,-123.44463721947263,1117.5081577958003,5.739101045471382,68.26596387389995,19.662794671930403,876.9683501717286,0.47697829599834357,4.370383779548949,3.1560213069903704,81.71346139470424,1596.2826754802538,4.370383779548949,65218.891388945456,14.890157851357412
34.83328858391221,-85.33330144492419,315.13475581187834,1.1962416434216085,44.72032043101653,31.159265857677365,579.0886987169163,0.22366301051938273,5.2207314257254955,4.630568235171541,84.0797084471229,1906.8721532462373,5.2207314257254955,80164.62734544056,18.30242633457547
27.92697170860006,-85.86270722201584,912.0862023799563,3.8185644459053703,54.11901405659589,22.782786997442212,734.0681869056477,0.2869682718459523,5.114771768710523,4.200081285722756,83.5652671366974,1868.1703885215186,5.114771768710523,78057.07878683423,17.821250864574026
43.0754291699983,-90.37476478871093,804.0260441829812,1.9465516042247553,29.17673095787977,10.926880083876707,359.4798313129205,0.15777503064245507,5.464743526663724,5.44158877057749,84.85633737955246,1995.997573113925,5.464743526663724,84686.52173646157,19.334822314260634
40.648373418755725,-70.53412231130925,1711.6061793669821,7.697553265564713,35.2571698139118,9.68174438443577,238.59774824313058,0.18592156689507972,5.4827077889761915,5.226116029879496,83.5115104791096,2002.559019923554,5.4827077889761915,83618.36428869067,19.09095075084262
29.29847070693025,-107.15851046875883,1776.816600010372,6.530252525493501,51.39699926911055,16.057961206439842,758.1604516384037,0.2319129218567184,5.29126365612021,4.4458308674802804,82.94618755567255,1932.6340503979068,5.29126365612021,80152.31321039195,18.299614888217338
25.977145094780226,-105.6415193551646,379.83769713653925,2.6087262561217766,64.03360707067498,23.013396419123374,950.8359118175104,0.4099809223949896,4.660530864420439,3.5036228225131656,84.72686578919134,1702.2588982295654,4.660530864420439,72113.53060437656,16.46427639369328
40.33198324979311,-119.737272240886,838.0850528653364,4.116179943762628,48.12626508759355,19.27241494021415,833.9575903853079,0.45184593741689294,4.880071702164175,4.212068671903291,85.56319246292166,1782.4461892154648,4.880071702164175,76255.89317132205,17.410021271991337
39.70826914274724,-100.08890062663818,852.7092962184381,7.520011511194541,33.50290810517685,16.737626336728447,390.20978699497954,0.16902384528489053,5.2589298676726814,5.077389732589763,84.70951193245111,1920.8241341674468,5.2589298676726814,81356.0374566987,18.574437775501988
30.558228647957023,-109.9033795833182,375.53245446258285,2.3961618819117367,59.79203053151015,26.002544375745906,750.0721116631519,0.25076334756113927,4.676106839023627,3.6541707466158235,82.78580856967731,1707.94802295338,4.676106839023627,70696.92903758866,16.1408513784449
46.82072549400985,-105.45711808240722,1766.6750358600596,1.3152511129039064,5.0,6.839523187204753,50.0,0.05,6.634172493155173,7.728810954525777,88.0,2423.131503124927,6.634172493155173,106617.78613749678,24.34196030536456
27.625389402741604,-78.9331233261961,1570.54090592116,4.903736250678485,9.399778972876277,23.0178711180455,102.24022196117926,0.052944218971664216,7.038429195367099,7.982997283171688,85.79786050629937,2570.786263607833,7.038429195367099,110283.98061826771,25.178991008736922
34.37603522502245,-73.48383626951522,459.3208405386247,0.8699120672827705,47.269416026031,19.56823760892059,751.8830024706511,0.3798247801447644,4.857520480380586,4.221739481362172,85.40001345631087,1774.209355459009,4.857520480380586,75758.751415256,17.296518587957994
46.64678208402238,-113.97041411171998,838.452103476668,1.721619417707671,35.25395041255625,8.931928068254624,432.3785195565155,0.16319092426107845,5.063910333057369,4.827032493242193,83.4705536538867,1849.593249149204,5.063910333057369,77193.28627048763,17.624037961298548
34.073455606226936,-103.88451769611285,277.4808034415056,7.02758701387617,45.89924572023497,29.988822484159236,856.9339219376545,0.39838839067897763,4.957892667546621,4.35652646444003,81.06672232390274,1810.8702968214034,4.957892667546621,73400.65975851202,16.758141497377174
39.32462274393805,-73.85394964576872,1400.6441837500445,4.511100312641786,36.15933540377495,6.0007878586331875,480.571212073897,0.12846956367844597,5.285209144146343,5.004483422119609,83.58024138623558,1930.4226398994517,5.285209144146343,80672.59511012516,18.418400710074238
33.542265551107064,-120.66234312278198,310.9496377795323,1.8101914491311435,45.27702250286971,18.396277411884448,648.5775434690315,0.19805472463234375,5.136792721163953,4.53610050799572,85.62210981658872,1876.2135414051338,5.136792721163953,80322.6809407806,18.338511630315203
30.58116485636808,-119.01253148198556,2169.7584625435734,0.8461114883062579,20.340749222122568,10.881572094594917,148.4601810515566,0.05,6.571486515574944,6.950101104080843,82.51409349438626,2400.2354498137483,6.571486515574944,99026.62615723594,22.608818757359803
47.61546355103587,-115.20928658286361,1728.466460578904,1.5400261503327886,45.26874954943443,17.96393419136559,662.48452820961,0.3479366561810006,4.8092044501387905,4.24709863766904,82.39769425281852,1756.5619254131932,4.8092044501387905,72368.32623316925,16.522448911682478
33.82401615156103,-91.85850695714876,889.0128816055894,1.1697720384582642,52.89946150773652,25.561563860355637,542.6604816230417,0.2295522659852892,4.966228909855438,4.120498846437983,84.58469575589928,1813.9151093246987,4.966228909855438,76714.72882462922,17.514778270463292
45.458380888299224,-115.87449736567613,1293.912454400612,0.6779258993468684,56.96991087076219,17.049878902831082,866.9485476919851,0.37571912131665813,4.237930475708297,3.3954749205068366,84.47879466696318,1547.9041062524554,4.237930475708297,65382.53657812517,14.927519766695244
29.51891054138607,-71.7238754016604,2009.3849048652787,4.759913960708809,71.24397730367659,13.346931082544547,1069.8584998750134,0.4596783547265986,4.314949115565964,3.026039980687851,82.84452969316365,1576.0351644604684,4.314949115565964,65282.94598980767,14.904782189453805
29.114512896602,-99.8774155280399,1241.313452851026,1.0165600794668959,39.39377198304296,28.396613947641068,687.4419501962525,0.3418945450444417,5.830425256448818,5.388733205921544,81.00454905332073,2129.562824917931,5.830425256448818,86252.1381565964,19.69226898552429
24.74721798922827,-96.91803014109101,425.17174575560364,2.119050752717507,39.93039956324922,26.21130119143314,457.02872200872014,0.15991759954340734,5.39928110287387,4.969969160904262,85.6723250134794,1972.087422824681,5.39928110287387,84476.65732161551,19.286908064295776
39.64000380902124,-110.68043474650806,864.2122144994925,1.7063601207943129,7.582895644870739,19.74999069465547,122.21675085793227,0.08533790161521673,6.246285273778619,7.163987822740249,84.53550663794934,2281.4556962476404,6.246285273778619,96432.00657716487,22.0164398578002
32.844632249370264,-98.5681463685244,1862.7614598139526,14.075920602238712,25.434594779508352,14.624889713138446,412.4659828517673,0.13031669299547988,6.02005723865402,6.152244671482546,81.95469620440795,2198.825906418381,6.02005723865402,90102.05458345017,20.571245338687252
44.744597996151285,-88.25666383760138,1435.0579843776784,1.7363097183893612,31.524522667880973,10.491774694550521,485.5714811833646,0.3014850832891066,5.370331579995841,5.259317918601697,82.05956169587655,1961.5136095934809,5.370331579995841,80480.47353186889,18.374537336043126
35.35703776059737,-83.43643460448169,1449.0574263176707,0.29176899038702764,53.90575194097439,13.836931180437313,668.1505996601563,0.23837652797689732,5.032682403100737,4.140185179186098,83.45773204132429,1838.1872477325442,5.032682403100737,76705.46938152103,17.5126642423564
47.23664226995332,-83.29112353366469,1913.6661942302517,0.3294172598895893,24.001979766386675,6.336620033693098,96.82952777379941,0.05,5.7481594346823695,5.932020876502366,85.09926271049645,2099.5152335177354,5.7481594346823695,89333.59921090755,20.395798906599897
28.452612376874907,-92.79387991451924,1972.042073544385,3.1270335455689855,49.33412035547899,17.770080657396683,725.3737146651539,0.32972253845155,5.872715351126098,5.01918169972985,84.89251320316241,2145.0092819988076,5.872715351126098,91047.61439649486,20.787126574542206
44.84695603093466,-75.16457215033171,2027.554029325788,3.2014530649890585,34.97080909465916,9.149898834552012,474.3413594942363,0.20163165469421462,5.620867818994933,5.369077314683224,85.69751780550182,2053.021970887899,5.620867818994933,87969.44345262609,20.084347820234267
42.6383244670018,-79.8599762454701,253.92576549428563,1.8990642639403215,31.810973927934285,17.417239681563025,388.6865756949359,0.17829536018593667,5.088442630617331,4.973052945746296,81.7644752888088,1858.5536708329803,5.088442630617331,75981.83284587406,17.347450421432434
42.50212427145725,-83.11940180627423,1219.870904220667,1.9787554798451967,39.48009144439862,18.81278552753632,629.1158165931272,0.2734972800217522,5.013504374281714,4.630669971063315,84.33577003466948,1831.182472706396,5.013504374281714,77217.09195484202,17.629473049050688
44.274797474805304,-120.99730182925512,1642.095470619385,0.19404506440765523,27.959185299448833,-2.0011484917222333,386.93664037684033,0.10670399021664487,6.050979559066072,6.076912259733548,86.13886549848205,2210.120283948883,6.050979559066072,95188.62693726989,21.732563227687187
42.26457578263197,-123.62859004013893,1677.3927170230797,2.543800573778297,27.27732953433202,12.633526304384992,249.96310820386833,0.18481924153891935,5.9244948309194685,5.978163012311303,85.99920259571414,2163.921736993336,5.9244948309194685,93047.77193047978,21.243783545771638
39.02928771915397,-112.52784703144447,1354.4398342355082,2.4593496987650316,5.0,16.53557618183909,50.0,0.06551044362778881,6.748917754462033,7.862489183948268,84.53836497211903,2465.0422098172576,6.748917754462033,104195.31900260507,23.78888561703312
27.1498770643773,-88.16972592867359,408.5927706448995,0.5669609979209703,30.536824268097988,28.327442940826394,314.61921324005533,0.19903883641337886,5.971869404255772,5.889709799258399,86.19105058665025,2181.225299904421,5.971869404255772,94001.05008247164,21.46142695946841
24.780628307790046,-101.79533560034253,1764.4541909745783,0.3837246892469227,26.36057336932292,17.766960542408142,608.3492566471996,0.22706231248081193,6.616101449286607,6.718492145434305,84.91392767462379,2416.531054351933,6.616101449286607,102598.57158636121,23.424331412411238
46.100348347576485,-102.27006199783716,1598.2393670571332,0.4616544893139639,25.712342191716566,10.095326677840745,432.2504680773092,0.20093053893463741,5.414807999974744,5.523177826585127,85.56411994926201,1977.758621990775,5.414807999974744,84612.5879813529,19.317942461496095
38.79960754849771,-76.23230803560085,235.19190883042802,0.37276282716897313,42.503715126620726,23.308010592282773,613.9132459701914,0.2656656089326477,5.0229412520512655,4.533073853936948,84.06667187816326,1834.6292923117248,5.0229412520512655,77115.58936741832,17.60629894233295
43.11689498342823,-75.6396062008807,1047.191123049909,3.2930121107117776,46.85537515022917,19.32610725932847,637.809159384628,0.322153947720337,4.873214062217015,4.2495029631525645,82.82853706073357,1779.9414362247646,4.873214062217015,73714.97260813913,16.829902421949573
35.5565364363012,-74.90453574110637,424.05140897187766,0.765647763991965,39.179501083561895,18.677157618089996,523.773721175123,0.27625145708111554,5.155734045358966,4.772887241113869,82.68718619883188,1883.1318600673624,5.155734045358966,77855.4373751713,17.775214012596187
26.815396535097467,-107.05058386818853,775.5756482828896,1.0135676684889074,52.917473428090545,23.123096450301936,857.5642263291771,0.3669709677850629,5.088045585819365,4.22092908336367,84.27242282219163,1858.408650220523,5.088045585819365,78306.29977390118,17.87815063331077
27.00445901286121,-86.68298611207987,88.87434824222368,0.6672492899814566,45.36011466494657,32.117917560396364,585.9820311189088,0.16826162304071607,5.537379298171837,4.886622038447573,80.83557996556614,2022.5277886572635,5.537379298171837,81746.10339629195,18.663493926094052
40.453566893495314,-109.33180821118404,910.7092170831302,11.081602022363576,29.688988583498443,6.746240508996054,473.3378812374075,0.28620721153663753,5.540289410463798,5.496948169160798,81.34712149512977,2023.590707171902,5.540289410463798,82306.63955636414,18.79147021834798
34.327341477587105,-113.70706901397972,1232.2353804858524,6.7493538885631335,26.668586857141165,13.6314690333982,338.5174209708169,0.16884829708901397,6.325895203868803,6.410155444787727,82.4613096226114,2310.5332232130804,6.325895203868803,95264.79775635205,21.749953825651154
28.81259344080808,-114.02984730324206,1382.1025745782367,0.9170266582080427,40.63080026180324,23.987163993157036,762.8468668487516,0.2874310091174227,5.463540722325147,5.002332644113028,83.52239463891887,1995.55824882926,5.463540722325147,83336.90179183365,19.026689906811335
35.79826912179448,-105.52618847336592,1476.5042420267266,1.3889811274085915,45.32780797823422,18.878409019492064,708.8181624531095,0.3156680079354637,5.212832427268605,4.601395041720719,85.09091906390573,1903.987044059858,5.212832427268605,81006.00373241123,18.494521400093888
25.541014489803217,-100.78228853188963,1848.0263231702888,0.8245534502373009,60.161197526566966,19.35619270744388,966.8124468403,0.3272838420941655,4.904518437048263,3.819990207210265,83.97588917075689,1791.375359131878,4.904518437048263,75216.16931084171,17.172641395169343
37.967313645945566,-79.1287447630263,513.2452506428195,2.369603904218699,56.441114808921725,16.554095113673917,731.7346298560802,0.35765708248025235,4.404267316376689,3.5450484788824386,83.89190368424923,1608.6586373065857,4.404267316376689,67476.71773087984,15.405643317552475
30.455841706442342,-117.52588095247354,309.0359182427061,0.06931879648288262,25.253485882870958,19.22241764494574,459.36241361693556,0.11784041845976549,5.875383081279859,6.011842371638911,82.51963105949503,2145.9836704374684,5.875383081279859,88542.89037210043,20.215271774452155
43.14141841529252,-84.31400424067571,1880.8049195805402,3.894858528247081,33.16388695770929,6.817474638246168,433.036674868461,0.1693902232600046,5.606569708846136,5.42633414230253,84.03474912009314,2047.7995861560512,5.606569708846136,86043.16223542715,19.644557587997067
31.44868701416577,-95.30143463377752,386.7175520191973,2.591996379172741,47.07832048851986,28.106535966804188,670.0999692325629,0.29143104299384537,5.183490141365377,4.511978098768476,84.7360371544473,1893.269774133704,5.183490141365377,80214.08896219279,18.313718941139907
34.92528357796323,-108.45095149549641,2145.73417487282,8.011731594410648,54.2239600050615,9.041180758931059,922.6402071328068,0.4363754052377742,5.0161624044020074,4.115421558116096,84.23336266913783,1832.1533182078333,5.0161624044020074,77164.21745903236,17.61740124635442
24.278892957794415,-97.38774243522747,1861.4571932070696,0.628587730210045,51.90145043668626,18.172904059915798,622.3428004379657,0.26463673400420434,5.199515696248193,4.350381992072647,81.7390296277772,1899.1231080546527,5.199515696248193,77616.2399980378,17.720602739278036
25.738725307069412,-107.80312823204078,1126.8847026626381,5.705693535525626,33.85019900903576,17.76831951905859,494.22755925704075,0.23767629337106116,6.284994945627753,6.0527556269913205,82.1227158085432,2295.594403890537,6.284994945627753,94260.22342119235,21.520598954610126
33.41984535376044,-91.81157441713148,2160.056063582354,5.495104252383301,12.427592256286701,15.53188539329214,217.7868174398865,0.08933616184414174,6.8264168584926335,7.597848753169643,84.88318331583473,2493.3487575644344,6.8264168584926335,105821.68982932533,24.160203157380213
35.51853203321096,-100.57242816581682,259.35996758220904,0.4760955236422829,17.019145227579358,18.56495562575826,290.268471266192,0.11933589881369923,5.902930118928929,6.380276367978589,83.66352678716606,2156.0452259387916,5.902930118928929,90191.1737573358,20.591592182040134
38.40049315486329,-115.12210142974055,701.5913865264686,1.7794952320949078,39.90740325774946,16.82144558706152,513.6251962991458,0.2182843609753923,5.25870420885122,4.841416444290513,83.88812965484472,1920.7417122829079,5.25870420885122,80563.7148967285,18.393542213864954
30.999901889023278,-117.70451397399238,1422.1824923373147,0.6527972503411945,41.16006042963822,10.205603156081647,784.8672560957432,0.3175751273306076,5.657867693324106,5.159293998868101,83.08089873747787,2066.5361749866297,5.657867693324106,85844.84134569952,19.59927884605012
40.67956526703702,-94.47843316810497,802.5147672173343,1.0289858732618804,15.223771278181072,9.22814884892691,83.63960936050898,0.05,5.999071237033785,6.559586065681722,84.75511831829986,2191.16076932659,5.999071237033785,92856.04512934604,21.20001030350366
44.64293753254091,-75.26969620255042,2046.0009867587025,1.0692551289959462,35.80225299600689,7.711365949849101,647.1200808073434,0.23121719231822832,5.461910243823062,5.18545144585183,83.54862343013197,1994.9627165563734,5.461910243823062,83338.19438136078,19.02698501857552
42.716423733440394,-105.42628492588499,191.09608958230777,2.843621470592664,46.362038425492095,12.521500251249233,770.5750985160532,0.33331169977060715,4.530746713400342,3.966513483520539,83.72008016740709,1654.855237069475,4.530746713400342,69272.30655645495,15.81559510421346
24.95085180836057,-84.41799420997835,1231.2354389310738,1.855094555415816,14.277920164871404,29.03628604892038,389.97976126856815,0.15003551702080078,7.044786163155472,7.749649134873693,81.10865049293716,2573.108146092536,7.044786163155472,104350.66465097452,23.824352660039843
35.532166734187896,-88.43228683325259,1320.3624748994962,10.329852163241934,54.88994963247946,7.162620146668967,609.6365849839304,0.24622478963420905,4.74759994452039,3.8729512806152626,85.38253694721415,1734.0608797360724,4.74759994452039,74029.25856639193,16.901657206938797
26.518324282036197,-73.69603462728803,1453.365466121032,0.4728447374046942,28.204439325923147,15.599225547822135,307.97900177395303,0.11215690060054466,6.253408050190099,6.269472584705335,83.66830081257537,2284.0572903319335,6.253408050190099,95551.596220324,21.815432927014612
29.80908038070066,-79.66702506584639,599.682380163401,12.732605652833387,57.63703602637972,21.6543053969379,956.11281028548,0.3552004179823591,4.9378018471331435,3.9331603758794107,84.91182049967964,1803.5321246653807,4.9378018471331435,76570.59801749632,17.48187169349231
47.679902238411515,-93.403316019105,833.8178191677085,0.9176807890423008,25.397855976033792,10.914423145693137,167.86606820144223,0.05,5.56328794253189,5.6868764296148555,82.20961265394897,2031.9909210097728,5.56328794253189,83524.59326627722,19.069541841615806
27.419893029636317,-88.5203530953582,1863.913138779702,5.18787524259548,16.52074130808478,11.924900616109472,70.64448820914555,0.05,7.135308907531058,7.737206540735113,86.60082470756791,2606.171578475719,7.135308907531058,112848.30401271064,25.7644529709385
35.97331568283255,-75.48713080446211,469.1269532858436,1.4488457994366042,26.753534182849048,15.634661818315061,325.7186998887375,0.13597328198073308,5.904298994215418,5.979432738285978,85.91606105776984,2156.5452076371816,5.904298994215418,92640.93486659852,21.150898371369525
38.835737623634856,-102.42598563230553,1827.7658714227284,0.5404431971564391,33.287333784608236,7.4224724022537165,485.2220518467421,0.22184477215962817,5.6703239869359505,5.483139013783087,81.13530349551161,2071.085836228356,5.6703239869359505,84019.08894382157,19.182440398132776
40.8591592930585,-106.35308588368002,1259.709159240896,6.829018490467337,28.007361678113345,12.167945742638945,551.3255708584643,0.2206914733134065,5.4606392265641555,5.482200387192458,82.79709378740444,1994.4984775025578,5.4606392265641555,82569.33875030732,18.85144720326651
37.43156840368594,-123.4162014836994,1688.7031490672766,1.292949601678472,31.11197441168396,20.51999483107464,417.04105027053964,0.12228434149477055,6.037531941374325,5.9301615547608515,84.71645158651484,2205.208541586972,6.037531941374325,93408.72132576085,21.326192083507046
24.234500338060407,-79.36624199366094,1584.2558374664638,3.7640709996766226,41.01137269417143,19.484944846773335,513.3353029119461,0.14398560755070505,6.140473220476363,5.605763214226888,82.02040701577648,2242.8078437789914,6.140473220476363,91978.00610246447,20.99954477225216
31.835071397855806,-80.7470421782183,496.1497150774899,2.925067542847892,31.91877134366481,25.925071253127534,478.00179258095005,0.3290392739441571,5.63237113878922,5.500396801035373,83.43258037550399,2057.2235584427626,5.63237113878922,85819.73494507806,19.59354679111371
36.42507944123307,-118.35945602259183,1272.9473833328266,2.2336914827708263,33.809976908863874,17.271882718093554,520.2993250535344,0.1603006339257445,5.800399655646343,5.587699937838518,84.63994767896519,2118.595974224827,5.800399655646343,89658.92620562782,20.470074476170737
26.108795979476,-92.84970141883419,1915.6047785309486,2.396873100495283,5.0,21.128467508509942,114.12398221702712,0.05,7.4076904989087575,8.5,83.72291113203077,2705.658954726424,7.4076904989087575,113262.82211007184,25.859091805952474
32.415046349020336,-98.94498829898808,979.0499091241481,4.611797511633779,42.05056428818851,7.318122386945763,570.9092792395046,0.2637288814754903,5.659745266015466,5.125725944075081,84.80825805530564,2067.221958412149,5.659745266015466,87658.74665330592,20.013412477923726
24.7968746109928,-117.58970884250797,2128.170155980131,0.3215321278082022,33.394340641549974,14.982723560559666,272.0121575898846,0.1313814294740693,6.2887559905983705,6.076445170386634,82.96000514309718,2296.968125566055,6.2887559905983705,95278.24375524509,21.75302368841212
25.8858839317205,-71.04931573872094,1022.2624652186938,3.8610761724486644,63.985273648691674,26.468581597235158,804.0322321710503,0.3610567146993496,5.1001343603525955,3.8358267835773234,80.04629504785376,1862.8240751187855,5.1001343603525955,74556.0827696018,17.021936705388537
33.5261586288383,-112.4064220769788,356.98911883595207,7.91545752434486,18.087826989428752,18.841339731845668,395.2566863787488,0.14255443251453656,6.265727805911994,6.725539563481069,85.4731729682476,2288.5570811093557,6.265727805911994,97805.11762068389,22.329935529836504
27.18517809703345,-120.3693542751097,887.2845621669975,0.20833815012998486,5.0,28.380139704978408,88.70689379765999,0.05,7.374378678467123,8.5,84.11166609841243,2693.4918123101165,7.374378678467123,113277.04197791814,25.862338351122865
37.62098035827739,-91.87824150689688,2096.160173739655,0.5305400633181317,46.125232890740754,16.525318585147946,613.5010485596649,0.2586926201119036,5.260846824478117,4.6144116945027704,87.7554549634325,1921.5243026406322,5.260846824478117,84312.11970076051,19.249342397433907
40.547159259294375,-84.10119943481624,737.3998260806866,4.413530272661928,41.23748632963401,14.190256338404248,689.1416634522736,0.27153579139471634,5.153970146949897,4.697006761992559,80.68922022309852,1882.48759617345,5.153970146949897,75948.22810744544,17.339778106722704
43.21408077861799,-122.2480539134519,1916.411043714185,2.0124161376473606,16.848205630439374,6.958954354865551,122.8632155892564,0.0634634935840905,6.030413430762067,6.525284598288181,85.12624816402023,2202.6085055858453,6.030413430762067,93749.8991273412,21.404086558753697
28.803605861875443,-88.4292475087408,1944.6889656160631,1.808651428261111,7.4645188099263535,11.260509164657858,81.96844996766818,0.08692179815739708,7.358296172311183,8.445472425462837,81.04697679287491,2687.61767693666,7.358296172311183,108911.64374540294,24.865672087991538
28.019581974217672,-95.25623869862146,802.9010273137163,0.5155567426538644,62.673141152317214,18.858306047578278,891.1998166498447,0.37022324576566906,4.87808684989519,3.7136290399970227,86.63473992251298,1781.7212219242183,4.87808684989519,77179.47733791333,17.62088523696651
26.509628168025607,-118.42368952074739,229.00396480885905,2.473729176956078,60.45398703092207,19.99529124366852,802.2180681034461,0.3334801706942571,5.127004656955976,3.9827704770735157,84.73180025054401,1872.6384509531704,5.127004656955976,79336.01358382609,18.11324511046258
39.274325989047284,-114.68371064489645,1607.799504691459,0.4735465836616025,5.0,14.00280050320345,80.07628229015988,0.08677316936469917,6.794725661049516,7.915855395122686,82.57210672848562,2481.7735476983357,6.794725661049516,102462.63512823968,23.39329569137892
40.95541743568563,-93.32938794493165,719.7514428800699,2.2660693060689563,26.751985473382984,10.147118966155379,355.7584034851853,0.19630068610976784,5.7045729601322686,5.777226981429539,85.17033371190215,2083.595273688311,5.7045729601322686,88730.25239028777,20.25804849093328
24.75806747581541,-107.99668887028243,1733.2857706537807,5.048031491874908,64.95545698611019,20.60737284737505,769.4420930269551,0.39979769414273886,4.866800467585868,3.6272838220772576,83.1704324884246,1777.5988707857384,4.866800467585868,73921.83343709253,16.877130921710624
46.46909390984855,-73.33095065282893,1001.7079237599312,1.0456683187041584,26.430873959998394,14.592682909369488,388.1800236278831,0.0739301647876391,5.523551838098758,5.606316088608369,84.4506241493269,2017.4773088655713,5.523551838098758,85188.60897040094,19.449454102831265
25.247310807635337,-79.78802760786127,1093.3234960366365,2.294038156574996,26.16897978752025,14.527275035645228,233.53053787399676,0.14256034993930145,6.333696932427549,6.440211609878229,84.30894107431362,2313.3828045691625,6.333696932427549,97519.42727637597,22.26470942383013
36.99111204722569,-70.8873708482622,1722.505224509354,16.906091674215297,29.91033210267137,18.940747881515026,435.3061619470714,0.21145656974805538,5.917631503733951,5.8621695397153495,86.61625220422093,2161.4149067388253,5.917631503733951,93606.82934002636,21.37142222375031
41.01745246682199,-109.97777469667764,872.0811617825,4.061525486796423,14.823854472173132,17.23617775867849,344.9475450254348,0.09944552387293457,6.091694556371612,6.67791671249786,86.72238886512976,2224.991436714731,6.091694556371612,96478.28629817933,22.027006004150532
44.903258969906055,-71.63492382890925,1002.7237924442662,6.443841049241141,5.0,15.77870658710042,50.0,0.05,6.217146600292264,7.2429757893404885,83.10410194008973,2270.8127957567494,6.217146600292264,94356.92903271456,21.542677861350356
41.13808637117827,-100.71337103125587,858.8095078546876,1.875590374241597,53.94585159322548,12.159152787525251,638.093609308058,0.31842842459959075,4.646905489366475,3.8215176699600093,85.58715842699405,1697.282229991105,4.646905489366475,72632.78155678522,16.582826839448682
43.241473993675,-105.23398505305725,839.7821078461519,5.111465161742295,5.0,16.831942637507964,57.30121867950196,0.05,6.247610548181115,7.278466288630999,84.53226023335544,2281.939752723152,6.247610548181115,96448.76250701613,22.02026541256076
32.14680462102734,-121.28112554365492,1180.7851403381378,0.1447338329728323,39.4508861379576,22.13558601773527,469.1152951235533,0.2175928277526209,5.536651555143103,5.115001195559248,81.88097689948964,2022.2619805160184,5.536651555143103,82792.39325567413,18.90237288942332
43.555802729916294,-121.15067607558146,1788.918805677474,0.4590145614448694,50.958430869637695,9.06086114713159,772.8689324380747,0.3655964056357487,5.020433155737131,4.233686015568684,82.95565742944173,1833.7132101329871,5.020433155737131,76058.442441817,17.364941196761873
25.922756313232203,-86.63139217888065,827.8018706335166,0.7944621209515231,8.87792661977915,30.203440142871372,109.49209792462274,0.05,7.018785502896947,7.986356764893514,85.42284309225087,2563.61140493311,7.018785502896947,109495.48739655294,24.998969725240396
45.47559974545266,-99.27183430056249,1177.1476491561339,1.7992944712500276,18.36316875328871,11.826500408417385,428.0606877124993,0.17124433525795063,5.869302469485901,6.288710021404235,84.53678160165698,2143.7627269797254,5.869302469485901,90613.40072822882,20.687991033842195
37.14221702768967,-111.7678321940503,1492.0637497015919,6.542015945587865,56.83722539104862,18.388826790841588,912.0201150424145,0.3950568000997933,4.583032980227909,3.67623142697073,85.49966936927628,1673.9527960282437,4.583032980227909,71561.2053000952,16.338174726049132
43.61514647909985,-90.84560345843744,629.2948095528583,1.4876918552260452,44.59205096408672,16.398745265675398,608.9806630490738,0.21393536765996632,4.894018228952406,4.3451817027505815,83.68193353144952,1787.5401581248664,4.894018228952406,74792.40834850092,17.07589231700934
34.855638828439204,-110.34566161449399,646.674030540144,3.7208971607166124,23.888857276180033,21.42367850592911,406.00490866382955,0.125211051988585,6.026839027889113,6.224386751920654,83.19008712792099,2201.3029549364987,6.026839027889113,91563.29230805863,20.904861257547633
39.4458646847166,-92.80788526540118,2056.838223100428,4.324294262249386,56.64048206050108,3.2798407058363015,753.6431079307306,0.3072657315446657,4.786152025457395,3.8457527249916206,84.0408967614517,1748.1420272983135,4.786152025457395,73457.71182026622,16.771167082252564
36.63366386246672,-104.60272766293473,1605.5993326618404,3.0881545485144333,56.71764302217744,14.971069551442227,797.442690827001,0.3723497736897684,5.160048456523444,4.143397643488491,83.60084391713067,1884.7076987451878,5.160048456523444,78781.5770761055,17.9866614329008
41.558148522127965,-79.52817976296177,1290.951353880114,1.5469542790589081,39.84294847428273,9.904175990612778,521.657859004927,0.24954414131165842,4.890241975169712,4.504398756899424,81.7601206034526,1786.1608814307372,4.890241975169712,73018.36454147314,16.6708594843546
25.95911956873415,-79.68240731859392,1442.5981170043158,3.0117822393024314,18.79711589827407,15.719812385937304,339.8052185608078,0.09851487127435282,6.872794672123607,7.343032580569693,82.49501181381895,2510.2882539931475,6.872794672123607,103543.12958462782,23.63998392343101
25.44845001577353,-98.22307850139033,112.99380267234949,1.4663392295948312,27.557923337507685,32.959641217404084,529.1097543960655,0.2530707919208116,6.1824501148638396,6.226311733712924,81.87797028465671,2258.1399044540176,6.1824501148638396,92445.95599774181,21.106382647886257
29.930477616243515,-105.05576809590916,1378.9213759576483,0.3066037932942161,40.15496139119702,16.78159720065278,642.0342801958725,0.22571729460662143,5.780531808765617,5.311818949307753,83.42896396634639,2111.3392431516418,5.780531808765617,88073.42281881567,20.108087401556087
27.82907232271652,-104.42177098580889,1145.4440774320342,17.269794260229382,31.605293075345212,15.736489743715403,534.6677631833686,0.1422697447600652,6.099323273970752,5.969791631319064,84.03855732304186,2227.7778258178173,6.099323273970752,93609.6172589961,21.37205873493062
44.92280559821284,-80.49141561391623,1223.3618115257866,0.47610059394763693,51.90122920822732,10.231401910739788,818.9205526387553,0.3228597183804532,4.736064131118863,3.962624107244187,84.35238457574582,1729.8474238911647,4.736064131118863,72958.37757871534,16.65716383075693
29.261135696593065,-106.27830792892895,822.7612276862567,0.2628466060419872,7.4640665580319485,15.516881882414182,159.62252404591828,0.12265785359841941,7.017069023156186,8.053851736169428,84.46957507322807,2562.9844607077966,7.017069023156186,108247.10415763709,24.71395072092171
47.42076613965915,-112.71079381983031,225.16888008282507,7.378329448440796,8.103256476807704,21.270348709524335,50.0,0.05363136094040201,5.706969621018779,6.524648275411278,85.71986859197305,2084.470654077109,5.706969621018779,89340.27527565695,20.397323122296108
32.085499002506566,-119.42682953873343,465.6793522659122,1.257547650655546,38.25568000668378,18.450405710876424,705.6766720352229,0.29395335631268316,5.518496986518366,5.144399399983372,82.35195627739719,2015.6310243258333,5.518496986518366,82995.57899332319,18.948762327242736
28.370829976528782,-98.79857147224195,2094.1011334072446,3.677348437102164,26.152200551475715,16.879820579300503,546.5718903905025,0.20690301348315648,6.48613886000927,6.595979002109347,84.85537908531543,2369.062218618386,6.48613886000927,100513.83631878078,22.948364456342645
42.9527641714195,-97.96486665832853,928.704058882508,1.396481383628896,23.713124935440664,19.452162685289984,308.59578876483243,0.10909347184619198,5.508531603743182,5.695866437579121,85.13254169027947,2011.9911682671973,5.508531603743182,85642.96100649063,19.553187444404255
39.80898661202103,-78.59092963824301,1053.368785036358,1.7383912653474616,5.0,12.818501374549829,50.0,0.05,6.642034169424752,7.737969807379836,85.47877766850226,2426.002980382391,6.642034169424752,103685.88469161512,23.672576413610756
35.95669719487533,-112.05311039191254,163.32604818489384,1.0638759064952787,35.35182520636727,23.130945750472776,556.1667181806794,0.17831425828299163,5.269437006416376,5.0193348957920865,81.88062360087768,1924.6618665935812,5.269437006416376,78796.25692875584,17.990012997432842
37.32872522250315,-103.42647122190641,130.76739351955825,1.4704838492358592,34.05040805598622,16.42789246265807,531.7869963021575,0.2041725478658341,5.11284739273895,4.916755090931515,84.38222882752049,1867.4675101979014,5.11284739273895,78790.53538673965,17.98870670930129
41.26084267853433,-80.34609009974069,1591.940111150529,1.8508719841683607,46.762621675131335,21.25599851536164,634.4820965765367,0.25358906717223517,4.97588308856866,4.34226233768945,86.57411391959778,1817.4412980997029,4.97588308856866,78671.68499193266,17.961571915966363
29.48291379195117,-79.52432501955543,1206.9035278603892,4.460584596972031,36.2403103961775,22.44369169278652,382.36177998772456,0.09176368540564368,5.713692787730414,5.40696934432624,83.85131922126506,2086.926290718534,5.713692787730414,87495.7612971452,19.97620120939388
47.91201398536181,-103.23100189714651,1143.7178660649734,2.5077146599528133,32.61312659167106,9.950578621219094,487.15389135837256,0.16105837552110983,5.355369721103159,5.2038562107070145,84.72524205294644,1956.0487906329288,5.355369721103159,82863.35362687401,18.91857388741416
47.395035891522795,-99.20730274251923,572.7177404087377,10.061343577232748,56.18601146222607,10.717310223215197,841.7478142887195,0.3712535955279522,4.301995658069061,3.470410948199868,85.17059339187777,1571.3039141097247,4.301995658069061,66914.44338185269,15.277270178505182
39.60781647232648,-107.62256189413873,1651.2140730043327,0.14973930632230725,11.375588537926102,11.464426011072915,231.84035433484516,0.09707573963656854,6.683837882652728,7.4883773319324485,82.4617952334026,2441.271786638909,6.683837882652728,100655.82708945032,22.98078244051377
28.789018822299482,-73.64203656535715,411.7086450832575,2.447559563469826,44.65500593925637,21.62646341514287,660.0993603850098,0.25960331060075165,5.242769604863474,4.65251217093285,86.75073709349996,1914.921598176384,5.242769604863474,83060.43005903214,18.96356850662834
40.32547781835099,-117.59323664995466,458.3596988711931,3.071636828873549,5.0,25.373514703384117,50.0,0.05,6.466674953141491,7.533676320409838,84.59984531409971,2361.9530266349298,6.466674953141491,99910.43034624234,22.810600535671767
25.73276181550022,-73.57753115792062,1040.5311683987923,8.848679023613721,19.909486159985462,16.31546245217133,378.1330101904243,0.23639791219213763,7.0377367685802605,7.464460062754626,84.77925422129013,2570.53335472394,7.0377367685802605,108963.95038222335,24.877614242516746
24.735660052939345,-87.07121160089147,665.5017035406729,0.17642772642775442,13.172171612780353,24.080650151634742,190.9952523355168,0.05,6.882582183885601,7.624488745006281,81.50695893298419,2513.863142664216,6.882582183885601,102448.66996613743,23.390107298204892
30.184389324269127,-95.29510375491651,582.0454096512647,2.9824967860192317,49.07496563813453,21.433445489287728,640.5572174974113,0.2794784809870083,5.285798562401838,4.527155595142408,85.19181719731996,1930.6379249172712,5.285798562401838,82237.27658688265,18.77563392394581
35.10295096174359,-122.23641071763723,1437.260935789663,6.7256599486626385,33.82261579528291,14.547726186887592,455.45128292938864,0.16537791348355552,5.860129091213753,5.644720646116321,84.75961551206869,2140.412150565823,5.860129091213753,90710.25545965963,20.71010398622366
44.83854012980113,-98.31780564161156,1449.5892522198708,0.9694179333850335,34.75694159732642,10.140244060736766,312.00027911507163,0.13181408092986327,5.112567243191648,4.891200284241863,86.43628699158309,1867.3651855757494,5.112567243191648,80704.05654925815,18.42558368704524
41.45205767439139,-101.98160232985245,1822.711700069848,7.314419512382801,15.078806220869883,9.7687323056927,192.87910467432448,0.10324678071132048,6.385579446727628,6.988686930476925,83.53310217854346,2332.3328929172662,6.385579446727628,97413.50092921793,22.240525326305463
41.824956508799545,-115.29418415334338,948.0734189918982,0.06729474647209126,29.605517073207995,17.93066674140911,483.32089101237875,0.13287087512809684,5.559604820832876,5.519360956895251,82.51851250560233,2030.6456608092078,5.559604820832876,83782.92967796586,19.128522757526454
34.211840026753805,-88.55388141096452,207.132945706223,4.614631407096613,21.25762454043599,24.00494504539941,331.5850457800269,0.1378296235340035,5.919608328941698,6.222672315748476,82.9766415078385,2162.1369421459553,5.919608328941698,89703.43096964955,20.48023538119853
32.30243982112711,-71.55785100211256,638.382727581134,9.46663885026255,41.902190267375886,21.947634888078277,738.697081041381,0.367326882882901,5.233437986124309,4.745077983619517,83.24253264748906,1911.5132244319038,5.233437986124309,79559.6009954399,18.164292464712307
32.904930311630466,-93.64180420251564,2157.0117458731565,3.747104448249401,17.160359564030955,0.2717651818194309,213.94754249486294,0.17721990404745971,6.804126805717564,7.3476233293234525,82.32173022280294,2485.20731578834,6.804126805717564,102293.28309903199,23.35463084452785
47.703589529665386,-85.40332307202692,1331.9559367503095,2.023302760939467,58.93629857369137,11.072784524551684,873.8394963370107,0.35759909147766455,4.1829108794083085,3.29381606381832,85.93524003564899,1527.8081987038847,4.1829108794083085,65646.28214202542,14.98773564886425
24.96262059389958,-120.3036755614351,1575.9347323221937,0.16071774663413982,5.0,12.264589630453889,149.2740176305772,0.06428156770691926,7.734643913067891,8.5,85.9915467943975,2825.078689248047,7.734643913067891,121466.44315216431,27.73206464661286
44.808755906938764,-101.44598222588229,65.81933369464124,8.84503313327196,20.482643015781896,20.09224382594765,521.0427030496874,0.3276677777007797,5.492920465519847,5.803937855558537,83.7063124482899,2006.2892000311242,5.492920465519847,83969.53531971746,19.17112678532362
37.888209805737446,-117.71664180111722,1164.14232419242,2.2240306879826663,65.18960917938973,21.02758343673811,927.1310776232203,0.4430508297563017,4.210021594118366,3.1308782764404657,83.4108601168737,1537.7103872517332,4.210021594118366,64130.873005659014,14.641751827776032
34.52677006055017,-90.90902488102844,130.68661369337673,0.10298910229417703,27.16750253668338,18.104563953931336,275.92631762716496,0.08410507054855779,5.629141356858438,5.684461643587518,81.27677713002103,2056.043880592544,5.629141356858438,83554.31012623188,19.076326512838328
41.40618384996328,-73.32196345643565,1273.8449559966132,4.0971208556268905,11.332184040720584,11.950869598162633,243.44345190561634,0.07048559908303399,6.245266418814574,6.998912143488117,85.0439418829554,2281.0835594720234,6.245266418814574,96996.16883095191,22.145244025331486
35.68005459419287,-88.26400244653152,2029.657326717562,2.3011306632382498,38.94328812567804,9.39826597881341,731.7787693563382,0.35273529365450434,6.0355933277029346,5.5973910434524345,86.48016016323876,2204.500462943497,6.0355933277029346,95322.77655764381,21.763190994895847
44.962157713959854,-119.85263539102124,2132.101130575877,0.46474212314536545,26.442939640138242,12.048250478865882,337.94628393927326,0.09025909513907734,5.663935710063986,5.748325081328864,83.04420792411065,2068.752518100871,5.663935710063986,85898.9571283481,19.61163404756806
45.6168447362702,-104.84802493080552,1212.1882520861868,0.844005259061981,19.954335398870494,11.791590149335766,363.4688494448285,0.20583169150228786,5.74620250785033,6.092811444640063,83.8248232113354,2098.800465992333,5.74620250785033,87965.78900883783,20.083513472337405
34.12130224496293,-94.26417751019402,1035.1403312922644,0.23332459926313204,15.274325405623088,24.383029855570694,336.71336120161527,0.15701223202155679,6.331656687714913,6.921005533023965,84.65143719197359,2312.637605187872,6.331656687714913,97884.04849167868,22.347956276638968
30.643867133641237,-102.22678116880438,2081.786752634262,2.9890183070045397,84.83072490126698,15.456342838479683,1289.336703014753,0.5631096644575008,4.0701190949749275,2.4672448411414303,86.58662754091485,1486.6109994395922,4.0701190949749275,64360.31645335157,14.694136176564285
38.216407886240695,-78.98322343434069,1498.2611387928944,3.40528675845017,30.472065796685545,14.281111479770491,439.1647734009554,0.17014863207639544,5.692748091098042,5.617009148546381,84.29966433275264,2079.27624027356,5.692748091098042,87641.14455506451,20.009393734032994
45.89672029480059,-80.00776574566058,189.53345100758034,2.466443820977837,5.0,16.67163574271318,50.0,0.05,5.81319203588115,6.7723687218015405,84.29314487403977,2123.26839110559,5.81319203588115,89488.48504896642,20.43116097008366
29.055892536136,-90.96112491442605,1051.3099919851197,5.94589585022321,61.886775662099616,22.940266795842547,858.286904468036,0.4307191850717644,4.759946812623465,3.649891851253676,84.2689777517397,1738.5705733107204,4.759946812623465,73253.78248107522,16.7246078723916
38.95119800552359,-103.83327096283392,566.5267896982534,6.906706836795024,45.99927629199027,10.688582156041745,689.8499134756269,0.2751005999205041,4.897581249550685,4.300101148036951,81.86245123964449,1788.8415513983875,4.897581249550685,73219.47713840025,16.716775602374486
39.15744528222049,-110.21183581678481,1060.0792911146655,3.346472747861995,21.20360424164382,15.42012898950949,387.67271179218636,0.14098354275138456,5.877591275587401,6.180726695593025,81.8298140192552,2146.7902134082983,5.877591275587401,87835.72195077912,20.053817796981534
41.59471253796674,-118.28278681649101,1029.2509798136778,0.04493489779652606,18.20385640364945,13.855938683934719,288.2484944509962,0.11609668596059128,5.8781773956996375,6.304774394254104,82.7880072463277,2147.0042937792928,5.8781773956996375,88873.10351564837,20.290662903116065
27.157624443054235,-104.83552509172608,1301.6113260516954,4.158688644822155,47.12251033084816,22.17268767899818,621.7243479778165,0.26870291829332066,5.68303504454404,4.945049910273157,85.51933586105605,2075.7285500197104,5.68303504454404,88757.46351275925,20.26426107597243
41.17979915237012,-101.68868407078315,817.0565542508901,1.8944922001387434,30.555470105189816,14.633001186682844,483.3145470876343,0.14983980495054186,5.425616779831425,5.350264236569223,83.496964394181,1981.706528833428,5.425616779831425,82733.23973886039,18.888867520287757
45.81678049597538,-87.50556204438003,403.1814663302453,2.91792074154971,5.0,11.21160370850917,156.00850677428204,0.05,5.880181364200347,6.850411289293404,83.20559392679657,2147.7362432741766,5.880181364200347,89351.83485986733,20.399962296773364
28.312394612885807,-88.45936948793104,1132.996784368406,3.6651955104378233,67.17031936288403,19.623841202038154,978.3454767218245,0.37674234493879066,4.548016225096843,3.319177553964879,83.17923809378435,1661.1629262166218,4.548016225096843,69087.13327616996,15.773318099582182
29.701039798173063,-120.21416045937212,1834.9362013433883,1.509014515421762,27.188171680112774,11.128488968631805,297.0156920677464,0.1660205535919034,6.355297315480546,6.41683437713654,83.79351468229098,2321.2723444792696,6.355297315480546,97253.78413935984,22.204060305789916
47.31348225699935,-102.65599696671748,1477.6262903453448,8.715357648550457,61.920291256683676,1.6197526822736243,848.7434741218524,0.309344985817444,4.064997283088066,3.116056029620593,86.55316190115245,1484.740257647916,4.064997283088066,64254.481950679445,14.66997304810033
28.343446865027754,-114.18394117026246,777.4909117392141,0.5034447201418201,58.01182924338287,24.26648427798341,906.9476870486069,0.2901064767156835,5.156391195737965,4.093747635970922,83.77320392145432,1883.3718842432916,5.156391195737965,78888.04845932346,18.01096996788207
44.5052422408699,-115.5321139128925,2061.374498931543,3.89639034652103,16.981828199309344,9.982014787729515,99.44381391588342,0.05,6.281370532195611,6.790960551997082,82.8205538919377,2294.270586884447,6.281370532195611,95006.38039187544,21.690954427368823
35.814668554752835,-79.32568391418872,2011.2462781857416,0.015291887223210862,53.59741755853666,13.695531535406815,541.0460435803973,0.15191684475804634,5.297649656305516,4.369597202611705,84.03786844362244,1934.96653696559,5.297649656305516,81305.23163816298,18.562838273553194
29.933545785676248,-121.7365782973221,500.09905867581233,9.049691085020969,23.27403410245374,27.24112279084987,476.64476244875436,0.2666788944960532,6.207222236187875,6.43739696937963,85.73617629230236,2267.1879217676214,6.207222236187875,97190.0116742237,22.189500382242855
44.897997630540274,-101.36412470128545,134.7478080087804,0.4177299518458199,5.0,14.462034464997272,121.14152550218796,0.05128596560011424,5.702963599603746,6.643952593538364,83.24576292159658,2083.007454755268,5.702963599603746,86700.77237123766,19.794696888410424
34.68732612006397,-114.91700258860801,1643.8137229541387,0.34892347341154445,27.357233011601437,8.447178060115498,443.67426241443076,0.20992673034637296,6.308302224828505,6.361918812688544,82.22849248735358,2304.1073876186115,6.308302224828505,94731.63850642645,21.628227969503754
36.355616494312564,-76.5161683533624,1829.3620619006795,1.417418369459515,42.15747503197302,12.21304316082377,482.52295308491665,0.22787561680811505,5.344252538862352,4.836001695833286,83.24851309540438,1951.988239819474,5.344252538862352,81250.05927234341,18.550241843000776
32.621600865594374,-93.9198122831481,2130.9088167954137,1.636993098920173,26.67074033606592,11.27573432768182,447.14317105157664,0.1891188505244396,6.201220930837961,6.283727044514859,84.19314560452264,2264.995944988565,6.201220930837961,95348.56669503782,21.769079154118224
38.23082043443826,-111.5054456356502,1963.148247289868,0.8441311579726868,29.473129863348174,7.6112067009731685,440.1486868437109,0.17965622135231413,5.948819864111826,5.911271454213759,85.032361426238,2172.8064553668446,5.948819864111826,92379.4319110083,21.091194500230205
27.924572942040548,-96.86892649301568,1341.149751643792,3.079194862070037,55.584188808715034,18.40879680391161,619.7458855371707,0.31045377379806155,5.347614532896664,4.3364377283667,85.51032536802336,1953.2162081405065,5.347614532896664,83510.07673609577,19.06622756531867
33.38595687964226,-84.49973657603175,1189.6125293066189,2.0476253994002835,36.916891645221654,14.581836172809547,659.2648244604889,0.281993472574169,5.8035028760899285,5.464472443432506,82.4314240890565,2119.7294254918465,5.8035028760899285,87366.15761338525,19.946611327256907
47.2658957360469,-72.26162751835058,109.85826021456052,0.1217063066985968,19.820630396870854,8.837034484278767,293.35715791806484,0.19218702309569774,5.535638044774032,5.874726803854578,82.57373199831139,2021.8917958537152,5.535638044774032,83477.57564020461,19.058807223791007
30.195202384827063,-112.09591577074738,580.3113607162724,1.3480282848133036,47.636545826011876,19.74589536007142,627.3032449562394,0.292417849329593,5.16486800930424,4.475586309891419,83.51510661091876,1886.4680403983737,5.16486800930424,78774.28975598059,17.984997661182785
39.761679948991016,-76.14618430501537,1038.171716225792,5.820543046590086,38.558160205176414,10.370884775009653,502.015268273948,0.1782832147734269,5.243434997360147,4.876881550256687,85.02673953704533,1915.1646327857936,5.243434997360147,81420.10220121937,18.589064429502137
31.804561541392676,-73.54757783495552,1401.2833851796709,4.095772288721869,5.0,17.608122666918632,50.0,0.05,7.0801831984333585,8.248413426174864,82.10998815352161,2586.036913227784,7.0801831984333585,106169.73015485148,24.23966441891586
42.56335501647841,-74.51329059526842,1248.091441634583,4.516801338728727,42.71035244788607,9.98189400144918,657.2785942335414,0.23749284060792827,5.059815463772323,4.559033044073927,83.08900963437345,1848.097598142841,5.059815463772323,76778.29956867648,17.529292138967232
27.140967857240398,-89.68762472945687,1646.6673778156346,4.192004258451778,42.05291673888983,21.999753471727853,614.9265550690301,0.31709679904296495,5.926154269985893,5.366900619300339,83.11088440588208,2164.5278471123474,5.926154269985893,89947.91184733355,20.536052933181175
47.27570508188507,-89.98968466052578,651.4989014071379,1.3036619838972698,35.36218033245548,19.88390247518749,475.6625114210673,0.1779401654448337,5.136673734528023,4.892500601068055,85.41262328304656,1876.1700815363606,5.136673734528023,80124.30419459395,18.29322013575204
34.890948993207346,-102.22662580807358,1264.6481064528175,0.36745507906449015,51.050610459252354,18.69335791284023,842.5570671747001,0.3111418048161435,5.145182196832927,4.3355657916927255,84.79239114099664,1879.2777973932266,5.145182196832927,79674.22902957856,18.190463248762228
29.665211120315135,-83.37051435559545,239.50582329020307,1.1133366058343586,22.89691548212296,17.249021151473894,182.17091485013688,0.09189344991056471,5.72762178903695,5.955132042724324,85.35557754157487,2092.013858445746,5.72762178903695,89282.52555630755,20.384138254864737
25.763921935920305,-95.31012300904968,939.380875703895,6.2387994914197105,41.05699619877622,27.730114745832548,515.1206991461055,0.20977526932558543,5.7426915374995575,5.240786192618423,84.91597106301656,2097.5180840717135,5.7426915374995575,89056.39246559379,20.33250969534105
28.07418972210098,-87.41834415367211,1662.8457908523922,13.775455344124184,6.7947313189876475,23.355267472287657,50.0,0.05,7.197146193195902,8.294256709311396,83.54152485736638,2628.757647064803,7.197146193195902,109805.2111581281,25.069682912814635
36.47457476534443,-100.86327319216505,1540.8118348724447,2.383207095440309,42.327626901178974,13.957544226464547,564.7072786393503,0.3297853946277548,5.421310505674973,4.8992741480124025,82.21889076771947,1980.133662197784,5.421310505674973,81402.19663886198,18.58497640156666
32.08807623435087,-84.49919094167049,2179.881884920185,0.03411698449061629,70.15507451971814,17.95266091128331,988.9180458017763,0.4577027260471831,4.459990456577855,3.1617518080242677,82.22855457322946,1629.0115142650616,4.459990456577855,66975.6311005819,15.291239977301805
43.89320078118263,-79.47853804935434,647.4659208736754,0.5280624937876116,17.09258565558426,12.804029491912727,282.29755155931514,0.11897450753147663,5.592033121556552,6.0413636100343755,81.24283865241175,2042.4900976485308,5.592033121556552,82968.84672620415,18.942659069909624
34.341300567883344,-116.09244214344793,1121.1069932240553,1.3605439426370687,21.323561624220048,9.47589603893386,263.83251742856896,0.05,6.26186969420206,6.579566082892396,83.31184975550072,2287.1479058073023,6.26186969420206,95273.26134861304,21.75188615265138
29.969142542103118,-79.02179535899168,758.4903896140929,3.024483034330266,22.21972202795206,17.68029615349676,223.34053487583947,0.06806043133783467,6.202313738647783,6.478080675957027,83.42366607775239,2265.395093041103,6.202313738647783,94493.78188801989,21.573922805483996
38.811479678496724,-94.8239872833234,997.2966952272257,0.2732197485610017,37.33996806442872,22.46555413271937,691.3602478790465,0.3236190750768678,5.452095533730347,5.117447128680476,85.18133011020757,1991.3778936950093,5.452095533730347,84814.10886850221,19.36395179646169
40.9626532052507,-78.38804090912788,1892.4427792191846,10.048472484627057,15.865347088633072,4.140272467095366,463.2788784197199,0.1344808140251258,6.208969794436257,6.761211527362519,84.02537132576491,2267.826217417843,6.208969794436257,95277.47001041957,21.752847034342366
28.009005789622798,-100.70970785758522,1521.0495116552463,1.5899172020324202,42.582452816437645,17.788784964119486,610.4830066183296,0.3614164342408217,5.920833621517065,5.340135017564882,83.2645073334861,2162.584480259108,5.920833621517065,90033.26565790887,20.555540104545404
28.022861190919624,-103.5318137893161,1947.2485613973006,8.529778038878076,50.24311901844497,15.790045230460516,627.7256295561428,0.2622731737801703,5.636553406773254,4.781477922435594,83.82600191075912,2058.7511318239312,5.636553406773254,86288.43815502519,19.700556656398444
24.880114246405032,-74.58672044406998,487.5488829135559,5.307758332063414,44.61824984216812,22.31430719867871,772.2009108945831,0.3241927991998839,5.554540286318372,4.930611279808658,82.44153977442785,2028.7958395777853,5.554540286318372,83628.52645137286,19.09327087930887
41.673648361575374,-110.43685955238632,1927.7264033590916,4.928992070950817,5.0,7.834139821147163,50.0,0.05,6.666164715377868,7.766081893415217,85.53810985612694,2434.8166622917665,6.666164715377868,104134.80756932072,23.7750702213061
39.93130866292332,-78.41253443454826,178.48888948352652,3.2663133443846486,52.91301797285491,19.427463191211686,707.304919149486,0.31954727081773837,4.701203581490969,3.900160210578792,82.82112665578573,1717.1146081395764,4.701203581490969,71106.68322161387,16.2344025620123
35.39114101799554,-97.86288908449218,1960.4884529398778,3.449591068979492,51.87261345656624,10.022894909463712,656.6048832572973,0.2156852776977623,5.214756093712652,4.3641861226191745,82.29010309209616,1904.6896632285461,5.214756093712652,78368.5543727635,17.89236401204646
44.260090775260736,-96.23884610223197,757.5086258405651,3.5564200149021623,49.94290470223348,8.60718203325812,583.2471107862198,0.3512642589493311,4.682253721231552,3.981787005739844,85.2268229500612,1710.1931716798244,4.682253721231552,72877.16532658,16.638622220680364
43.33608367080127,-107.34271279956786,726.363411840243,3.467808819475548,41.71116047580485,15.727073060712035,555.9538233690911,0.2975149916363885,5.121617704299453,4.650540919441039,84.86124631254577,1870.6708664953753,5.121617704299453,79373.73058568373,18.12185629810131
38.04850474552205,-93.05572116657315,1150.9904399021275,2.8238950806426795,38.96340765569239,19.416686994784328,459.07049926229706,0.2404941969524761,5.58601830728785,5.1796698093922995,81.41447193216148,2040.2931867368873,5.58601830728785,83054.69619248531,18.962259404677013
44.838510732318205,-106.4385954010846,2072.483903604948,15.045508760276226,53.58300916627514,10.938540727045751,751.4275747427174,0.24357337251997513,4.588021793839358,3.7847460557666786,85.28250245206533,1675.7749601998255,4.588021793839358,71457.14107617566,16.31441577081636
28.940189040882437,-121.87945163095077,152.72993406502155,4.612485827113363,69.62324277686218,20.97432339171855,977.443115643317,0.41753862837426964,4.159993548704224,2.9645665729037667,82.88761104135891,1519.4376436642178,4.159993548704224,62971.2782048193,14.37700415635144
26.686070865545467,-109.31207531140477,807.2965964021024,5.251200939670677,17.845271659432704,16.949873466983323,187.70063087985992,0.13866291610064185,6.472615747833892,6.958599792830144,83.4388432086541,2364.122901896329,6.472615747833892,98629.84006865809,22.518228326177645
30.47399067640775,-123.6555316560441,1891.6297756691717,7.207715586755759,54.406257124305895,13.691803788651537,724.6362640808956,0.33158704666826017,4.989173049205591,4.086912036777552,84.2805301615409,1822.295456222342,4.989173049205591,76792.01358069302,17.532423191939046
25.370084546143556,-71.16884149892974,901.5171264862535,0.8501040724546032,33.44809223586585,28.347042360986787,445.18839451175086,0.13538970914820744,6.030395164442093,5.824537701577662,83.54112037953051,2202.6018338124745,6.030395164442093,92003.9124733513,21.005459468801668
36.74806867202477,-71.84965066973363,478.18732983369404,0.30633797965901094,32.665885063485185,21.654824764258564,538.3069970007352,0.1917898943182069,5.58706182670394,5.426929955728853,84.66821876203129,2040.674332203614,5.58706182670394,86390.13039053886,19.723774061766864
46.47853661507908,-102.66161393649553,963.3074898625354,2.3082788427569816,7.342447573123309,15.083979781078673,87.95132591730776,0.05,6.096180986615569,7.002090958905211,83.925272503641,2226.6301053613365,6.096180986615569,93435.26917863051,21.332253237130253
24.94424497604423,-84.66797386565912,878.937878207089,2.525994482328612,29.87379062872289,25.939828176886632,500.70324288073016,0.17845445947587385,6.117465977969768,6.061695888934291,82.98710373587149,2234.404448453458,6.117465977969768,92713.3768758499,21.167437642888107
26.930637936240643,-105.32647068583705,2018.1448331534125,6.185043649927541,17.049230756568523,17.473555012998993,297.2705289474249,0.20030166218027573,7.1086358575238195,7.681985617333197,84.61833104034817,2596.4292469605753,7.1086358575238195,109852.75477107592,25.080537618967107
34.85277667880244,-87.7609695173573,1688.1589078476586,2.0530923510055197,26.65062026889298,14.35789014575492,430.2617534545759,0.08322507366491048,6.131127781656618,6.213564829685006,83.82241824398365,2239.3944222500795,6.131127781656618,93855.72793754516,21.42824838756739
46.41300042066972,-80.50677767551713,1135.9984448496136,2.9608453732498923,15.232645091993305,14.083385173042432,352.0416283225036,0.17947996878398498,5.9255056334945895,6.478778890054097,86.70803168868888,2164.2909326338986,5.9255056334945895,93830.70338518103,21.42253501944772
31.587746519442014,-72.875162786619,2174.996718451378,2.6208345710863505,26.919649028365885,10.725866057122122,264.93599842253144,0.05,6.537206691451058,6.612792861423037,84.87961351495485,2387.7147440524986,6.537206691451058,101334.15232956772,23.135651216796283
36.17363540852142,-102.38853710411772,1050.346692243235,0.13633075562118208,27.690013573578742,10.8122785594839,340.341879399391,0.09374654204385952,5.831993995922885,5.867976844750522,82.61487656251447,2130.135807010834,5.831993995922885,87990.45337879608,20.08914460703107
24.99774861720941,-81.70190892037343,175.21133626359173,3.3427459572845777,36.74158853189841,28.766944179435097,690.7121194765347,0.1873100481051202,6.055881968472971,5.709539297783928,81.77682240116549,2211.910888984753,6.055881968472971,90441.52196785511,20.648749307729478
27.560236823090133,-109.63986366586559,613.8897919022176,6.161793733616355,5.934502478756041,27.479396893095256,57.35138464365782,0.05,6.902398034170608,7.996141553302706,83.08052950865164,2521.100881980815,6.902398034170608,104727.19810984738,23.9103192031615
47.679122951012324,-70.52205559514299,987.5515324715221,0.599837935518187,8.980673340584179,7.133709252262717,50.0,0.09636991591029401,6.291209399751117,7.153956203946699,85.94914682260568,2297.8642332590953,6.291209399751117,98749.7351814001,22.545601639589062
47.16284871446509,-122.60844166672504,387.34064191415825,3.1577683620281145,41.51445687314948,18.12770079858352,560.9055619093042,0.24695186291878232,4.598633060773806,4.181991395790032,86.1166575136682,1679.6507254476326,4.598633060773806,72322.95313297905,16.51208975638791
24.11855954242583,-91.40944444893947,2087.2650215966923,3.151551651621863,20.64611389273822,23.433385951477675,302.53954751466006,0.06614006744782017,7.009814305521818,7.398699194994937,83.40579791945166,2560.334675091844,7.009814305521818,106773.37825843762,24.37748362064786
46.843482850157734,-88.38667699082833,1698.725130308212,0.6277177873673706,54.341536224138764,8.417822258859475,499.07019539482167,0.258803298466808,4.5017898502201605,3.689708586729799,82.59954867511583,1644.2787427929136,4.5017898502201605,67908.34102539075,15.50418744871935
39.338878507572005,-86.84553991799704,626.8174809197112,0.46121955847097934,39.05485499627084,13.891408528027057,680.1615339365867,0.3449658523186787,5.361994776340133,4.96851023224308,82.40775353819072,1958.4685920582335,5.361994776340133,80696.49852331114,18.42385811034501
44.83003906848053,-117.49907074538919,1320.229747063519,13.701182364429718,45.92171870371533,11.717408377973191,571.5328154654544,0.24334099716256027,4.821121082926128,4.235586136064558,84.37864313582367,1760.9144755387683,4.821121082926128,74291.78706209591,16.9615952196566
34.91375653521262,-73.31939169245095,1601.11568778558,1.7514419434502113,60.39246176757611,12.081095247423615,878.3507762648171,0.46771694801797,4.80552820558161,3.73511009769776,87.45567646382624,1755.2191770886832,4.80552820558161,76751.9402372856,17.523274026777532
36.374304685902004,-114.21610293129552,2073.7496971496157,0.9030768365578015,29.425205387481693,8.79589396577041,389.3547208903375,0.203309339935538,5.935889759324937,5.900414283910825,84.80864115638265,2168.0837345934333,5.935889759324937,91936.11772206222,20.989981215082697
35.73231792616608,-90.37131622504859,1945.516000727133,0.6577434135552409,24.65923930250704,13.925613198675771,216.3942083146944,0.12429687882908541,6.357461959561742,6.531563120752162,81.60913120997398,2322.062980729926,6.357461959561742,94750.77123610591,21.63259617262692
40.00474218110651,-111.97549172735341,1157.6632861971596,3.854974799194235,50.690646540778644,7.79463168739669,602.618238107359,0.2109219971864184,4.763011022117004,4.025532469196644,82.910993845131,1739.6897758282357,4.763011022117004,72119.70414806608,16.465685878553902
27.35163011415151,-107.41031348085137,1715.5031325549878,3.2906553254548996,44.171244150734346,11.33853509588797,524.8891344675261,0.25007373030920294,5.96506775293424,5.313690054887373,83.06412869723263,2178.740996759231,5.96506775293424,90487.61127637283,20.65927198090704
24.71936615694427,-94.49123874668129,1258.6112207293077,3.610485400744209,31.628054423216586,20.66039264722431,551.3599528433961,0.24057287756497303,6.080081437320716,5.949989698604679,82.76699621982763,2220.749744981392,6.080081437320716,91902.39287402901,20.982281478088815
31.390318598188582,-101.47155539751287,1238.3133635979111,0.3224266431507815,60.04624340520696,17.593555657175855,825.8935888628822,0.37011377882641894,4.619669529819684,3.6018468285094256,83.41815926259866,1687.3342957666396,4.619669529819684,70377.16050675315,16.067844864555514
40.91233830567952,-115.34781754726866,296.69521042711256,7.839772759885369,31.17960242288125,19.4801900184684,384.3278822651628,0.125907336653418,5.475556484108637,5.375588061400606,84.55409229152991,1999.9470058206796,5.475556484108637,84551.85185416533,19.304075765791172
28.84448285095076,-114.7694342692742,321.19596473472694,1.7258304567381275,35.58992547600407,30.914904447332077,404.79806540503387,0.1750708048033801,5.583020925127498,5.308730019559184,82.65700997505114,2039.1983929028186,5.583020925127498,84277.02095163825,19.241328984392293
40.162378399798015,-101.42018143920882,1188.4972722982834,1.3158559430905117,35.38200771501665,14.40249950290276,614.9631301628457,0.21539156255710445,5.4288862358857655,5.1700692202885135,85.63764523637496,1982.900697657276,5.4288862358857655,84905.4732424671,19.384811242572397
47.27788910657449,-83.10671917312297,628.0523217048642,2.1719907287246425,18.17730989182752,15.977376894856334,400.902465737944,0.05968608905917508,5.545507013742538,5.948991620018338,84.78630385957076,2025.4964367694622,5.545507013742538,85867.17817720675,19.604378579270946
26.25361717894604,-75.50990907021942,95.22934029000756,1.7304162126455578,36.39653701075504,21.807593825565714,628.0259080212387,0.3115926901044353,5.49381047481177,5.192882835838202,81.06877463950674,2006.614275924999,5.49381047481177,81336.88026169037,18.5700639866873
40.14245083740303,-119.45710623799333,1604.1042883854564,6.971982321840629,60.14168319317284,14.987126335307499,891.2272986198363,0.29622525867378924,4.584425962893684,3.5713054982920633,82.41404311870303,1674.4615829469183,4.584425962893684,68999.57454879952,15.753327522556967
34.65000526330971,-102.77238899179234,119.84618288385467,9.270652583374414,43.00942967677116,19.702703256648647,631.1150196618674,0.2683239147648989,5.304224248135154,4.768147479232232,83.76285894471121,1937.367906631365,5.304224248135154,81139.73734358672,18.525054188033497
44.835414105060124,-118.58673955896467,1329.8452083737172,1.2656711148451014,35.55914167518077,11.46052094117873,376.2342016549406,0.17341435716201056,5.418526330722982,5.153484578613447,84.22091978365121,1979.1167422965693,5.418526330722982,83341.51619772024,19.02774342413704
28.251594946737264,-123.10400604583971,1209.2666573737258,6.981199752218997,32.08818893901796,18.805054486822957,424.65273247514574,0.19326678932446348,6.086368284483846,5.936538193125864,85.29212753981437,2223.0460159077247,6.086368284483846,94804.16215783893,21.644785880785143
40.62302285342795,-88.26719113722635,2132.9515847422795,5.323762941126734,40.95560651131432,13.186778731902152,504.99247082375683,0.19625957582998615,5.591664830618057,5.10692762492003,84.06477626432516,2042.3555793832452,5.591664830618057,85845.08241652434,19.599333885051216
44.11476695155464,-91.46773013380425,1091.0582495974295,9.348028530887905,48.49579931280533,7.453157406313265,496.3899794808037,0.2203897318810002,4.617270933478559,3.973297408234492,84.07606088079551,1686.4582084530437,4.617270933478559,70895.38150340771,16.186160160595367
46.670741267376556,-115.19696785399614,186.74308821226433,0.9871113519590949,45.96629895601555,6.93149645015907,749.2325273007543,0.3357285731979057,4.5190379299540995,3.9687813765720126,84.35669604470858,1650.578603915735,4.5190379299540995,69618.67879420955,15.894675523792134
40.3979526789515,-111.37410701297453,1236.1291307838926,3.0110028647321023,29.026432487204374,12.786544852200667,336.7870601816337,0.1770761825299466,5.727043259074067,5.708802469313195,83.6174673918282,2091.802550376803,5.727043259074067,87455.6157731377,19.96703556464331
35.93219433620226,-122.719781303196,1858.356766824618,1.1233448182531225,40.84606869398206,14.41285374220639,691.4391524592796,0.3747717138272463,5.528914684966456,5.053856618782605,84.13032770981671,2019.4360886839982,5.528914684966456,84947.90996500762,19.39449999201087
38.82833376482913,-78.9128508925022,2193.2259612050957,6.082329070533014,43.638915340669016,10.170197503031414,699.1194548453674,0.30300948042714665,5.366947729960366,4.800882832573686,85.68874826851763,1960.2776583680236,5.366947729960366,83986.86940214838,19.175084338390043
44.85371962748924,-71.36670781337821,975.2378234315058,0.018684451043007422,16.87049022451439,17.868454000127954,291.85866080654336,0.12481021758694481,5.66375130133883,6.1276497348633745,83.874133651824,2068.6851628140075,5.66375130133883,86754.58791470366,19.806983542169785
37.69463391933191,-116.6851850130867,738.6422963679964,2.9119776587212343,38.0281497413065,19.093693951179333,593.6825035546094,0.2020312615469159,5.011280678133019,4.679548689593314,83.95468090982358,1830.3702676880853,5.011280678133019,76834.07588529079,17.542026457828946
24.729289432724084,-111.5003384566739,1999.3045884467977,1.4500823728707113,5.0,14.619903485600734,50.0,0.05,7.672231685166261,8.5,83.94962189284921,2802.282623006977,7.672231685166261,117625.28331916871,26.855087515791944
46.34276869216747,-77.10588570686556,461.17057751366093,1.3636592107448704,43.68560677678133,5.538220584397614,797.3835100040051,0.36561228432536386,4.756130199889462,4.252935204026536,85.94666072068675,1737.176555509626,4.756130199889462,74652.26201415854,17.043895437022496
40.54864202475747,-73.97095491036602,1373.1721673207921,3.6238077675769587,46.88617498212827,11.938001315474306,660.7189928451006,0.2656844211380439,5.165355895354766,4.50314061194372,82.33792000975583,1886.6462407783283,5.165355895354766,77671.26362995627,17.733165212318784
40.236321258653916,-101.34012132843225,922.2860119890375,6.674729627291918,48.45583026415627,19.39406138269174,708.5747922100581,0.32247012196339275,4.818285775701453,4.147624666860627,86.66377034218678,1759.8788795749556,4.818285775701453,76258.86952477446,17.41070080474303
29.176203657545212,-121.26638649747,138.32708465444387,3.2884164814658865,27.889156660947783,22.610881800163973,325.5405598966051,0.12101609027945169,5.802941341543446,5.830655628671964,82.23542721822673,2119.5243249987434,5.802941341543446,87149.99418284764,19.897258945855626
39.813251285583775,-121.87284098058775,796.6702197572502,6.714750387017245,40.562843030432624,16.213966877412105,474.7632763483607,0.23136766441626316,5.161191232269173,4.7279613500909505,83.01866960800835,1885.1250975863156,5.161191232269173,78250.28882314143,17.86536274500946
33.45274573569981,-93.00670723227344,620.2413233807504,1.07567873996242,60.631169219741004,21.53049881925817,896.5659699573164,0.419199269850369,4.73361175016568,3.671303194884868,85.11710740457298,1728.9516917480146,4.73361175016568,73581.68342191695,16.79947110089428
39.62959144899581,-102.78366411976833,1525.0959809784968,2.565261687282145,60.44785366924266,8.480034446060138,868.0213009632758,0.4066069354045559,4.551124764066147,3.5356096504982175,85.5454750432105,1662.2983200751603,4.551124764066147,71101.04972718019,16.233116376068534
26.558232727391776,-122.45276891080665,2089.899570037624,2.0958455086340697,34.47489141392191,18.09224100904085,403.713243204649,0.1741060676423355,6.358663666292053,6.09589672351898,81.89475147450227,2322.5019041131723,6.358663666292053,95100.35811820326,21.71241052927015
39.78828731047287,-92.50437081512193,626.3014528640712,0.04099631322293396,37.507753353132074,23.512250605973676,381.2658750663086,0.106862373696776,5.081300286342506,4.763443238637668,82.36094720512936,1855.9449295866002,5.081300286342506,76428.69118065476,17.44947287229561
47.985929418496,-123.38966302419279,1794.6517691761157,2.848165399476862,54.9964006052198,6.741819508222595,642.9572997403225,0.23730322225970998,4.530241712404818,3.692261138508535,84.41676421420777,1654.6707854558597,4.530241712404818,69840.97677398265,15.94542848721065
25.157088932653345,-81.48191425993926,169.02360641758048,3.7915606674453404,7.985563725280855,21.317934260888883,231.41126386304268,0.1261792261371709,6.865978599152879,7.855373351503806,87.51662908164569,2507.798683340589,6.865978599152879,109737.04359067888,25.054119541250884
47.45218042131162,-107.45262757401794,1206.9601715855983,3.136974167218338,29.184636631813557,10.345313844393887,347.25953138038267,0.26713208669550415,5.539951994500154,5.51617199197994,85.86939417149802,2023.4674659911811,5.539951994500154,86876.96271519951,19.834922994337788
33.76579105734889,-121.82606783750147,201.68263697627336,4.66503436326871,59.04026819966162,12.899444404876158,792.6729002276793,0.31324433651826233,4.6016377744972825,3.6201918308486443,83.62785442555229,1680.7481971351324,4.6016377744972825,70278.68277801314,16.045361364843185
44.898082808094216,-92.22898006690971,2058.1709309308744,2.96481540258731,52.55360975032579,8.852621137609693,880.7845623804673,0.38978545157793504,5.0709458303734385,4.219659438806714,80.37130629288636,1852.1629645438984,5.0709458303734385,74430.37846384903,16.993237092202975
42.77725161739856,-102.52504162061504,1697.655253198389,0.24178851993185949,41.646747997698284,12.071058016773016,470.8394158191345,0.16838046205066917,5.011674728319143,4.552969992785789,84.12246410163173,1830.514194518567,5.011674728319143,76993.68230795774,17.578466280355652
37.60839026368003,-71.41477767871393,1464.5923090898734,0.4333081546834409,7.895016704048832,20.45580801127687,50.0,0.05,6.671063022843285,7.63659854941817,84.54344520546982,2436.60576909351,6.671063022843285,102999.5231633444,23.51587286834347
41.72278102203184,-94.61327222480008,1821.3772204930283,3.1763052594320387,34.10161580525909,9.341883267354028,400.5459384175579,0.13307834782844769,5.594718957501878,5.378140054012353,83.4259572883758,2043.471099227561,5.594718957501878,85239.26632209442,19.461019708240737
45.084373471232354,-109.13708422400155,1442.1675604758507,1.1254422333465735,24.381522867501204,12.135135488152068,503.14816826162087,0.10552147127387512,5.7819857849696845,5.951567611512985,82.7239140141801,2111.8703079601773,5.7819857849696845,87351.0888823989,19.943170977716644
33.69936771962479,-85.69030130976536,2133.230453924726,0.2904858390120374,40.95870025070984,8.72397984700161,772.7601535681791,0.3896551504654622,5.573109023439431,5.089859714438243,84.23874789048207,2035.5780708112522,5.573109023439431,85737.27395923148,19.57472008201632
31.84879587751773,-109.33943186269359,1585.0095879092587,1.9649777685510723,20.431759673692156,14.317285433470413,361.20095797190726,0.05,6.714511447177385,7.097088747107978,82.58660820915905,2452.4753060815397,6.714511447177385,101270.80862299677,23.121189183332596
40.02224125352603,-75.1708622639915,2038.0160106018307,2.8285596596909133,16.536978890457068,3.6991696362553412,309.85617688182293,0.11591532884739458,6.368801499186416,6.9053166473768,86.80867299121309,2326.2047475778386,6.368801499186416,100967.37362154598,23.05191178574109
43.3883026065902,-103.76501359260168,1161.8335678228718,1.3951267987614928,5.0,11.886937502787106,50.0,0.05,6.227606552512674,7.255161633677265,86.27511719630073,2274.633293305254,6.227606552512674,98122.12697925913,22.402312095721264
42.294843234638776,-94.30709761008492,301.6884879110047,4.460805346115562,56.99248432958063,16.23764149078327,992.6276293045571,0.36937583477545527,4.36979798483722,3.500438079584786,84.98686894738914,1596.0687139617946,4.36979798483722,67822.44131224947,15.48457564206609
43.14752757260723,-121.26905239349165,1185.5821010594868,3.612631387309825,27.804130794024964,13.852501151384896,416.0274565522157,0.2421709065503566,5.535806537177171,5.565539821541958,84.13456585367896,2021.9533377039618,5.535806537177171,85058.08312205996,19.41965368083561
34.45399955551039,-100.98945315057954,322.7765803356506,1.416425317783288,37.82862410664562,18.387429777011512,614.9117639380127,0.26626658447574153,5.778897961547927,5.404423242691113,83.00975387007966,2110.7424804553802,5.778897961547927,87606.10689286127,20.001394267776547
43.62802118820052,-79.05236885830627,1323.8609802292708,4.920919197502945,34.95971390346474,12.08146696806378,478.8835007714109,0.15126498402900285,5.494839793142275,5.249121561975339,83.96881922416365,2006.990234445216,5.494839793142275,84262.30009039606,19.23796805716805
26.8850173288946,-80.49496451037953,1087.3600801344753,3.661352128118185,15.786189206711011,19.13142157889439,194.20339016119308,0.05144222260900491,6.747421201333994,7.35129296740937,86.45894570281091,2464.4955937872414,6.747421201333994,106538.84536403391,24.323937297724637
37.067738351060385,-111.88679782190958,1388.5371053404806,3.5510304782383098,12.33683159393252,13.050834662122364,339.01986827466703,0.10298421742567365,6.469044995792335,7.2042013641441685,85.30298108765494,2362.8186847131506,6.469044995792335,100777.7387878218,23.00861616160315
24.138207851954917,-111.79173016542961,71.60100926788793,2.8215388860569317,16.90432773204976,27.101250724132967,290.63295622252735,0.1189197814887757,6.686412298156557,7.232489623910343,83.4650381280615,2442.2120919016825,6.686412298156557,101919.66268369337,23.26932937983867
31.790059917606488,-79.8655131404852,468.9070570590328,0.0400925948865169,21.982968101070927,21.512029521049953,452.8990995220312,0.1973525423735643,6.25781885850945,6.546424603769085,85.3859615012514,2285.6683380705763,6.25781885850945,97581.99435956174,22.27899414601866
32.79507683691355,-73.75848531085643,1106.3604286110815,4.173390681424329,41.59891244624849,20.755109436540046,607.9175914219833,0.34807773508725437,5.030066193732568,4.571362450135673,84.81841599507123,1837.2316772608206,5.030066193732568,77915.54034061538,17.78893615082543
33.50814459862213,-118.8505102512578,2093.58265741664,1.6508516002539286,20.677082056628993,11.970849507017503,204.64249515049684,0.05,6.609571395741518,6.974819124127554,84.5944163098303,2414.1459522945893,6.609571395741518,102111.63386055011,23.313158415650708
40.69121296055669,-99.69683347098383,874.7594367635905,10.002580547728957,66.4368313687032,13.915615587439525,871.7813458739959,0.3615016117096006,4.205985565233889,3.091156202124161,85.47084488848729,1536.236227701678,4.205985565233889,65651.70416498248,14.988973553648968
33.3253944304883,-105.77746893593164,962.3998560153145,5.962827220020867,53.48871864607672,17.468343445854785,759.1385852915352,0.3005293592447469,4.757225615092269,3.9274654208796647,84.77554146723713,1737.576655912451,4.757225615092269,73652.00092290461,16.815525324864065
34.768646942940734,-76.98282340529828,1586.5965913642376,3.1009671898058504,49.550471893982746,11.562469451491511,631.0565849114258,0.3102676700989332,5.321266773490186,4.539821170286755,85.28782720515507,1943.5926890172905,5.321266773490186,82882.39870905467,18.922922079692846
29.70105914098386,-119.489654607279,1348.1544281651538,1.0170846763349903,32.8461397554833,16.45410687146481,349.09981571399715,0.16319916245641847,6.332177120092299,6.142699521609581,84.24208057445176,2312.8276931137125,6.332177120092299,97418.70843905439,22.24171425549187
32.958042999104165,-112.59919910186598,692.6912227114165,0.7973039290177093,62.25705324296871,27.830059389138967,991.7404485802645,0.44274329731419076,4.65790079158886,3.5595707068297355,82.48678750955925,1701.298264127831,4.65790079158886,70167.31420174721,16.019934749257356
29.454471054315636,-83.36670977032931,933.2552504699697,1.4563454549470907,31.07589863981977,16.428496730424644,380.57557387512554,0.17582746508205646,6.13866315185886,6.031044464992494,83.17775568158977,2242.1467162164486,6.13866315185886,93248.36588186528,21.289581251567416
25.756702170442647,-121.23013215501436,518.0545675430498,2.265718154902956,34.43729454522357,22.70458585006832,495.94139841226206,0.16004269307426558,6.161112435040892,5.908130616486871,82.99903559179356,2250.346316898686,6.161112435040892,93388.2870250678,21.32152671805201
38.48276624115307,-97.40308944142838,2126.9461371299485,1.2287449341526977,38.05954171548685,8.498069852752613,562.4469430053764,0.2949161677435575,5.495681469916119,5.130675936784238,81.5922443363377,2007.2976568868623,5.495681469916119,81889.9604382355,18.696337999597144
40.03710716532039,-100.12622012729511,330.8639203483234,2.5321135989979124,47.63281472978019,17.34029572488661,608.0440936848659,0.2932769509328109,4.511840844278841,3.9098272599540853,82.6320900797825,1647.9498683728466,4.511840844278841,68086.77098517539,15.544924882460135
38.86776830423075,-105.94233633460757,849.4490868178018,0.6326854657561373,46.46434542205374,14.937301593493572,795.5807825396263,0.37726848231108145,5.090412641302423,4.452836330419054,82.58871970562673,1859.27321723571,5.090412641302423,76777.49729722945,17.529108971970196
35.12385705121373,-102.69309497277811,105.55379027302406,13.313101661329307,26.44774498799714,22.7834557804727,258.5542537114987,0.17093344757181603,5.663497570222952,5.747689907925755,83.23898220602395,2068.5924875239334,5.663497570222952,86093.76663025976,19.656111102799034
33.11485872430151,-95.38320830576743,526.8259076571248,0.399715996200942,25.406113050332834,13.62348363021152,381.84810906273674,0.1799871338087383,5.728558282271743,5.855487143382378,86.34336631595744,2092.3559125997544,5.728558282271743,90330.52651248002,20.623407879561647
44.72000758972381,-115.28616264702731,1728.012947517333,9.405992523765251,46.51825322873752,13.384617737165637,675.8673158399836,0.3556610018058678,4.954814938881699,4.332352574459025,83.76365706666932,1809.7461564265407,4.954814938881699,75795.47821231783,17.304903701442427
36.45796284326923,-93.112222572686,482.5267494210908,8.569795982640086,47.87425851004219,21.71161417199218,664.8141588541758,0.2958878781119053,5.057398600908357,4.374043865032542,84.36265033482645,1847.2148389817773,5.057398600908357,77917.96977716123,17.789490816703477
35.50036506311354,-80.50665421780073,222.13631543727604,2.6081988525546143,27.91967975318829,15.942667800159985,261.1842552174378,0.0978738436060353,5.637829349571252,5.6635504898834155,84.4099794667679,2059.2171699308997,5.637829349571252,86909.23951574157,19.842292126881638
24.615409579354456,-82.95130979133141,1070.074336665725,4.517302826057943,6.430614745787828,12.496384914152266,177.11036162737602,0.07346578848723843,7.1070721390158855,8.208566666543328,86.38137136926355,2595.858098775552,7.1070721390158855,112116.8912261207,25.597463750255866
32.189947863027754,-115.68940514653622,71.43385467921476,2.00475333048938,31.268310271851597,19.24906560367583,512.107410839382,0.21218589944293667,5.604207164332633,5.498409978104555,83.13662181923206,2046.9366667724944,5.604207164332633,85087.69977669214,19.426415474130625
33.12469485086057,-115.94052863396041,232.24723201661632,3.480210056848889,46.22346437886546,20.961985311321172,579.5716484449948,0.215518620747554,5.075621723743748,4.448456328856044,83.6662168796129,1853.8708345974042,5.075621723743748,77553.1796571077,17.70620540116614
33.571746741525615,-109.51858414177468,1786.3956195603964,1.4573596008413845,67.49750323555605,24.28190346327459,1015.7137660183209,0.5048085115928114,4.271317058434772,3.107457811319219,83.84070094233871,1560.0985555933007,4.271317058434772,65399.878220036255,14.931479045670379
37.92413686145598,-104.50196477758399,1708.6676914481538,1.254162205611037,13.436756677868082,14.563827815001131,225.60536212023072,0.10881700249194617,6.4712925316147025,7.156878755967361,85.70480228366215,2363.63959717227,6.4712925316147025,101287.63217274213,23.125030176425142
36.80646112144508,-101.94339860394194,2017.5484638705263,3.021531205835479,27.321717449049675,4.118991579271251,254.4428297505846,0.11075476952105558,5.882265808675999,5.933723739717239,86.01615854063168,2148.497586618909,5.882265808675999,92402.75451738831,21.09651929620738
38.58972222704267,-87.29635029099936,1887.2081872081114,2.412947277184614,27.99073589254322,8.439962042186465,306.4774110384693,0.14711263401235058,6.04730315804927,6.071884530745426,84.7118757295409,2208.777478477496,6.04730315804927,93554.84163549719,21.35955288481671
42.35719827701108,-120.93925666304489,1518.827460965609,3.0323905274575127,59.404496109767024,11.132273725425033,945.4910900256963,0.5429473466808975,4.297286097348621,3.369796510050831,85.84936406109281,1569.583747056584,4.297286097348621,67373.88326271744,15.382165128474302
43.51165772918624,-122.12767397179242,162.51564319642512,1.1822927506764325,34.37105299174461,18.621910023076452,512.1363603986296,0.15680394073611267,5.232861010547127,5.020420611012906,84.26649149470347,1911.3024841023382,5.232861010547127,80529.37726020765,18.385702570823664
41.23495382943587,-102.83682960102891,1733.1245286713136,1.6002638492885932,18.66812193129922,5.5196526921556,204.92341245712643,0.05,6.08646639736205,6.508399398977487,83.74109512857476,2223.0818516364884,6.08646639736205,93081.65440824965,21.251519271289876
46.93256870291843,-86.35316062454905,1867.848243307205,0.3066963333658953,45.05651509259275,7.001141955242435,544.9436221790343,0.15803129170224778,4.886426871196886,4.32255468293973,85.76808612987843,1784.7674147046628,4.886426871196886,76538.04267309498,17.474438966460042
24.43758198423268,-113.55449148034994,1768.0266134097021,0.18792322907230807,27.716506639262967,15.292398489604619,336.49171313813946,0.12857491855245046,6.5774545176680945,6.6168169885429275,84.73142651285069,2402.4152625782717,6.5774545176680945,101780.03613725086,23.237451172888324
28.698671656405107,-89.35875801216241,1143.229925912256,1.0230578232577436,12.96102907955682,14.954413874647155,137.006454126025,0.06936194471887844,6.655426612694973,7.3826836901859965,82.89670400113862,2430.894570286839,6.655426612694973,100756.57382552157,23.00378397842958
24.18150899947541,-109.96928055122383,550.7389530963856,0.2700168331929995,18.93008046902929,25.403008771549953,180.42482330348486,0.05191088379273149,6.632004633593612,7.079594890618018,85.33492789856655,2422.3396924200665,6.632004633593612,103355.09149925112,23.597052853710302
39.53939313971047,-76.15135012407012,1867.4594477307623,0.3834720972508701,66.21275517960714,13.965484542247765,752.8021612761697,0.2866812272908156,4.326401853162124,3.186441316810392,83.68726105346957,1580.2182768674656,4.326401853162124,66122.06972883573,15.096362951788981
45.552733174799684,-75.6327430096027,1613.4000409412977,5.866923567901724,41.91576598969032,12.79843497448013,700.822052495743,0.29912943187129953,4.993225659159215,4.526806643149813,83.50376471591369,1823.7756720079033,4.993225659159215,76146.06730497767,17.384946873282573
29.843575117831183,-107.94649096880838,2158.636524936031,0.13877307480793116,36.939680998145775,16.074753976831317,614.2189012351852,0.2308191509398423,6.07933294755399,5.723219198715656,85.33950655229955,2220.4763590940947,6.07933294755399,94747.17839806838,21.63177588996995
46.24882907511136,-111.58033728598501,384.73908517525575,3.764967696162914,30.50191275538317,13.274853357762558,299.70123339467847,0.14038430527359128,4.984171423256761,4.916818374537751,83.86675178873263,1820.468612344532,4.984171423256761,76338.39462533868,17.42885722039696
25.44641736694946,-101.78958550842351,535.1788535619183,1.1137723201577603,40.25867915813838,26.73141696291717,577.2526377703041,0.2962336497414236,5.484351293517134,5.035672378406969,83.89087101889356,2003.1593099571332,5.484351293517134,84023.38965095485,19.18342229473855
46.426464643332345,-111.01129440027196,505.3660222452308,7.182636754093916,40.0442470280449,15.81747855169144,470.395638121152,0.22984970604052035,4.888346286171612,4.495764519711361,84.9929093761062,1785.4684810241813,4.888346286171612,75876.0804007911,17.32330602757788
32.43894449375122,-87.69127246224801,1753.960500385874,2.3225068895969763,40.25903890773187,15.168440007690632,537.4698223855927,0.2679964266855904,5.680238348260226,5.215519461237678,82.82558538109141,2074.707056702048,5.680238348260226,85919.41323281416,19.61630439105346
26.434099882781197,-79.39250703439258,451.85068736775406,1.2763562541556241,37.06721162499955,21.3986291291025,484.46430476262805,0.25615604755976434,5.767693761059185,5.424686236665429,84.5772758470233,2106.6501462268675,5.767693761059185,89087.36526530088,20.339581110799287
35.66092222047182,-87.65302493079429,193.3186341201081,2.551718222493844,50.63837008949989,18.99848732082103,666.1537596812112,0.2917054745397732,4.861682982727525,4.1107056643127695,86.02420965789244,1775.7297094412286,4.861682982727525,76377.87241036033,17.437870413324276
30.16263762529219,-79.48507584853513,2196.9057341591015,1.6841961271945125,35.415878228013156,13.737832142321224,696.1170035998127,0.28211670019776686,6.086733866351556,5.795111461702655,82.56529928439058,2223.179544684906,6.086733866351556,91778.74223492223,20.95405073856672
30.836949647086147,-102.56242324079639,103.35700460707066,2.907813263062302,17.3971009600525,33.36608550371788,199.526844973116,0.05,6.318717677769441,6.812969627675765,81.32842913175968,2307.9116318052884,6.318717677769441,93849.41379482012,21.426806802470345
31.37495915823088,-115.55888358172152,1845.7747293415612,0.42573979290192765,23.976387963784372,15.857364652453859,254.84304898628875,0.08662569556250094,6.4231800460402,6.629783458032553,82.75579839812957,2346.0665118161833,6.4231800460402,97075.30364023156,22.1633113333862
43.272621547983924,-84.15064884053002,835.5387093339035,20.32093791537068,5.0,11.904872747736572,50.0,0.05,6.000044560943986,6.9900519134997445,85.5320965257606,2191.516275884791,6.000044560943986,93722.49082337666,21.397828955108828
36.93987064020611,-104.53437672235609,1859.4732384793028,1.9402335736117653,71.48270808876306,8.750134239632965,1105.1356088828584,0.4970567866989032,4.0498598835022745,2.833367197233234,85.51785837562466,1479.2113224492057,4.0498598835022745,63249.49219041581,14.440523331145164
31.47138477974409,-87.75137543762685,1242.4340561039617,1.498225825317795,50.52958265514836,15.658640117970544,542.2039240027835,0.24325742939753625,5.4854570598416315,4.642303480464213,83.46851648962635,2003.563191107156,5.4854570598416315,83617.22362746803,19.090690325905943
38.64801079946204,-109.38522713298465,1988.5071433956741,4.335093814873176,20.058731087673735,19.37503321345997,204.55994358388028,0.12007120296233185,6.279611038381474,6.653806041979197,87.3144429782863,2293.6279317688336,6.279611038381474,100133.42263091725,22.861512016191156
41.187616181356645,-119.61359972043968,2041.3149207914473,1.5833949679137735,29.9267927108522,7.661971530648425,563.6573819630842,0.17684039967961082,5.945358789921173,5.8889519072221095,85.65993796370593,2171.542298018708,5.945358789921173,93007.08926692297,21.23449526642077
30.54297601760481,-70.40058304366079,69.5610897536684,6.2699187673637535,23.5362234642842,27.53533748175063,353.90574729974344,0.2190482022536137,5.9471988651171035,6.156816427808989,84.046258485004,2172.214385484022,5.9471988651171035,91283.2458636171,20.84092371315459
33.925178436608434,-115.56511857174763,212.13617838449477,2.1197129042760925,62.7658498047341,20.169275829718305,897.9140977698887,0.3527818554954488,4.419897484696334,3.361946629898196,84.9759163441592,1614.3675562853361,4.419897484696334,68591.18120581371,15.660087033290804
26.925266240086742,-70.62526632597202,588.2712685773392,4.449864379244853,9.44221104312328,23.987012014192786,345.40560061809606,0.08891816815380688,6.785623183189069,7.694248816743415,85.47589036380934,2478.4488676598075,6.785623183189069,105923.81184219856,24.183518685433462
28.347584388832328,-71.22688364141185,1489.0281451815285,0.3978672185237371,37.060569058738025,20.965427395152698,543.4827621171823,0.2044902626410687,6.2834903345329325,5.910100309129424,82.50653638913376,2295.0448446881537,6.2834903345329325,94678.10049647848,21.616004679561296
40.346828495159585,-81.13382238896585,1959.785222499738,6.550519179346366,33.046498833832736,7.757389665439803,391.83236753770007,0.2874517861034171,5.736284704421345,5.556592764739266,84.29191139769154,2095.1779882898963,5.736284704421345,88303.27867566276,20.160565907685562
28.354520344695047,-88.39116004757213,1038.8751952820198,4.657584799309461,49.88309535276406,17.48164325186605,670.155629251062,0.25984566886336413,5.211301198743494,4.433870596229926,84.57478557806598,1903.4277628410614,5.211301198743494,80490.9974528103,18.37694005771925
36.603921208009446,-92.79841928644143,1354.9921999896706,0.832642424264105,33.12783390095549,21.388753234268716,350.2464437103199,0.12968119463908703,5.453343979947709,5.279410460929868,83.39979590504616,1991.8338886759007,5.453343979947709,83059.26989616227,18.963303629260793
41.01711028133838,-77.23051654959693,455.27468351045644,0.5494593311561577,5.0,21.20429853542863,195.59370400156968,0.0718921426358369,6.596809761995034,7.685283372724214,84.69719290416595,2409.4847655686863,6.596809761995034,102038.29799451002,23.29641506723973
26.56504615427385,-108.37026583254766,1780.6786928456233,1.3307870210006167,30.479878976436066,20.305025041111563,484.17447742377647,0.19430834642166742,6.305548911736878,6.221312120116086,85.84754145065101,2303.1017400118944,6.305548911736878,98857.81104536877,22.570276494376433
37.61549327109368,-98.74521452581664,2129.7554394099598,13.064264033748287,17.50108007702015,13.573356003449696,357.456536075371,0.1098664200746752,6.575849718336976,7.0854283545389105,83.36734636835114,2401.8291096225807,6.575849718336976,100117.05964974704,22.857776175741336
30.15750680883273,-90.5529416542089,627.4877057663846,1.0389140195056252,36.43243183801809,23.12998536043761,631.3524385871904,0.27022417023830253,5.788047864197977,5.469548822024519,83.91836354944304,2114.084482398311,5.788047864197977,88705.25508406879,20.2523413433947
47.11024500570191,-101.79571430304748,1113.8757959411746,2.131639648062586,60.81518665736588,19.302114020428526,809.991535110369,0.39127621837257026,4.169520300040279,3.2284332728179543,82.76912205621908,1522.917289589712,4.169520300040279,63025.26351178861,14.389329568901509
35.605095521278194,-100.91573147912553,235.14963758870368,0.10668020634979705,5.0,20.97759203498992,50.0,0.05,6.602660671194498,7.692099681941591,81.3195164852838,2411.6218101537906,6.602660671194498,98055.95977353558,22.38720542774785
43.34382119460379,-106.16462795488744,1252.143811395382,1.7717541896557942,20.595990762801733,14.543610874255062,283.17255954841966,0.06243030153350891,5.762378404159297,6.084080838304326,85.16839827078077,2104.7087121191835,5.762378404159297,89627.33491887435,20.46286185362428
37.205437011750284,-93.53148189903506,1130.9843999703633,2.9646560829857793,25.051526831897053,9.798979630484505,263.4452685677049,0.09255156665652495,5.7780899106685855,5.920458071762708,83.96139930774112,2110.447339871701,5.7780899106685855,88598.05591046395,20.227866646224648
25.04190078851566,-78.06897548718374,360.53844093341684,10.710918848801446,28.130640282562197,21.628609694135903,410.32465149677324,0.1433922347852407,6.3077360368829165,6.327198670103145,84.07136912572918,2303.9005874714853,6.3077360368829165,96846.03835914977,22.11096766190634
39.195633014256536,-113.1174675876591,1000.4423582038613,2.545172993278875,48.3222619538944,10.556477353225091,789.7213554379905,0.3316975381775694,4.920760276919543,4.240436462508082,82.51983957273971,1797.307691144863,4.920760276919543,74156.77116806265,16.930769673073666
46.83368021295977,-73.54061590731416,768.325001986111,5.984479850634791,31.876200483895026,18.179473228302147,429.45284216961363,0.24546126781545485,5.25650907717051,5.134908132279504,83.7217447064457,1919.9399404365288,5.25650907717051,80370.36077246781,18.34939743663649
38.43868368351195,-86.7892666975956,1171.936381906157,2.772507377078171,42.48444906296801,4.63274982480584,609.7817958723261,0.24663160847909177,5.291013146456666,4.7757153261630725,85.64489068377318,1932.5425517432973,5.291013146456666,82756.1977928974,18.89410908513639
43.66053262624297,-79.54324651527837,1309.1568211719182,0.14574017978169002,23.736085212828026,10.197736121320183,322.92063135725573,0.13014251962200368,5.835683778444368,6.033206522051326,84.00123200516919,2131.4835000768053,5.835683778444368,89523.62000257088,20.439182648988783
45.220955120361786,-93.96570259797937,68.26549400550044,1.3242198247666346,39.138638217522875,5.334416315167205,628.21369228909,0.3506379460614256,4.593395429937315,4.253619822468401,84.04377563708312,1677.7376807846044,4.593395429937315,70501.70461087074,16.096279591523
29.47391452677438,-81.90609812310058,1686.162863341544,2.9993596718882367,49.00035735579887,12.98077256431625,619.2267635523551,0.301821451063731,5.339780202615573,4.576178276231605,84.31129241679514,1950.3547190053382,5.339780202615573,82218.4635152677,18.771338702115912
29.08907615779744,-123.12517854366877,1582.9807275027426,10.52688950286534,21.81860810473241,15.031216292549972,85.8158873019438,0.06446068381447001,6.479507539671612,6.785792197567658,82.14542680739031,2366.6401288650563,6.479507539671612,97204.33174255863,22.19276980423713
38.663543732423804,-79.8074570619051,837.5157303440227,6.859721237232219,49.06444615651726,21.95331104386535,733.9891321287798,0.4037353858187471,4.776169979565307,4.091023031901075,84.93738069615353,1744.4960850362286,4.776169979565307,74086.46404883578,16.9147178193689
33.86468327536092,-121.8325016093902,163.81226147295928,0.9073101632443026,35.94270983709623,23.52834297560862,601.9813798501466,0.2753161376772617,5.481553383609281,5.198710881265788,82.11720282762624,2002.13737336329,5.481553383609281,82204.96038862206,18.768255796489054
44.15667126880129,-75.94467767640543,1673.1049605378582,0.8701076192539962,53.81828432868055,6.431407033034263,798.0934050773812,0.23321256168336607,4.884999012375433,4.021682954297106,82.59057662808146,1784.2458892701268,4.884999012375433,73680.94842055187,16.822134342591752
45.60055496155227,-70.43401164911326,2103.626595027985,0.7861379264993463,31.374441798614477,11.22547217108886,375.21913563380133,0.19797459440810194,5.780729553995664,5.6673053241772235,82.42617784648925,2111.411469596916,5.780729553995664,87017.7886500563,19.86707503425943
32.482113103265235,-108.120357042454,566.3259314473305,8.95112085513176,41.86240379291778,20.62274846441302,472.57244328224203,0.11730476184500165,5.29307819374095,4.800626995912039,83.73716255005418,1933.296810263882,5.29307819374095,80944.39462928397,18.480455394813692
29.68489341538757,-112.64279796056714,745.5779195346315,6.702689699452937,34.26908782978646,21.064175800231443,529.2169827950426,0.24310734459372343,5.83573882111846,5.602988461853932,83.4713209446932,2131.5036044135177,5.83573882111846,88959.71072938557,20.310436239585748
42.73261236585269,-82.6703783516658,445.19771238590215,5.218979262204613,33.26817928326958,11.733649842348811,479.9024052592415,0.11427215681822198,5.2871752770859395,5.113347467361969,83.99816244253762,1931.1407699556394,5.2871752770859395,81106.13804707048,18.517383115769515
30.595344853155268,-110.33657759030632,1290.4126651914053,1.7457656929225494,39.66074770806242,13.819976634510542,542.6712051470408,0.20277023162460436,5.765405270098542,5.317864337153468,82.64211576033533,2105.8142749034923,5.765405270098542,87014.47353817052,19.86631815939966
43.742743644328286,-77.25963130870102,382.9089984920281,2.4568151858712013,44.66253444604827,13.100831167810034,807.5218165440549,0.31827819707952937,4.635688152746749,4.113534710673771,85.50824298045956,1693.18509779075,4.635688152746749,72390.6413763923,16.52754369324025
34.16971808757031,-118.44650002349626,815.8169784419658,2.184840827337903,12.50783158536791,18.730387061000293,80.42963277701757,0.05,6.728391594888034,7.4849667915007885,85.25104135308949,2457.5450300328544,6.728391594888034,104754.13649120522,23.916469518540005
40.02119758299529,-117.19841939551465,1548.5779799586653,1.0227811221594827,60.8054049587218,12.559114095781492,1028.7793715348519,0.41121547161329497,4.70286329645035,3.64171940529721,83.73927973066242,1717.7208190284905,4.70286329645035,71920.35208190467,16.42017170819741
26.292847532032035,-71.12581602456676,1254.249363470099,2.46138961916757,5.0,26.07334244733127,73.178390487064,0.0821190820543043,7.398443024411249,8.5,82.85311294618558,2702.281314666209,7.398443024411249,111946.20948820314,25.558495316941354
38.972623792237755,-87.61269949341974,880.8945133050607,0.1083993524447599,22.673382024699873,17.598067398719046,133.87030065871076,0.05,6.053449841120049,6.303374543638543,83.13096375998221,2211.022554469098,6.053449841120049,91902.21792403693,20.98224153516825
34.8424242896935,-78.26808988083656,953.5366438862151,0.49470793564116466,33.30315672623179,6.722963075518418,448.323928735331,0.21405868094858163,5.748614460498974,5.558208294242011,83.53478250748397,2099.6814316972504,5.748614460498974,87698.21586591618,20.022423713679494
38.07860311621138,-106.48621362301803,1258.5383976399435,7.618597515741937,42.422407443547065,15.62250456099192,689.8633118696031,0.2391605646319696,5.111438908149134,4.615849881888847,81.89963215687324,1866.9530612014712,5.111438908149134,76451.38448327448,17.454653991615178
28.032340985876722,-87.46987752588737,62.6091649573968,4.87562636333099,63.371105499344814,19.272335306898363,850.6899737103303,0.34497917689303115,4.549498515245658,3.4412509656435732,82.56058903168224,1661.7043326934768,4.549498515245658,68595.64425183595,15.661105993569851
41.68496987866037,-91.91094132533576,218.79621717526118,1.9238974227190129,5.0,14.283898770280384,50.0,0.05,5.951364673468937,6.933339844591313,85.29018058797745,2173.735946984529,5.951364673468937,92699.16573444434,21.164193090055786
44.70712986103749,-91.42989351336087,1944.704845690475,2.548174940054255,25.86150568898521,4.909589447175437,345.609626466176,0.09417759019664533,5.843379384140324,5.954225136667481,84.4527187291138,2134.294320057253,5.843379384140324,90123.47894847019,20.57613674622607
29.201755202178617,-87.14324718496303,217.43982654627513,1.617117919482191,5.0,21.11865773223904,50.0,0.05,6.785097191190462,7.904638227736888,86.45141172896479,2478.256749082316,6.785097191190462,107124.39729250055,24.457624952625697
26.297149332483883,-92.93060465102867,1569.627731852586,4.725271755852113,35.56919553038446,12.817546572958111,547.1501775341787,0.25257314816818555,6.071022729099365,5.773637513274032,83.55120727474602,2217.441051803543,6.071022729099365,92634.9384693843,21.149529330909658
24.567326065112074,-100.83063205765603,2028.0820528344632,5.366703361271517,39.89030452100055,17.618221020336403,635.8042449007689,0.32107245534235235,6.253562415419437,5.758079334858168,83.45773015933969,2284.1136722319493,6.253562415419437,95313.47125519624,21.761066496620145
39.40731601063838,-109.10017450345048,631.9697492487219,5.043147188189169,63.63432335908254,11.463649908605284,785.2534862523449,0.32323570163077514,4.230015531454602,3.1917994047478575,83.38815161318452,1545.0131728637934,4.230015531454602,64417.89635156664,14.707282272047179
38.570256866130734,-82.4966081306871,846.5565896779557,4.488179636085812,37.171425696082174,17.837271890850776,449.8195542335855,0.16455916893615874,5.308028118622903,4.988484932718741,83.52125327517274,1938.7572703270152,5.308028118622903,80963.7185070326,18.484867239048537
37.12073790513768,-111.78128877982795,1273.18102256614,0.8007645984245836,53.792452329962835,23.877647138103864,828.7585791301735,0.3530998440219916,4.87642641131525,4.015507146679568,83.01006898028011,1781.114746732895,4.87642641131525,73925.22899404587,16.87790616302417
29.56673030678341,-86.61286746766163,1945.674284722957,1.4435553142290258,45.50906746770306,9.649163702596425,551.242516717947,0.23245837790408022,5.349105496692784,4.714896975445368,84.4064823220308,1953.7607826670392,5.349105496692784,82455.03748183124,18.825351023249144
33.38174390173235,-111.40002757693637,2075.0970126099037,2.2210533899612543,27.16553245390697,11.464688963814035,272.1016407718981,0.1255208106905201,6.211659448419564,6.272790083732859,84.04365610072261,2268.8086135352455,6.211659448419564,95339.48543715673,21.76700580757003
38.26743204446815,-90.2321708224595,1640.0609834392262,1.4058164290219877,9.63870655774329,2.48552121274332,50.0,0.05,6.230414824215626,7.056125807493354,83.23512824724259,2275.6590145447576,6.230414824215626,94707.38496131328,21.62269063043682
35.92240461262006,-83.65777357503244,236.23248583759215,4.921885560318704,39.950041369252595,19.45001432325248,594.5044404653485,0.19425496896893035,5.11658932429586,4.709051502929361,85.87672336952835,1868.8342506990627,5.11658932429586,80244.6809853916,18.320703421322285
47.7068524851573,-112.18944999904689,1488.6814343999292,1.398295999185025,8.142163691383452,11.659377820205503,144.90606363111473,0.05,6.2911344962106375,7.190797267344171,86.84487438372945,2297.8368747409354,6.2911344962106375,99777.67737058901,22.78029163712078
27.274554061361595,-120.76306175348935,932.1530020262235,0.5206925037335106,58.31372730805359,23.94824258768523,747.9875792748461,0.31920487279009735,5.035716929562109,3.9873003486572944,85.7498658083601,1839.2956085225603,5.035716929562109,78859.67580635777,18.00449219323237
40.68346929714225,-116.9274178783146,1062.0071489057823,1.7822967911450807,32.08288216333717,14.691857992893462,449.6688898995438,0.19665593163925654,5.410203246692151,5.277219503327283,84.8371860196251,1976.0767358543083,5.410203246692151,83822.39481436275,19.137533062639896
33.70365043450301,-91.27616376736462,155.66903924213062,13.67713819749311,56.51319340720549,25.612065807298894,943.8979461163899,0.4250998353160309,4.663330489406829,3.75121870220123,84.89782826647611,1703.2814612558443,4.663330489406829,72302.44849358557,16.507408331868852
34.27679075821476,-78.12989406381028,460.7835995946701,0.8961057135248733,26.35614018561681,30.455744304601176,271.5799469068131,0.12603739867169395,5.670376284254067,5.7583069153338995,84.60232555489904,2071.1049378237976,5.670376284254067,87610.14710406393,20.002316690425552
41.22234637579623,-121.57017165328709,1749.6042561973427,3.315056282263099,39.839314155217856,17.55114159965538,362.5761372720051,0.08603663701063534,5.354070919905372,4.931767510174462,85.14047897363913,1955.5744034954373,5.354070919905372,83249.27069109508,19.00668280618609
40.61846763178487,-84.3558320117511,1026.0114910528987,1.9857195583296807,38.7682794320244,12.501548392793769,588.2634696203786,0.3174600098877441,5.687516777498809,5.281553455067765,83.12222122110107,2077.36550298144,5.687516777498809,86337.61744795357,19.711784805468852
47.79014384885252,-105.56879311869719,698.57381950697,0.257855450233431,34.18920587580337,7.1971502246145596,467.6087658710883,0.25843290095073845,5.319583552511192,5.110393902261032,84.58840878997582,1942.977892554713,5.319583552511192,82176.70412265189,18.761804594212762
27.081462946899006,-98.15946802434578,875.6410090246601,2.342163876742782,27.212128758861343,19.810530962476932,309.9672939425486,0.06624317464138231,6.221607396373907,6.2808066047482125,84.93936639909498,2272.4421015255693,6.221607396373907,96509.89614110485,22.03422286326595
26.498631585219993,-73.84158430833946,1886.9589536502124,4.239246840471896,42.06420833246936,12.852889955930547,654.1069403900618,0.28917982321456825,5.896604002364948,5.339672948371074,82.50792408894611,2153.7346118637975,5.896604002364948,88850.08593169702,20.28540774696279
41.384131611089785,-106.07353874426434,1660.3478874206573,2.5198003379143286,18.32906125730225,12.88079152936484,340.52937206911054,0.11211601909997859,5.987290260337262,6.416558442775918,83.57260377203522,2186.8577675881847,5.987290260337262,91380.69885822243,20.863173255301927
37.88128600815382,-98.87180556726776,635.478103939328,7.19793893553177,13.230164078736944,13.051256618916149,50.0,0.05,6.083879660234385,6.737220509299922,85.6505877360832,2222.1370459006093,6.083879660234385,95163.67200575543,21.726865754738682
30.57985599743534,-123.26114960292323,302.6289564566026,1.1934799412749197,57.3708840798829,22.434630288509716,737.9325861852118,0.3601374248925984,4.817597959189033,3.8463885726060383,81.26476089742562,1759.6276545937944,4.817597959189033,71497.86030953127,16.323712399436364
25.90606485573568,-119.59366911973873,591.7961765347542,0.3156907635030611,48.08902380005781,26.735346150390413,904.9979563204948,0.4835876951162541,5.276865144477963,4.555923118716081,81.43021872228293,1927.374994020576,5.276865144477963,78473.28366147714,17.916274808556423
26.055797990314332,-110.03605407872166,2029.6263697676775,9.652122066004802,36.18604895484032,15.723975564251452,564.9451769475835,0.2729577089852903,6.307368972695827,5.971171430279508,83.7353894195575,2303.766517277151,6.307368972695827,96453.39322797,22.02132265478767
45.46058099193884,-122.49597899566199,1300.416001376974,1.6629581869645589,64.97256288578807,7.255403255751466,977.2262442307479,0.4219243385183184,4.418153663987455,3.2923730293774467,84.53051939325856,1613.7306257714179,4.418153663987455,68204.74397863305,15.571859355852293
28.60481579324983,-89.90573239339444,1196.9824488012832,3.006425697643841,30.18022066295279,23.84217687937393,539.812517144487,0.20793082372812138,6.1606855189996885,6.091306684010347,81.96355133257663,2250.190385814636,6.1606855189996885,92216.79759789418,21.054063378514655
31.7609174907725,-100.97448873271239,1332.2462393387923,5.495812801030506,58.80865795980163,9.530432153443101,825.0280939571954,0.352868449366057,4.89220440802143,3.8567174597203535,83.80981612250108,1786.8776600298274,4.89220440802143,74878.94406025241,17.095649328824752
29.439753653447713,-94.4001590526868,836.9607713550078,1.3720920865272104,38.16033352866479,19.25612677566364,613.9130854104691,0.32378571358744446,5.4185015931610145,5.054799115648836,85.73065280863284,1979.1077069020605,5.4185015931610145,84835.09784565501,19.368743800377857
32.5199113399665,-114.5690519615982,1785.2800936869523,4.40776198973243,16.55448649862498,14.272999335054976,303.5690153644699,0.12425165189721653,6.753096668234002,7.321157668553479,84.10297718561142,2466.568558072469,6.753096668234002,103722.87958315766,23.681022735880745
25.66617222590624,-108.01967041042273,1175.065435995537,0.5092853806772419,68.2647234518753,20.638529951963033,1009.6102780015301,0.3763653165999217,4.4928841495362954,3.2445225216576903,85.40863341544669,1641.0259356181318,4.4928841495362954,70078.89128022472,15.999746867631215
36.457434981798485,-88.15347835795285,301.0079909529104,1.2050995260409687,52.83279523923353,20.811098527738455,707.457936287529,0.2137896468439724,4.6637697692101385,3.871723770234919,83.11182881799749,1703.441908204003,4.6637697692101385,70788.08613802705,16.16166350183266
25.622701526213156,-71.87365292395842,327.49001838248535,0.5471040051229282,32.821621441827844,27.274093500529624,476.7085924222157,0.22428097354643575,6.057691167740828,5.877466677055338,81.87548731460438,2212.5716990173373,6.057691167740828,90577.69303777334,20.679838593098935
43.208556187736676,-121.27749422548071,1204.2471649806293,5.835301130085763,48.08908267161108,12.393284134433943,614.4110009718772,0.26836899001966913,5.003801280904814,4.320164042797562,85.27331074542757,1827.6384178504834,5.003801280904814,77924.38936782294,17.790956476671905
29.609089965850394,-75.91924667381562,2063.625968852304,0.8815225851807281,27.733338188037678,12.88554654253108,389.54816508917696,0.1300163267907089,6.316862690460112,6.353921403578639,84.55389830198428,2307.2340976905557,6.316862690460112,97542.81862749885,22.270049914954075
36.96028595050825,-92.84841512919475,712.9570616038272,4.423073864518931,49.924682631071754,16.17272863561337,582.0964676250779,0.29384090112914735,4.842962567099635,4.119071496423293,82.22160598833831,1768.8920776331415,4.842962567099635,72720.57372152265,16.602870712676403
45.121898101475,-93.54834339519633,1919.5135130473193,10.044834804814254,5.0,5.6515150809462344,50.0,0.05,6.421851522897359,7.481457024175424,82.79873862575582,2345.5812687382604,6.421851522897359,97105.58519786397,22.170224931019174
39.62105685713266,-96.98495909878093,1692.8055111445906,2.6260283066829015,16.643575993497315,14.85667015587481,204.77885971646947,0.07859232029062253,6.107358356717849,6.617292047554538,86.34687186158612,2230.7126397911943,6.107358356717849,96307.52923403538,21.98802037306744
36.790986877232044,-120.2527193611741,582.7967522498498,2.7180728853216265,52.62667539716533,15.943958226090274,642.402912417307,0.2668346735089807,4.686927417549822,3.8977110463655045,82.61316717079602,1711.9002392600726,4.686927417549822,70712.75032285905,16.144463544031748
31.784010074769014,-119.14665000624733,128.1326088799213,2.163356959704953,30.506200312059452,26.443616857987315,376.58507729431466,0.1393628117657267,5.455485125458972,5.38159929629378,84.82404637689406,1992.6159420738893,5.455485125458972,84510.87354090702,19.29471998650845
31.99204591339675,-91.55075169440934,268.9716200561229,1.3802676627390693,38.73576130799736,22.334717567730333,525.9080606364115,0.2309216118859833,5.51503957448041,5.122642693447864,83.28271995414944,2014.3682045789697,5.51503957448041,83881.03153324657,19.150920441380496
40.067686924756565,-105.58823714247985,1616.2619577719965,2.259619156693147,10.757858081922176,9.803211867575044,190.8362476133482,0.13709086046887847,6.5274602242636774,7.341401834020268,83.9952362148493,2384.154846912308,6.5274602242636774,100128.82476958858,22.860462276161776
47.85934466930802,-74.46752440480525,479.2899367873904,3.231670086405954,68.26160592263786,16.540474077850977,1050.5882131022208,0.38062099388667087,3.9196819068329063,2.830671816535237,84.44188893141505,1431.663816470719,3.9196819068329063,60446.198488773116,13.800501938076055
39.88414055638509,-102.0441109825885,848.2324790865966,14.938336499375833,56.42953358691818,12.901158655301252,743.6350330790438,0.334273937373302,4.44562503587529,3.578698212112965,80.8485281842506,1623.7645443534498,4.44562503587529,65639.48676437336,14.986184192779305
37.386802016880594,-116.26280123005738,1128.6532069138134,9.718907294679463,31.387666069244062,18.085409220747515,572.9377866962793,0.24733201127043844,5.499710452792587,5.391291017162611,81.80592399685905,2008.7692428824923,5.499710452792587,82164.61200523663,18.75904383681202
41.5356122457419,-85.40518299089005,1609.75656216785,6.9356371069146885,27.715474576460124,12.111096163344033,481.8777519329911,0.2084705881159816,5.770732800136842,5.80530917269605,84.12949952818074,2107.7601552499814,5.770732800136842,88662.40349331072,20.242557875185096
35.16493469480923,-108.15891524218547,293.44713000711954,7.697906184634202,53.53287850555448,18.323244980932564,799.8696822721569,0.37687126277376987,4.75479483238684,3.923988820297187,82.91353865432419,1736.6888125292933,4.75479483238684,71997.50749408995,16.437787099107297
25.443416222418847,-95.62460340278177,923.6877713465421,2.2078991891727893,70.6844681030407,24.04656310451705,1004.9474663722317,0.4211929822492878,4.503715532067713,3.176059480379991,85.49487194291193,1644.9820980877323,4.503715532067713,70318.76691219665,16.054512993652203
37.495123581069834,-86.31702958272082,1092.906754656795,3.7496238013585774,52.16768460460437,17.849019517989156,762.2596686513153,0.3416196583666665,4.839532604647744,4.040168651706551,81.5908186786978,1767.6392838475883,4.839532604647744,72111.56814887591,16.463828344492217
46.98300682812912,-75.38573799508819,1212.7781875388102,7.890507055718228,74.09244801313883,15.423834412887675,1155.9993872505818,0.5174596428329665,4.05181492305809,2.7607157018509163,84.84788258438698,1479.9254006469673,4.05181492305809,62784.26831387287,14.33430783421755
28.20727061658383,-81.2216754807095,1809.475378999716,1.747008827100033,18.397676076885478,20.12393937717588,379.92543105232403,0.13308400291943803,6.832679608973233,7.319277547486669,81.93566816939351,2495.6362271774733,6.832679608973233,102240.81089076531,23.342650888302583
40.56011737969598,-87.47650233487289,419.1081193429163,11.423783011160346,20.25103705102177,19.617502665327358,417.0091915526691,0.18871300285430206,6.06372071161132,6.416888424348362,83.47184250878335,2214.7739899160347,6.06372071161132,92435.6328394105,21.104025762422488
28.822408527817355,-87.29980815066224,1786.837621427238,1.8812081090733157,13.599059875039725,11.585364250510946,194.51952143825645,0.06851042023874193,7.122908852542891,7.8694365752602,82.40343335364305,2601.642458391291,7.122908852542891,107192.1354650274,24.47309028881904
36.859864427353955,-72.92006922226733,1539.6886195478023,3.2165037274788,42.95169169369063,23.508965862647933,656.8204002115301,0.2670410777688094,5.612367118367723,5.047415907061706,86.85364482070679,2049.917089983811,5.612367118367723,89021.38542267536,20.324517219788895
26.320234791521273,-108.02549873518706,1245.1222505277626,4.330204130442003,38.160863896478666,14.315818246889371,668.6067452129065,0.2624830740147945,5.730401452080819,5.345742253301704,81.99076175554494,2093.029130372519,5.730401452080819,85804.52638789431,19.59007451778409
34.80890247019644,-123.93994691340588,1553.9849213655295,10.526751162312387,32.264879777504255,18.36312197871319,389.33671339342027,0.1857776507854361,5.946656554492145,5.7929107537289966,83.81691045694646,2172.016306528256,5.946656554492145,91025.8481376532,20.78215710905324
42.147919893485906,-109.31445379249728,935.8381387460612,0.9818529439534273,49.566655306219374,16.079380621746232,662.0914889152408,0.2799536891655963,4.711304585317733,4.018900229419895,81.40974577796976,1720.803999787302,4.711304585317733,70045.10807819889,15.992033807807966
32.34171658173557,-112.23386550015583,347.5548098314678,4.798278825620058,57.181914893863954,17.011883999137197,802.1504748154432,0.3539565662222684,4.469363343783755,3.574268732062521,86.39935518310588,1632.4349613170164,4.469363343783755,70520.6640180743,16.100608223304636
39.957881387693234,-88.2609324038441,1481.3952665705397,2.5748441531829327,7.5380766328368445,12.114773287171348,195.49294665765646,0.08057952629590277,6.780953529915225,7.779336804432824,84.60192362426581,2476.743276801536,6.780953529915225,104768.62277043868,23.919776888228007
43.0907990589535,-89.77957361266144,1178.0454593740878,1.094576615604401,24.254503497779922,12.403901581621925,431.0802640407812,0.09941072606014258,5.6679139428704834,5.839189661577306,84.205459634398,2070.205567633444,5.6679139428704834,87161.30568013198,19.899841479482188
46.252267667506864,-91.95308533394491,1424.6558211669674,5.245877033706333,49.76258469421508,15.285531307029169,673.5897745992175,0.2822308268879927,4.566994814392797,3.889535513526518,86.21146940893757,1668.094855956969,4.566994814392797,71904.45432277018,16.416542082824243
29.631409964530885,-123.1228540666895,776.6973792112535,2.8121041577934798,26.580703690545523,17.929135018783988,221.2689062296663,0.09537227535353514,6.0418343790876055,6.126027789259974,84.22113366213392,2206.780006961748,6.0418343790876055,92928.75696462509,21.216611179138148
33.5835819794234,-84.64598505966504,1999.7631412806472,3.785872822764219,20.632290625553225,11.840792377158817,313.47046318734186,0.1427424898523988,6.367176689937685,6.7210259484079256,84.32935703421161,2325.6112859997397,6.367176689937685,98058.65222993203,22.3878201438201
27.65798431993002,-106.52935772578346,1312.8452174374904,1.3647825963110394,53.333673697707106,9.645402548758986,654.8398180350594,0.24316346449698764,5.131971850818126,4.242417836160288,84.19758793209773,1874.4527185113207,5.131971850818126,78912.19879570827,18.016483743312392
47.81960405180101,-88.08697659364192,233.61534122537873,2.297327832453467,11.78899874496836,22.252152643056963,50.0,0.05,5.642787782283143,6.3056856121555604,84.84545148816468,2061.028237478918,5.642787782283143,87434.43566937755,19.962199924515424
46.24802323018309,-93.94476486088372,1017.0785800145217,3.3622597929396214,29.57156345976011,7.821123674264717,287.61473236326987,0.151069804062743,5.605157500828082,5.565916105829882,83.26133792411811,2047.283777177457,5.605157500828082,85229.79319906859,19.458856894764516
36.95897112673343,-105.49253002689301,1676.1655176988138,1.8166539744000647,40.91559246448655,14.295278861432585,605.4563952873677,0.2385931702096948,5.363331400464022,4.899890507723237,83.678569038955,1958.9567940194838,5.363331400464022,81961.35066634466,18.712637138434854
44.208799065034114,-116.73288157637818,1757.3893077243856,0.7738895239644238,24.67124154961786,8.913462563225263,481.50111778793075,0.20918766812922093,6.047269055558364,6.212367417573568,85.21550194268616,2208.7650225426923,6.047269055558364,94110.51003471203,21.4864178161443
36.50299145452901,-118.90137952633403,1113.3836634420813,11.412635020951964,49.096801808237146,15.61473166111818,691.2446769389444,0.27394561139681206,5.166922726230398,4.4245516041390065,84.41605942733682,1887.218525755653,5.166922726230398,79655.7756112801,18.186250139561665
38.96605651206623,-79.09801001193992,1973.7072772872973,2.507222765190394,24.760214446447357,13.836186122617207,367.7810677148595,0.15293902025917838,6.1388446414319615,6.302619801291397,83.82863412884682,2242.213005283024,6.1388446414319615,93980.82682940633,21.456809778403272
26.138986370784398,-74.40653272759587,625.4871399677397,4.633858793126408,60.35515088202655,29.79507027452286,963.2616062361642,0.3788947352016113,4.9754916970186285,3.868514171821546,79.98118830364479,1817.298342336054,4.9754916970186285,72674.84046114072,16.59242932902756
42.12649009192339,-88.91144547472783,932.7871990622732,1.8529322819828493,32.736566645076095,15.385118143091077,303.86644212270994,0.07820683809343773,5.386046773427856,5.229011374050701,86.24707542680488,1967.2535839945244,5.386046773427856,84834.934121214,19.368706420368493
27.065123607245635,-118.4145577975339,1981.9833577232857,1.535482439283237,47.08286246069636,18.53108965864514,711.1777166097763,0.32001063162583965,5.854569208108436,5.0959339121861404,83.00781883507385,2138.381403261606,5.854569208108436,88751.1880611152,20.262828324455526
43.82562312606068,-102.290530288035,1976.9519404138946,1.8299329354454457,48.428431153690696,9.709276038111387,676.8390577197877,0.2518602696386055,5.069329543012872,4.364697714231261,85.48085585762888,1851.5726155854513,5.069329543012872,79137.00593139642,18.067809573378177
42.76867410408926,-84.63728319432151,1524.282452973064,1.8419521664072331,23.70427995060669,15.20281008401702,388.4656651917004,0.1700582678746157,5.58666204690547,5.776999848241628,84.26363047753213,2040.5283126322229,5.58666204690547,85971.1618572919,19.628119145500435
41.00987274583143,-81.88967226345632,1896.8081763127734,2.7498013850932073,5.0,8.209850864866679,50.0,0.05,6.7661096724585645,7.882517768414228,82.05982421590518,2471.321557865491,6.7661096724585645,101398.10630970958,23.150252582125475
24.86784913259429,-117.61619439628122,240.86252395590023,2.7443520261281575,41.493603583949024,29.906717488218725,499.1167211326381,0.17862466469177843,5.69645993526449,5.181185369617399,83.91572622100844,2080.631991355355,5.69645993526449,87298.87227662376,19.931249378224603
31.27508054268789,-123.99834118234935,1909.739198846719,2.4061483342108447,36.30119024824765,18.819517224146388,522.2675539040276,0.15741719907469562,5.884199683578089,5.565815455087979,84.3818109695993,2149.203934426897,5.884199683578089,90676.86006496474,20.702479466886928
30.314701677860228,-85.54459952244733,739.3327990829875,0.5067235432544093,45.004868496352294,24.9918682842796,794.9872912823784,0.45254898539364363,5.3641611749234865,4.747099832013493,86.00301803510555,1959.2598691408034,5.3641611749234865,84251.13093058753,19.235418020682086
32.64327377931646,-104.7438064967449,433.4127517206651,2.3986507336938363,30.922505497108915,18.502871571358366,519.0060874136711,0.18986394262509165,5.629916976586367,5.537262401306329,83.72638694889612,2056.327175698171,5.629916976586367,86084.42240301786,19.653977717583988
26.103425922332125,-110.25800809261395,564.6451481353996,0.648376828869349,27.252301421587113,22.75688205732478,330.7629428842105,0.16898875079847894,5.968045881903515,6.023154161383744,85.05607684495058,2179.8287583652586,5.968045881903515,92703.84119017432,21.1652605457019
46.486987752745506,-123.30353663136563,948.6322922298572,0.47190597051842653,71.1525141976706,13.295562005236976,862.0379951692604,0.456155675465698,3.63320000149734,2.5502607989701938,81.35620933298247,1327.0263005469035,3.63320000149734,53980.9147488336,12.324409760007672
37.291253777097026,-94.82383203487902,590.0628098996045,9.44226076515046,8.497626892806,12.78525357149229,50.0,0.060328720676028,6.163108217972099,7.029127302612325,83.24967620460936,2251.075276614309,6.163108217972099,93700.64394517132,21.39284108337245
31.332583455792566,-78.03786028699699,739.220309935473,3.250600405830784,48.211108610556295,26.583916727560037,806.5654657328363,0.3210468036139709,5.28259047676031,4.5563517695711,81.45694331062909,1929.4661716367034,5.28259047676031,78584.20828139373,17.941600064245144
33.527556409782804,-72.28789110128025,340.2037450540305,3.7705883458138714,24.65716655269896,21.162474756318883,249.69210292420271,0.10068255684166223,5.523185798593294,5.674520173350038,83.43782422494242,2017.3436129362008,5.523185798593294,84161.38088874049,19.214927143548056
34.73286097211606,-93.44977266688238,686.7800459518468,1.7983684307900925,28.955984880672403,20.072023883207425,372.83244702992,0.11371649194219091,5.671804653879011,5.656536756027878,84.70771760925922,2071.626649829309,5.671804653879011,87741.3826227784,20.03227913762064
38.41426400065481,-96.21908830204572,1280.4102012653025,8.388400354425864,29.292149013668617,12.00351243447001,542.2111987991183,0.27000615418085305,5.637982922410253,5.6095390555939835,83.09312986851877,2059.273262410345,5.637982922410253,85555.73031411559,19.533271761213605
36.37630626471595,-119.40695518358098,999.9854723957875,3.555716737487884,20.53818306491737,11.323224581430793,126.14441736094398,0.08087370930332774,6.057166909545144,6.397777871553187,85.29576314045816,2212.380213711364,6.057166909545144,94353.32934268034,21.541856014310582
46.065407357146015,-94.36086871669961,795.445336657209,5.131256217071079,45.282035784252315,10.877220464099166,783.1749519270383,0.30060160572317873,4.472440708689745,3.9492803089308435,82.71508103467498,1633.5589688489292,4.472440708689745,67559.98124162963,15.424653251513615
35.92712358973993,-103.48112973586869,1654.8720770427951,1.609146923103121,60.03158472709923,14.43525074993741,815.078140790139,0.287507151640969,4.813224819180763,3.753251188214328,85.32785492047496,1758.0303652057737,4.813224819180763,75004.47997403394,17.12431049635478
47.81179235575951,-91.21469483228685,1971.0464384956335,11.267105113129796,43.46024590243991,9.323176498444827,493.58511111028486,0.1395987760794341,4.824722033710576,4.32188119848082,85.96463574881105,1762.229722812788,4.824722033710576,75744.71811366479,17.29331463782301
44.4341989858823,-103.00877721466648,1677.0968292401535,6.010775542063603,36.86087593181771,10.26629247256308,491.3171703305566,0.254041187827942,5.490207057823023,5.171631580998796,85.52028920263648,2005.298127869859,5.490207057823023,85746.83791646792,19.576903633896787
29.00425234457606,-111.0238473336802,763.8015095530102,6.7332850427854165,17.24407101621356,22.51597496214352,169.1573160868421,0.07650087148396224,6.4029844498641415,6.910686709852792,83.48371642225534,2338.6900703128777,6.4029844498641415,97621.26931477233,22.28796103076994
46.33428515145399,-118.87187513766767,1650.5506608507403,0.661418711169696,44.302854784840115,7.548712878866495,664.3219468783332,0.28755003801594303,4.954409250773698,4.408829785856567,80.81181960308378,1809.5979788450932,4.954409250773698,73118.45271026735,16.6937106644446
26.792793549251428,-106.99440399219964,376.7573923192101,1.1061087762709452,73.81429337112738,26.044450206222518,968.5868638070054,0.36243042862646774,4.261048099100391,2.911573937732103,84.45547041261702,1556.3478181964176,4.261048099100391,65721.0435557143,15.004804464774956
43.618793003788596,-118.78117894846137,330.1836743962755,1.1772231929943358,28.147496771688335,22.651956241857384,202.90073371173239,0.05,5.370003738059225,5.3859393455042355,83.81214792792704,1961.3938653261318,5.370003738059225,82194.31639282119,18.76582566046146
33.134959043437924,-114.44756465550486,793.0981296277417,1.1058496135072227,28.23229557166641,21.94293555207017,373.19588456243076,0.2036289639699278,5.899625756175391,5.913631060636551,82.53241058980898,2154.8383074430617,5.899625756175391,88921.99997226988,20.301826477687186
45.07138369068167,-70.68384743670453,1786.5600934447225,6.768441459284254,24.900395642342048,12.023244424981396,212.95103376413473,0.09083154925158435,5.695888953715708,5.842257525082282,83.16558140269437,2080.4234403446626,5.695888953715708,86509.81249002877,19.7510987420157
44.833360562578804,-100.0184079270426,579.648731570949,0.11341464950482245,26.19054377910043,16.102809686211316,387.099601306238,0.20665323354714685,5.46440641053501,5.555477265388613,86.1516379746672,1995.8744414479124,5.46440641053501,85973.92616125582,19.6287502651269
43.342209602822905,-95.27892460872911,185.9948291321611,0.2770299923250228,5.0,11.553411254670479,50.0,0.05,6.17814699950079,7.19754125441842,82.29398969908476,2256.5681915676632,6.17814699950079,92850.9997560758,21.19885839179813
42.96073047136947,-76.82459944819037,333.1755006936634,1.120308045311003,42.29063694540283,12.823127661890446,543.2676369184311,0.2145206232308367,4.753879545889008,4.29734329736523,84.70246376343181,1736.3545041359603,4.753879545889008,73536.75223352389,16.789212838704085
31.31229933835298,-70.23927937350285,1896.3016823385974,0.7804467378067232,19.78006082561695,16.247460088703544,295.17963198007095,0.15865642215606116,6.65921917143721,7.069024683889654,84.3269372634561,2432.2798023674413,6.65921917143721,102553.35315070531,23.41400756865418
25.94206279323005,-92.5334197353872,1412.6340622066684,0.9232396884058436,6.015263861747599,19.21914522417279,62.96782156103943,0.06285399629962599,7.455681451370294,8.5,83.46391850300515,2723.187650113,7.455681451370294,113643.95604871077,25.946108686920265
33.67152429036388,-80.12641366361473,594.3825012454498,5.597222329305467,48.55741909518588,21.63527310900032,704.8468956327068,0.33356448764792557,5.156438331418207,4.4350426380217645,84.96679903096957,1883.3891005505002,5.156438331418207,80012.77160179644,18.267756073469506
28.16458835967621,-106.34518468581953,1243.88602445559,2.8983913503808565,15.52367986924515,25.81219878724405,285.3602347412078,0.10414003515370178,6.874449038465161,7.50232162310418,86.12348837345067,2510.8925112994,6.874449038465161,108123.41100193914,24.685710274415328
40.67882613365908,-107.48982629784628,1184.2961882145034,0.020255815624546866,28.903957030092364,16.677191295698233,288.8620284481625,0.1510865404026111,5.6730202574289965,5.659815172653797,83.5560427441707,2072.070649025941,5.6730202574289965,86567.01185947651,19.764157958784594
32.30639343690685,-102.25399906629374,1459.1873536474218,1.963260225774058,61.39596304139444,21.201731008126092,853.1037285170513,0.4109148601559407,4.640956907926113,3.5745961579411847,83.63522857788435,1695.1095106200128,4.640956907926113,70885.43569262521,16.183889427540002
47.41464482063796,-87.68460781562294,551.353242006475,1.8341899893351945,9.634115635558757,14.285369178563464,50.0,0.05,5.736116362557159,6.496502776717317,84.9330973574853,2095.1165014240023,5.736116362557159,88972.36689535939,20.313325775196205
39.38332985628797,-87.16164878022467,1908.466422467955,0.42341795177133,7.413231777240284,7.506306742392878,128.51857504961637,0.05,6.759907217893609,7.761099348480137,85.3773642321525,2469.0561113356407,6.759907217893609,105400.75146356254,24.06409850766268
43.739533527224665,-106.97707052892966,715.1424084720276,3.946073173396581,39.84751141212209,14.510033233531399,527.7837467322249,0.2870472746375987,5.154141435799448,4.747311755180369,83.80843918927704,1882.5501594257485,5.154141435799448,78886.79527849832,18.010683853538428
27.18059214580436,-116.80666409662206,1542.3830560489093,4.238457934102452,55.69077255218663,14.837810999266939,681.3258393828157,0.2511634797319412,5.622316369642036,4.555001648463251,83.54193939585952,2053.5510540117534,5.622316369642036,85778.81885027667,19.584205216958146
44.688347574542945,-89.85060215086253,84.66798970026201,4.466562950396361,6.661849080824666,23.700083470044156,124.83782936119773,0.08348958708955624,6.103445510737348,7.039512982825834,80.67353021892035,2229.2834727968166,6.103445510737348,89922.08380460684,20.530156119773252
46.14617257232146,-117.07040344180672,851.2128292724166,4.562901457858224,42.33841526306919,16.139722502235138,710.0075714014754,0.292915372557955,4.687477892850507,4.235750772472879,82.83298663145017,1712.1013003636476,4.687477892850507,70909.23206235522,16.189322388665577
35.68948605165446,-92.76140455561618,806.1761086114378,0.00018489914690916244,45.457991719310456,19.99090072021142,588.810109310452,0.1532592647217937,5.024306276577133,4.430403420081099,82.29103249189868,1835.1278675197977,5.024306276577133,75507.28348643021,17.239105818819684
38.55007050602346,-86.55520508495931,1218.4915214534813,10.770877975679447,5.0,19.50378347393445,50.0,0.07726303670726234,6.98611534299522,8.138824374589431,85.02693749446783,2551.678629029004,6.98611534299522,108480.70964820925,24.76728530781033
42.35543522167189,-86.16697919469962,206.38296282097247,5.890960737043158,49.37302408232996,9.827913678049887,707.7248633964907,0.1569926782711694,4.583873970378775,3.916410724945393,83.63414557709874,1674.2599676808477,4.583873970378775,70012.6509354643,15.984623501247558
28.1961270542499,-83.31250602438178,1748.7824535111329,8.201257558058009,50.77890583715923,18.920382363402517,577.3440150555931,0.14135360293528335,5.421974696432169,4.579116037787479,83.5754675916916,1980.37625787185,5.421974696432169,82755.43587956215,18.893935132320124
36.061585835122614,-76.8655912354541,518.2287238002723,0.055184299974982635,29.387859681391554,13.938559617975972,345.39189848592787,0.17027979500983687,5.512871489164241,5.48136533064137,83.98641560456552,2013.5763114172391,5.512871489164241,84556.52847109815,19.30514348655209
33.56791266653551,-97.00221443390143,1505.631301996322,9.505871775906225,57.54223452136415,15.337259996214765,927.8314994641484,0.4129500180439676,5.135222898811882,4.093822076033869,82.69473529481189,1875.64016379104,5.135222898811882,77552.78342650883,17.706114937559096
27.51297581189398,-84.56654376540315,1776.9060649748003,5.808665865974703,55.456200337847214,15.487800189904847,782.6047277110897,0.29420631031907724,5.326413605103697,4.324017706356377,86.32987078003312,1945.4725692641255,5.326413605103697,83976.1977553355,19.172647889346003
32.82082613499675,-90.56467229024481,1258.0354559192533,6.353726463240919,36.856122662909684,19.587397408042985,328.0390208861189,0.14407402988437848,5.570762051905243,5.247697635709977,85.94729086754491,2034.72083945839,5.570762051905243,87439.3719115927,19.963326920454953
25.636135425251844,-113.92144325092514,1642.898894452269,0.3427540586009592,26.873982974151197,19.16199374221915,196.53659691017666,0.05,6.336463721509385,6.411754338634071,86.42716017457153,2314.393374281303,6.336463721509385,100013.22343298861,22.834069276938042
24.619485766787687,-122.61275917705196,1472.999671262262,4.69834669214941,17.489097933506773,24.936701743081382,261.0559403337724,0.14412208169593513,6.92468701720026,7.461878714821425,85.02512584685833,2529.241933032395,6.92468701720026,107524.55682661531,24.54898557685281
27.243990939715747,-108.63476517344557,814.3890638768164,11.258783311495998,34.323856831408555,19.26067011401338,566.7730532314886,0.24864171319913342,5.912968553990264,5.674871062117837,83.95578282746709,2159.7117643449437,5.912968553990264,90660.14592863494,20.698663454026242
47.114762678140174,-100.07617985776855,1789.0458589221655,3.9721674924278028,45.255660554675224,10.689585058759228,471.81710190283815,0.19430831645949279,5.060802419545883,4.469753208422326,86.42209395451033,1848.4580837391338,5.060802419545883,79873.80909193876,18.236029473045377
37.18870886148041,-90.67627900085256,683.6079452538852,2.9584678041546595,29.164816501268458,18.495934153659718,453.27869176740927,0.18990819567664247,5.741217396117583,5.717370012379482,82.97854974613053,2096.9796539319473,5.741217396117583,87002.16526520785,19.863508051417316
47.179731867677276,-78.1021961528269,1278.107773165762,10.191778872945715,5.0,3.837420713430207,203.03435074897186,0.10926035495505654,6.199084512743483,7.221933457346158,82.69318653145048,2264.2156182795575,6.199084512743483,93617.60223490746,21.373881788791657
34.379949079923165,-113.40273129786705,1652.6051391543099,2.047770053193556,57.836850102378264,10.591531384170898,998.5018002291596,0.4145973405872568,4.809428404376914,3.824178757337821,83.09773272784521,1756.6437246986677,4.809428404376914,72986.55536652819,16.663597115645707
31.48358719404623,-117.22031134548223,864.7552060968914,3.200841718701735,38.42401799320809,18.909097598106065,571.0585278909008,0.14423827815131435,5.561554890985456,5.17798487277247,84.78430690037145,2031.3579239324379,5.561554890985456,86113.6368235946,19.66064767661977
36.14740470816586,-71.9720828363863,700.9503563774639,2.2641829049738087,28.16675905981699,22.678085899004955,445.0148862926853,0.29523948101474495,5.662318166775031,5.678357739464999,82.8568422099185,2068.1617104145803,5.662318166775031,85680.67425220802,19.561797774476716
34.548280527189846,-118.16559379367402,1037.593921871569,9.452695300894497,50.42885099161919,19.120196383635182,492.68547111985436,0.26532565393802854,5.024250425768263,4.255530278462387,83.76694051767299,1835.107468011858,5.024250425768263,76860.66905824341,17.54809795850306
26.535952422281852,-98.16148221421179,1808.6215128506803,0.27697217512447136,62.443494736689615,12.345710550196909,1084.1841811132535,0.3874961756994476,5.002028384863369,3.8160251299751278,81.59721705917283,1826.9908675713455,5.002028384863369,74538.68519317279,17.017964655975522
39.37983155256495,-92.3795586451617,2049.331790763179,2.4338618269710155,5.0,9.471151935341238,50.0,0.05,6.71137585223073,7.818752867848801,84.72164649814236,2451.330030027274,6.71137585223073,103840.35812712571,23.70784432126158
29.18491638023039,-94.76578127099833,1221.9293376487637,4.0649005443511665,42.81674569859729,26.828366735824623,506.0873239378579,0.19906800879963873,5.679530198581529,5.113183236896651,80.99299825489548,2074.4484050319033,5.679530198581529,84007.89802430985,19.17988539367805
38.87011091754791,-119.35426352022107,1472.1523414458516,5.494187879925019,9.320314205413752,13.592581719237614,104.96378543183006,0.09767738892204403,6.483322276745656,7.357000527095192,82.60175841770196,2368.033461581351,6.483322276745656,97801.86395928863,22.329192684769094
39.60482621755568,-120.92054664380456,1992.0382878136654,3.0614982169613567,43.98398912238094,8.908334462742033,766.9431891318764,0.2115962153722934,5.188769955891163,4.628964337980218,85.82575070234496,1895.1982263892473,5.188769955891163,81328.40525480494,18.568129053608434
27.648596475087555,-118.30389491710407,261.87573053782614,8.385972944976706,37.30268964274243,26.21571149654635,743.0422597527488,0.28465052834215593,5.586355131155309,5.244923655544973,85.28419287686062,2040.4162116544767,5.586355131155309,87007.62487190682,19.86475453696503
25.472391050656036,-92.37826507087892,548.9689424122548,9.965076841259854,46.4430774759299,26.846151633471393,662.743952610603,0.18811149142087605,5.464562540880427,4.780937338849294,83.82300898093118,1995.9314680565758,5.464562540880427,83652.49068611476,19.098742165779626
42.738278065642554,-94.60537606774666,1574.1350134409022,0.2326831888358649,26.013542939096205,9.072426413336103,463.9980184077124,0.1790777318784632,5.777706014742246,5.881156993162891,84.41349537260284,2110.3071218846053,5.777706014742246,89069.20023398846,20.33543384337636
35.035210170463685,-111.37799723001581,1821.0505931114442,1.8017452194785153,5.0,15.139201555219866,74.32040486855038,0.05,7.055729436480826,8.219924793500162,83.2035605292686,2577.105176674622,7.055729436480826,107212.1632788692,24.477662849056895
25.39593109213142,-89.56019634033805,1892.6124109107425,0.08308497785918337,26.893372557379976,15.793210967303912,272.7276685015013,0.11762123191142781,6.693626703061109,6.772252666875184,82.8406445043867,2444.84715329307,6.693626703061109,101266.35694675651,23.12017281889418
47.87679161207441,-79.71635488899494,942.4804302381051,1.3986254966847746,42.323257432516094,14.620352030693741,740.1999711340544,0.27817293468873017,5.013399964386558,4.5307960361295745,83.45663745336392,1831.1443369921903,5.013399964386558,76410.57452856883,17.445336650358183
25.386733463912798,-121.75473616828394,242.0807899275137,2.6941027364332544,53.27706191615402,26.044338623486805,683.6661187905173,0.247309713259856,5.1349833467411194,4.246942236170119,81.3117832889118,1875.5526673971938,5.1349833467411194,76252.26601917054,17.409193155061768
40.68084549260527,-97.10098304840571,991.2301761941828,8.45886092857047,13.907036591494546,16.66533995556828,348.2515896181119,0.17608766359570402,5.987085229136176,6.601663981457458,84.3786728324305,2186.7828799419885,5.987085229136176,92258.91859109259,21.063680043628445
47.60829420632193,-86.77723774645472,546.0793689451657,6.56043033405302,53.487087683714314,10.809136577759286,878.6733605489087,0.388847537275841,4.317348191844417,3.5643611611251456,84.07324668721262,1576.9114270711732,4.317348191844417,66288.03170601962,15.134253814159731
29.740322501182213,-110.3751559382369,676.0723782427419,0.47737309072485723,23.338298786362614,17.951347446962856,388.13980940479746,0.18929483772424438,6.049767051247071,6.271381564287212,82.5998680999346,2209.6774154679924,6.049767051247071,91259.53153053028,20.835509481856228
27.41398484849271,-107.38037111416995,1710.3752472006374,0.3417621153380539,41.524097868701475,20.893819800812675,764.234845787256,0.30958618122014786,6.073332225220614,5.5226711783003415,86.35302287826204,2218.2845952618295,6.073332225220614,95777.7902025705,21.867075388714724
26.913238546138295,-90.86355323857327,212.38323495565677,3.1143445738589537,25.82190884841861,24.509540953917508,584.7413271964343,0.21505529055392153,6.404253933251241,6.527514290755709,84.91037056543057,2339.153749120016,6.404253933251241,99309.2058236484,22.673334662933424
31.278603541622292,-75.51149415403822,1829.2996175835096,2.658386824606965,38.27907129881783,15.918269286749865,518.3826618870186,0.21005015168521918,5.9253372642469015,5.522689863842736,85.03776270601328,2164.229435766181,5.9253372642469015,92020.61460002675,21.009272739732136
26.42509946425552,-80.26408130364344,969.4885345219635,1.0841630821984505,51.05379742226494,20.03568086012912,633.8737520700661,0.28917216686595015,5.428311759073099,4.574022608639402,83.26899011094125,1982.6908700014496,5.428311759073099,82548.3332236021,18.84665142091372
40.611872200659164,-92.5109681686225,1331.5374518662795,8.039957940174594,12.913746608806356,16.661877346426557,50.0,0.05,6.319573375555074,7.012222465932348,83.99800488296052,2308.224175421491,6.319573375555074,96943.11277901095,22.133130771463687
25.495003155121506,-84.56802724110855,242.75229715670986,9.178147245965802,22.761693858557035,22.88224717429314,543.1319395628241,0.24601057133638624,6.351338626927505,6.609635774385943,84.94105900528113,2319.826433485271,6.351338626927505,98524.25698434164,22.494122599164758
36.22613107559495,-104.29958660877887,775.3220184681512,1.8031563208871542,38.32932657215756,17.279225964037987,492.64237111836087,0.22072456399939025,5.139807431991255,4.788731415337938,84.22917355065034,1877.3146645348056,5.139807431991255,79062.33134414154,18.050760580854234
47.92072449247144,-89.38786148266709,242.85697588191843,7.735102277112256,78.22850589854633,18.365360349790784,1208.7027682898224,0.506733698758379,3.4456861509342245,2.247967225440788,86.4028511771548,1258.5368666287254,3.4456861509342245,54370.58679414224,12.413375980397772
43.53528646814445,-98.82619407911193,2117.3190041943853,1.6954887426089102,19.462585180997095,12.514396865020135,198.350655783011,0.07518043548267084,5.985125332754148,6.366748318051279,83.69431864587486,2186.0670277884524,5.985125332754148,91480.69520248366,20.88600347088668
38.76526651754426,-113.74344863129171,1785.6125460514384,4.672167613038291,71.72240994794454,9.532530172741156,1157.9403033624271,0.3541691571043906,4.275752398304294,2.9842320135355394,83.24315920164584,1561.7185634806435,4.275752398304294,65001.19350399242,14.840455137897813
31.35008689887868,-86.10613321062812,1038.2104218663894,2.261536651097853,71.07961946615308,26.54014471399618,925.1029133446017,0.3634668840718971,4.340382346848439,3.048869737356958,84.33532142910866,1585.3246521863923,4.340382346848439,66849.43205581464,15.262427410003344
38.97350007099932,-93.95090958316361,530.7454788958928,0.45770582684042016,33.248399287371356,19.061164348345304,346.3056766614647,0.23376596749614564,5.68883190941839,5.502586407680496,82.10302909157024,2077.845854915067,5.68883190941839,85298.71933694517,19.474593455923557
36.64899513387964,-104.63443457450606,2056.928476287182,9.205614969545962,29.633254528401793,7.051596761083303,394.01492030225006,0.1648179482376861,6.146916335086942,6.101227647847376,85.38644539846216,2245.161191390506,6.146916335086942,95853.16673970583,21.884284643768456
34.22600121336892,-74.78768373575394,790.8826808129893,2.1185963044249108,22.54282642403555,20.120094244278913,262.42199984033397,0.09397800799973659,6.106338775319392,6.36402758469459,82.04893229911202,2230.340237685408,6.106338775319392,91498.51758291772,20.890072507515463
27.137049041764786,-122.86955763735641,396.1165281278557,4.64132069501251,33.77235445401195,22.275748432632735,532.4429409022886,0.22269653515545923,5.79059624894487,5.579781015597776,84.95787699908782,2115.0152799271136,5.79059624894487,89843.6040016195,20.512238356534134
45.2785011657712,-106.94824983252721,1260.803435176003,1.601458190161614,9.679050213927955,13.056931248255651,130.367210275739,0.07205831437962501,6.410872740383534,7.258689174275322,83.027589668741,2341.571268425086,6.410872740383534,97207.50922745572,22.19349525740998
34.79483157171174,-120.92840452000709,2079.1143587413544,0.06671489377733668,33.62769768822924,11.775329008381593,533.5580070904015,0.25525684852214053,5.928788731216865,5.718945871685051,84.71487622047509,2165.4900840769596,5.928788731216865,91724.61221462292,20.94169228644359
28.67094028369836,-82.60752492403213,58.23512457569353,0.37082491876948825,61.94384492931541,25.103996010217852,838.1116817018864,0.33776919255122223,4.6530818640689535,3.5660897668636644,85.31941601500438,1699.5381508511853,4.6530818640689535,72501.80126292177,16.55292266276753
32.82622442105495,-86.0861974778552,561.9684129960973,2.399651033276147,24.00046887541908,16.771983439200202,269.4958271539866,0.13353590810051194,6.01613355534949,6.20863008340068,84.23013179325588,2197.392781091401,6.01613355534949,92543.34177643889,21.12861684393582
33.93911406069425,-106.10698018823888,2067.662426882376,4.098738038851963,30.666962528197086,16.349331461141144,370.98142060515187,0.23840813205688127,6.024199085200735,5.93583168898313,82.20056857253898,2200.338715869568,6.024199085200735,90434.54674832441,20.64715679185489
43.86090949360498,-87.51420328081807,417.83482874289837,1.4264960932788282,5.0,11.548907115559139,274.49387980310263,0.16468498988959518,6.155916626724015,7.1716428701334785,82.65483713323927,2248.4485479109467,6.155916626724015,92922.57426502381,21.215199603886713
41.60674513347365,-102.6193897854187,293.4734210256127,4.161662020795966,41.73311758635879,13.374538003188814,606.7807394317166,0.36984031888939756,4.637209338227851,4.209974787779654,82.90701128844933,1693.7407107877227,4.637209338227851,70211.49011449196,16.030020574084922
42.46331744739216,-83.16229526318855,1275.9025139695796,4.19802278055922,39.76067032912473,13.981435975415579,358.2731636624418,0.11644196694176492,4.965331696932401,4.576423619583502,81.15748965960333,1813.5874023045594,4.965331696932401,73593.10042465957,16.802077722525016
24.264750346287535,-99.47408221221787,1902.9642200838844,4.260127615797526,36.14664247578388,23.977418232463066,454.03209331556616,0.27298951425658663,6.267739630294577,5.9353833515205725,85.69121678809789,2289.291899965094,6.267739630294577,98086.1042455727,22.394087727299702
33.987695956314276,-101.73689469709007,1075.7861080419411,2.374055708859695,31.09711309600142,15.916233891191242,445.04618659160747,0.1459022290837067,6.054036526620278,5.947002422054893,84.1651613786345,2211.2368413480567,6.054036526620278,93054.55279922059,21.24533168931977
35.552259639247765,-73.52458456363175,2188.313151871728,8.623179279282484,29.730357462095817,13.863806693795727,600.7649725943793,0.2679970459180146,6.137028290198754,6.087241634480279,82.29672293221651,2241.5495829950946,6.137028290198754,92236.09248528637,21.058468603946658
24.46061464375336,-110.45252860590219,1510.2191540066847,2.3511961831785393,44.034204206612095,23.734988347731743,719.3487304815592,0.33635246416255465,5.67393620257187,5.059792585290872,86.18351228618754,2072.4051979893757,5.67393620257187,89303.57942143813,20.388945073387703
30.235517009880823,-117.49584364018547,209.26105050246264,2.0941175046079374,34.48130117140478,26.606449842217593,390.5664327514754,0.13719715405122448,5.41431536212207,5.190329964078422,82.30542791290571,1977.578686015086,5.41431536212207,81382.72999195674,18.58053196163396
42.246955754931236,-92.43467188398925,2184.589083116247,0.7782945605492515,40.66949368799598,6.821091338004982,811.2084869891888,0.34240175011920915,5.502009758300822,5.036064052005433,84.3758587336123,2009.6090642193753,5.502009758300822,84781.24525618042,19.35644868862567
27.290632937495978,-71.65662213665433,926.9726090774094,1.286848566020381,38.869690714181864,16.720165263963466,541.0596335183984,0.27096456908859134,5.663928990217146,5.255628611722773,82.76209418220569,2068.7500636768127,5.663928990217146,85607.04380473221,19.544987170030183
36.8474431548622,-103.59668245873192,667.9154477677874,0.15139851684314706,55.22169116772371,9.248883078787653,897.7366574556265,0.3385433956909157,4.798373827491725,3.903228369726815,80.97260977000646,1752.6060404913524,4.798373827491725,70956.5424986312,16.200123858134976
29.1648449284137,-120.65001476404579,1249.440244692454,3.5134857148356944,47.18589375275098,17.577256560901994,545.1016627985234,0.31059486581010043,5.474720753790751,4.761357761848443,81.95333916172311,1999.641755322072,5.474720753790751,81938.65948792655,18.707456504092818
24.290898591453438,-105.67751556528336,704.2613224148582,1.0000607202699971,38.47151317670343,28.26013849602036,298.78487494875833,0.055263866658948516,5.903287377679683,5.494186066261722,82.0232089552922,2156.175714697504,5.903287377679683,88428.22559547993,20.18909260170775
29.788834982388995,-96.67969066674385,235.8836403083275,1.2692004861209643,62.33159655173924,18.918942117335583,731.7992026875132,0.40190090658954974,4.59147822013881,3.5064146882100413,85.34744530680906,1677.0374199057003,4.59147822013881,71565.42973643697,16.339139209232183
47.42097011784129,-115.25615764186045,53.07093762022995,5.156282789684372,42.56483352301811,19.196048148945327,270.8743217026829,0.16293060744943083,4.680099727980557,4.221666013028365,84.51979972022886,1709.4064256448985,4.680099727980557,72239.34436798956,16.49300099725789
43.23689068519175,-88.46248022494943,1016.6042087785639,1.3871852956447994,58.48932839822754,9.6597680275634,1030.0595303004764,0.42470519214214286,4.415128947376043,3.490489248386065,84.21030768925687,1612.6258480290996,4.415128947376043,67899.85942508963,15.502251010294435
47.0298394637048,-70.12153299344916,1849.2563577871733,0.9706562581599631,45.92496695095948,8.014580757944325,664.4028292020744,0.2567011016056944,4.833197803338392,4.246086218305711,80.98495856588266,1765.325497669348,4.833197803338392,71482.40614202418,16.32018405069045
35.708497054232694,-99.60606829700203,1280.4776491046646,0.6481824302934487,5.0,18.359954536692037,50.0,0.05,6.657174220432716,7.7556079668041145,85.90512922152014,2431.5328840130496,6.657174220432716,104440.57330375828,23.8448797497165
26.633668768260083,-104.84465793656852,2198.2956927283976,5.21859012879065,58.487025739747935,12.385388843287263,864.0807633544832,0.3532438693848506,4.88346945883011,3.8608261230310443,84.33551954474333,1783.6872198376975,4.88346945883011,75214.09419516551,17.17216762446701
37.15102773536863,-102.3619749909388,666.72028814148,0.48623571438744745,37.43317234416804,18.630374801164372,542.9978164363691,0.22382429710437918,5.322965743331659,4.9927704336323355,83.82087349516175,1944.2132377518885,5.322965743331659,81482.82592460995,18.60338491429451
34.90505602943906,-117.78210636665914,652.9783892341189,2.1163989572233826,34.064814123786,17.367467493680515,539.0007372944032,0.28734495287106376,5.791490759208815,5.56878651756607,85.69863466498335,2115.34199980102,5.791490759208815,90640.96061622145,20.694283245712658
44.26456998575078,-76.30322552298392,393.46133950298,2.474865269122575,40.064270254812385,18.934231444649953,681.8529236810002,0.3825380898863126,5.018715392780074,4.614960282537794,85.87124508535241,1833.085797212922,5.018715392780074,78704.67987747471,17.96910499485724
26.35398193882187,-101.599414601847,402.73671477047066,4.06979507352526,28.790303084772788,25.06829322761635,374.07212788431747,0.16583238265116598,6.095895443177462,6.086555790137803,85.70456808036725,2226.5258106205683,6.095895443177462,95411.7164595127,21.783496908564544
35.71778728852267,-103.08718178305857,663.1511814216028,3.51108156291021,39.08651948700101,18.837270510773852,459.2273422079155,0.14906330152049457,5.2346331910327235,4.849334683639047,83.62937025494507,1911.9497730247022,5.2346331910327235,79947.5777385705,18.252871629810617
27.601167952655622,-88.37672526175439,1754.6060973380834,5.825860019167179,24.346230805824337,23.03984377518246,423.62475271873245,0.1492240116009955,6.684191806954926,6.8818860329682385,82.4947851588237,2441.401057490287,6.684191806954926,100701.4278620931,22.991193575820343
31.79222224536144,-100.13019526971934,1997.3770998683628,0.16024292814858726,57.93690065721866,16.355839059718747,891.3498869895078,0.362241247015064,5.028490369830166,3.9948424147077817,85.48338437571311,1836.6561075804682,5.028490369830166,78501.79000515112,17.922783106198885
41.696569857307196,-88.99539268437631,2146.4374148715146,1.23061101932504,32.9554139548211,5.742949025349031,471.44937617962984,0.144931134810007,5.928176673842716,5.7462533946246515,81.95241833539437,2165.2665301210523,5.928176673842716,88724.41424205415,20.25671558037766
35.424435104850396,-120.68190033293747,549.4227563073732,1.1504162614017346,28.1134908309962,18.968434818089406,611.344290502024,0.19577971760380775,5.592123059365222,5.610048968751401,86.92088510799641,2042.5229474331472,5.592123059365222,88768.9512221414,20.266883840671554
33.02131884349846,-80.05893943899972,1944.7897230702972,0.5524535840768299,18.35133531705307,13.112862764755562,213.13648215257777,0.19366322818222542,6.476557843810218,6.9398950197279,84.04199931779183,2365.562752451682,6.476557843810218,99403.31161386901,22.69482000316644
33.467430685680846,-73.21278654451226,755.7484419462746,1.1946675624464589,39.837964204675544,19.48219227221309,467.7457017019308,0.2100247186731172,5.299764440187027,4.881794545794751,82.40867361645063,1935.7389617783117,5.299764440187027,79760.84015391793,18.210237478063455
35.02672244174368,-88.96666914739316,292.6071707113015,1.2975326517631065,38.36792780225166,30.872976154088818,578.9601319821834,0.19957673164189238,5.08909923217256,4.740111735177634,79.80300670712955,1858.7934945510276,5.08909923217256,74168.65485641222,16.93348284392973
42.840397052089365,-72.45343984162422,1920.553589868356,2.5826600248728884,41.991643046195115,10.60246094806199,520.3892169553818,0.2576590189159614,5.109420210775096,4.6294336052829355,82.0835927639159,1866.215731985604,5.109420210775096,76592.84607695977,17.486951159123233
45.41003253456563,-115.82265502402198,1417.62711448378,3.81417742499842,16.50946602490768,2.3337395066074613,280.6841767631971,0.05803443407765651,5.967294425304171,6.471135398338744,84.21054436008126,2179.554288842349,5.967294425304171,91770.72656288199,20.952220676457074
46.92803247609428,-98.2195257680609,404.1714265742827,1.6793434004048886,6.178738421391685,12.6903323660183,50.0,0.05,5.849319803820619,6.766193845508628,83.99041151991031,2136.464058345481,5.849319803820619,89721.24772896733,20.484303134467428
42.88568127012708,-91.50243636694586,974.1372036529555,4.448764013489106,46.26064344511808,6.101269060194803,607.6247799384645,0.2130248715878146,4.297848688763437,3.7656697061124484,82.14611673973621,1569.7892335708452,4.297848688763437,64476.04481884583,14.720558177818683
31.569765497952304,-92.58622103925592,667.6040439856954,1.434027575390296,61.723553513777134,19.136392277809627,1053.2137911967964,0.5215647437085835,4.797178871885314,3.683922158564557,83.46531632016614,1752.1695829561108,4.797178871885314,73122.69424400269,16.694679051142167
40.51523294607701,-102.32106392919167,1634.1083227269235,1.2001147700503458,16.52563479698187,3.6483626417250115,190.80015148297826,0.06685605982898891,5.981932570457044,6.486332453271643,81.94809692086298,2184.9008713594353,5.981932570457044,89524.23418432049,20.439322873132532
34.502474977329406,-105.74344189422189,1024.8448958421764,2.7269020121848815,63.60994310411057,13.863299896717173,810.6540490558183,0.21568717109479996,4.625181929478368,3.4907653997120858,84.88395270891625,1689.3476997419737,4.625181929478368,71699.25512690708,16.36969295134865
30.11209492910523,-117.15150278227739,2176.9518819787277,0.08400742121958614,40.11039905725485,7.481911753472532,678.6134656722179,0.34325890735553716,5.885228946255068,5.409862564462894,83.91811010083092,2149.5798726196635,5.885228946255068,90194.34021051352,20.5923151165556
44.18091790622214,-102.84590766963697,167.7017118581295,0.29103347617097053,34.87286771808507,18.816719094779298,383.11595302452156,0.14431257888543278,5.355267084962976,5.119045857413068,83.43239624112383,1956.011302782727,5.355267084962976,81597.35503294265,18.62953311254398
24.9222323750958,-115.2163159843038,813.2828221929303,1.8943137570439457,27.844123462175997,22.720738770757755,320.52340545575714,0.05,6.414174325102162,6.446829757410146,82.0678339048987,2342.7771722435646,6.414174325102162,96133.32392393655,21.94824747121839
45.64228781125016,-84.34425346942021,1086.0853592864514,10.02110831197294,10.07867565035006,13.242392918500094,198.7575711558003,0.06698148025007963,6.002651074708334,6.779689877080528,83.54976659966586,2192.468305037219,6.002651074708334,91590.10758151233,20.910983466098706
35.07545915099362,-112.72312948329214,1131.7371427088876,4.47432831290299,52.7791132866428,16.139152114234324,832.7487284003284,0.37302883166371537,4.849435711917652,4.02768043659203,83.37790817798052,1771.2563937779223,4.849435711917652,73841.82648003825,16.858864493159416
39.29283544339873,-120.83747351463518,729.262018129119,0.32288928310124326,21.039085494123142,11.094722959007306,416.59483602583146,0.19378364000407822,6.104153449724434,6.426003495583327,84.4765900518144,2229.5420475118494,6.104153449724434,94172.0547754707,21.500469126819794
39.82449413293878,-94.17222855786935,1617.8665355597711,6.555044404005151,20.963479836723195,14.043730439397635,218.76653449207626,0.18107347166327276,5.872266752381492,6.184998083241925,84.25052696717545,2144.84543130734,5.872266752381492,90352.17892539104,20.628351352829004
45.48282577695687,-91.85759443315231,1930.7062080012956,4.612619224800918,52.85467357796519,15.568095601440739,799.5662973901246,0.2905142307840554,4.778438722013441,3.966186734365823,85.188090153119,1745.3247432154094,4.778438722013441,74340.4407857518,16.97270337574242
39.280072372012974,-76.9166946908527,2068.2464992524056,3.304134675629432,5.0,11.619585250758321,50.0,0.05,6.836805379427595,7.964878267033148,83.27313518474242,2497.143164835929,6.836805379427595,103972.47017051889,23.73800688824632
38.73440603424148,-92.84299292944519,1780.9507601189814,6.007495595306502,7.575239407973001,9.961065086726164,50.0,0.05,6.648887547497808,7.626096652214464,81.20938274670526,2428.5061767235743,6.648887547497808,98608.7438041413,22.51341182742952
25.59964897345656,-105.34403389893393,1878.7474242091887,1.811946280190201,34.67358361685453,11.374152136476823,605.751448865192,0.17528679231780214,6.270844364599753,6.00298471255009,85.48663931489706,2290.4259041700598,6.270844364599753,97900.40657364143,22.351690998548275
36.4417925266849,-80.6373583975787,1233.6723963329903,0.8763567314368259,40.27911972208734,11.80056349828698,508.9522365232641,0.2563398004999911,5.433342912434613,4.988059607293776,82.59595123042772,1984.5284987667424,5.433342912434613,81957.0095497659,18.711646015928288
27.604056019609,-94.82493976787926,1825.6596868176514,2.511207309727036,43.72522366344063,18.26203498337593,639.9735908902669,0.28981914132832054,5.815112999792741,5.198265783942457,82.33962442047711,2123.9700231742986,5.815112999792741,87443.44699426189,19.964257304626003
41.69841044931565,-119.71886462991564,702.5334046680973,2.785779942770815,29.56762711886745,20.01552038166497,429.50472658720815,0.1931442252296127,5.479513003429669,5.441302223166845,83.93532518232936,2001.3921245026866,5.479513003429669,83993.74939374301,19.176655112726714
36.293326099504185,-93.44406974308468,906.729338534811,2.7051397466225975,80.5466540355504,18.177821261436964,1020.5777188638554,0.4465802258562053,3.879413391440964,2.467979691620221,84.45340576943178,1416.955741223812,3.879413391440964,59833.36908545028,13.66058654918956
40.32546670100048,-74.96699854723023,731.3629797098703,2.914026142543759,30.897933942214987,19.396274244824365,529.1803607266419,0.18621817433501311,5.489592027443215,5.400191070096304,83.20374539142797,2005.0734880236341,5.489592027443215,83414.81199431044,19.044477624271792
25.00014961445722,-102.5991182230961,1054.8827712130396,10.395561412285788,30.845849262151003,24.306231793538025,487.86997903800943,0.15299440356659427,6.100510429953323,6.0033845399323456,83.1919609777978,2228.211434540451,6.100510429953323,92684.63935628605,21.16087656536211
26.035008385099278,-107.9984066974108,663.9961749130682,8.138540566134852,20.654239961350207,24.990402917683653,90.5302982718608,0.05,6.468349207564667,6.82682719226965,83.41346052335167,2362.5645480629946,6.468349207564667,98534.84233186138,22.49653934517383
41.19176131350437,-116.25264932102692,2117.464600847061,7.298180224533136,37.23032269737928,6.242490023642703,548.9666288870442,0.28679666549018246,5.434643124641122,5.105237128640968,86.12481052648971,1985.0034012751698,5.434643124641122,85479.02091463082,19.5157581996874
25.73002406396816,-115.8219418154907,722.6159502121865,5.657915123092662,46.069302176841944,23.504103468054,567.6728870591252,0.31693422638064617,5.355354652171147,4.699403420460174,83.9959828686628,1956.0432867055113,5.355354652171147,82149.8892002395,18.755682465808103
25.710161466366205,-100.63033984554178,260.79575693852064,10.052850541685203,56.66440498160228,21.732937339914052,903.0092003836947,0.4160254688335778,4.900192365602908,3.9365654458775374,82.5480557408073,1789.795261536462,4.900192365602908,73872.05950697232,16.865767010724277
24.2906034056373,-91.8332894952774,1182.6569070083888,0.3629125240061397,8.192883240076075,21.22565974425368,50.0,0.05,7.18247152949257,8.207049781076961,82.56332496464555,2623.3977261471614,7.18247152949257,108298.21948770015,24.725620887602773
46.956033559187524,-119.6467681208415,172.76301865712918,1.0781837376807921,30.572083909597385,17.329423929347616,392.36147787140897,0.17697314558308389,5.075302021247556,5.004224510676162,83.62367373062645,1853.75406326067,5.075302021247556,77508.86248146665,17.696087324535767
41.700200627016166,-73.26329619264105,287.66780756344815,2.3915767376135078,43.040664994564594,24.511705909572903,638.7717650227509,0.2667345950590814,5.018006222335562,4.5097591935093755,84.356786901042,1832.826772708064,5.018006222335562,77305.68874592935,17.64970062692451
32.47803380404954,-83.22278465795942,521.6871867719295,6.559978068377389,45.56703562270164,15.53752095684753,643.3725281320105,0.21677471973669962,5.117853250847803,4.508986091265375,84.72597024294927,1869.2958998721601,5.117853250847803,79188.95439391785,18.07966995294928
31.116853950903725,-92.32230841268222,1048.3530372466046,2.462363201251378,35.11787584048171,20.681681059825518,567.946087438141,0.23787657200975257,5.8032103518049665,5.537277477889765,84.18623790577082,2119.622580996764,5.8032103518049665,89221.52543711878,20.370211287013422
32.39287751390039,-79.2643117692945,981.48950446441,4.824624194262729,44.76363145157784,24.44070396291715,474.8486417211608,0.13111225983772568,5.3481602107487145,4.741970744572819,82.73718997362435,1953.4155169759679,5.3481602107487145,80810.05536273315,18.449784329391132
42.591684748348364,-119.66991513214589,1769.337503306001,0.5236497279422369,20.438649927335593,13.022445410068418,451.3325326694361,0.18185136064044638,5.938779757303051,6.276871225578212,83.36408805065882,2169.1393063549394,5.938779757303051,90414.1600645591,20.64250229784454
39.87289466568994,-98.25070060241129,1639.8705058508438,1.018169879993231,63.042297781730426,15.189626642485475,935.1066348230531,0.47143302003942145,4.513358390638156,3.424302683157811,85.10086182279693,1648.5041521805865,4.513358390638156,70144.56203451355,16.014740190528208
28.44469362881923,-89.97497114947018,966.5843320800078,4.605766133505686,52.86730585362973,22.717745814102557,876.1141032509058,0.4061905041603784,5.303645643063792,4.401648577218681,82.28086205932036,1937.15657112905,5.303645643063792,79695.45630818768,18.19530965940358
28.178624048018023,-79.25274306961238,767.4640462876043,0.6300176841980005,10.791299832826898,26.675636906055537,238.50221458290073,0.053219963531048804,6.819111548871427,7.667824317424162,82.63111514796158,2490.6804932252885,6.819111548871427,102903.85331624029,23.49403043749778
26.361495593121536,-81.69264375733954,730.407885732222,1.5150490188665582,15.6481451338984,18.135374881984724,217.91302042907324,0.08717563836333302,6.705808686427922,7.312436150755841,84.89619428682202,2449.2966227177985,6.705808686427922,103967.98097415362,23.73698195756932
39.84726527283212,-109.03826051547642,1714.0894376821193,1.076959919573999,16.15540849807569,5.954576774933962,97.75589788194361,0.05,6.195248219539938,6.733690503312418,85.31292213995276,2262.8144121869623,6.195248219539938,96523.65488203465,22.037364128318412
42.34494389332166,-73.19247084380297,161.95567337572993,1.5069955621253532,47.20345947613751,18.109660319265576,604.4931145410551,0.24874644264991244,4.977499232808612,4.328312796071627,83.71062694336293,1818.0315947833456,4.977499232808612,76094.2823010779,17.373123813031484
30.3611142798001,-117.285324562733,77.56654644780252,4.312391475233023,11.874900204485591,15.305017427564104,325.20493614905604,0.1875574475550015,6.3545895158002725,7.097286604576136,83.38318978414378,2321.0138206460497,6.3545895158002725,96766.76794927509,22.092869394811665
24.50267906474191,-76.74278459445779,1760.4204426422932,1.605184392264005,29.04156198425455,23.09427542436672,545.125645945202,0.259786082725996,6.222267619077696,6.201790547698781,82.0168230878344,2272.6832478681285,6.222267619077696,93199.12993754259,21.278340168388716
25.972120019434257,-71.5692265213506,1075.864708376456,2.835955178554664,43.18467913550194,25.816083231354067,542.6255098866582,0.35030116649004106,5.789226289264903,5.197030388904862,84.462026591549,2114.514902154006,5.789226289264903,89298.10694697915,20.38769564999524
47.22864083628073,-114.43370974597822,331.39444789018836,0.3684968922619823,33.80901317816417,13.356737163884624,191.4957558740805,0.13941376840624545,4.971844095616624,4.789560916900587,85.97816952772018,1815.966055923972,4.971844095616624,78066.71870640833,17.823451759453956
31.090674659458088,-85.0084325329956,556.4667593781777,5.721962606750496,39.659975282828704,19.743780219710935,533.9706805290899,0.23268780260767202,5.435117195198608,5.013244338892351,87.84773108789953,1985.1765555462916,5.435117195198608,87196.62810681664,19.907905960460422
42.46135554811521,-121.82458198598809,2054.883499159372,1.6165054168746478,15.81555119572235,8.328582606948608,192.64742792720125,0.11412726034299851,6.205196185288985,6.759265236711209,84.57966927527707,2266.4479066768017,6.205196185288985,95847.70718818395,21.883038170818253
38.99192565250233,-102.10716744248563,1897.9313975935306,3.6597496362103903,45.707378721150405,11.172059070164776,614.9260408920674,0.24609702499586128,5.5313437165907695,4.8678499052714335,83.92368052253403,2020.3232924847787,5.5313437165907695,84776.48327536331,19.355361478393448
33.1665513516695,-96.1207018433256,1576.037857981541,4.523406717013907,23.96218593543206,15.703558278618166,388.324523279189,0.10542667234533727,6.313677531400486,6.517386433074135,82.62028408027363,2306.0707183440272,6.313677531400486,95264.10892939211,21.74979655922194
28.93649429269332,-92.64515780087976,1086.784245225252,0.8235262458135255,29.15684586083706,21.777584769674956,495.81709998388516,0.27187928724099486,6.192701784784988,6.167324581934239,81.18171462938527,2261.8843268927167,6.192701784784988,91811.82397524186,20.961603647315492
26.913274035825754,-73.45938859457779,1168.6957963114794,7.560003216732927,39.27917110230775,19.355042290287106,648.9383501422609,0.3208405530725244,5.828693252066312,5.3918082256241195,84.26543887460974,2128.9302103172204,5.828693252066312,89697.6192528979,20.47890850522783
38.7603112329328,-87.69846288611349,2146.775750860511,3.3519390993967195,36.85540798755527,13.59675440478886,560.5466258393104,0.2215083833700145,5.701393885655548,5.37078227851154,87.52550868023145,2082.4341167356893,5.701393885655548,91133.05268017984,20.80663303200453
42.591210735306916,-98.0109906341612,2126.4064543512172,1.959596877654445,35.43164034228067,9.985714005857016,315.96589459966583,0.145349242929761,5.765907613886388,5.4890201829093845,85.90621834448537,2105.9977559720032,5.765907613886388,90459.15152876356,20.652774321635516
39.453702084987135,-80.27754804164198,512.8284484395438,0.7045597518031876,21.4887172044184,15.25383803606753,266.722067592528,0.1731811541994603,5.760270147717157,6.045858463683156,85.67484640367068,2103.9386714536918,5.760270147717157,90127.31125976899,20.577011703143604
36.7272511979798,-72.67122766846191,1793.874817556434,9.983800261354984,29.60811059841454,17.843813544343313,644.9225267327225,0.3110352907822687,5.722507558259222,5.680980613114651,84.36840422558687,2090.145885654181,5.722507558259222,88171.1364856596,20.130396457913154
25.00682936235927,-122.80842797115629,474.0717322590861,4.923714219914707,35.03930463506665,18.94354018115295,527.971938371181,0.1468332450921738,6.016499895181297,5.7441020655688275,84.53928474042048,2197.5265867149687,6.016499895181297,92888.66291947055,21.20745728755035
47.24373066226521,-70.94385129817391,509.1055774504955,0.8162871542025314,10.248465802992474,13.826130071442272,180.26047808628115,0.0872895336104417,5.907337211429447,6.66501664992878,80.36437902258304,2157.6549164746057,5.907337211429447,86699.29875375248,19.79436044606221
43.16914059970979,-119.34886449056125,1503.60002345384,1.4421852279432745,26.67440660635918,14.923556217163265,409.3902864664143,0.1621977097532544,5.720407602693955,5.796369774794178,85.14376587114599,2089.378876883967,5.720407602693955,88948.79295476324,20.30794359697791
31.027728880823155,-80.02311391948689,920.7523619632291,5.806563852829954,41.97823782259124,16.541467774164857,629.2332917668763,0.3178305731931325,5.548305100889054,5.027609623804946,83.13098914563626,2026.5184380997268,5.548305100889054,84233.24114055008,19.231333593732895
47.51928790461241,-108.86192336222372,2052.8204752790184,4.163837373310286,12.006141130783831,7.590440653597929,50.0,0.0723854702724664,6.1370271606774445,6.848658493311105,82.94740898010616,2241.5491704374367,6.1370271606774445,92965.34789464588,21.2249652727502
38.44515815127173,-116.86229848129092,241.370930026419,5.080294667853702,55.818469728696314,21.666182569791822,757.5061445106415,0.3815579516216695,4.538345612929993,3.6727501850201296,83.51511457042709,1657.6307351226799,4.538345612929993,69218.61037961594,15.803335703108662
37.97814379697392,-100.24779545545292,1149.78012774041,2.036879684228773,57.85303872679717,11.718839180734731,806.1532589956914,0.2800024743121943,4.644110634541519,3.6922013747081954,83.46449326582346,1696.26140926629,4.644110634541519,70788.79948539124,16.16182636652768
41.95375630630877,-89.22634470982888,2024.8212904527106,4.41160800381771,12.58728963271846,8.70679233152136,304.37159478339964,0.08761592112360456,6.335987778428443,7.044914941179029,82.9235466120425,2314.219536070989,6.335987778428443,95951.645784941,21.90676844405046
43.482474914163305,-103.42860036873235,1993.844370030936,1.7099767412099818,59.43715339490251,7.837649117634992,836.8874369908647,0.4044072205529656,4.766355148828331,3.736536103785547,84.02080810826395,1740.911218109548,4.766355148828331,73136.38369515318,16.697804496610317
39.75548657595606,-121.05346795273425,386.5378088438436,0.83062784604667,32.41553140318158,15.970390589271382,289.166300984348,0.09090366797635607,5.147289033201937,5.008782074763258,83.16258360568791,1880.0473193770074,5.147289033201937,78174.79619016992,17.848126984057057
27.0742979127888,-91.6290984584293,838.2710552073814,3.505298313498373,42.533262064826985,30.83191007141123,638.474584524753,0.18995942783959835,5.9437687351714255,5.36286736934531,81.81772040506972,2170.9615305213633,5.9437687351714255,88811.56175717957,20.27661227332867
32.118420143867965,-75.27022309002356,1381.111010100397,13.055986476112153,26.060281061691562,13.588730470975529,284.46147003940735,0.14515543689712299,6.304041832034422,6.41485448466896,81.76923327817495,2302.5512791505726,6.304041832034422,94138.92633991165,21.492905557057455
46.27400736782519,-103.30637023884842,392.69900225851467,1.3017726188072871,51.61480689008171,19.232922849457623,600.9287323530021,0.22302604980045226,4.169801191919511,3.4971970472667064,83.67891334405198,1523.0198853486015,4.169801191919511,63722.32450367679,14.548475914081461
29.390774684252445,-112.31803000793533,2131.2476698983382,2.162941530660132,42.309692339276005,12.54670897507014,508.91978807820595,0.30153945021467254,5.773030311513772,5.21785041939829,82.35555661547062,2108.5993212804055,5.773030311513772,86827.4353915257,19.82361538619308
32.932008572100315,-100.10082331962798,2016.7110567644697,3.9230173617600728,20.345241381243135,8.75049610319138,339.0838023038554,0.1560941453260296,6.506560214936734,6.8812294909827125,83.0378260222532,2376.521118505642,6.506560214936734,98670.57358834104,22.527528216516217
34.369845190660705,-121.38841360336583,408.94288492410874,2.7293304109616874,14.026364000624806,20.900112212202412,322.24521998475416,0.1422818059923975,6.334236356973125,6.979159494705472,84.21509826455029,2313.5798293844337,6.334236356973125,97419.17633724581,22.24182108156297
34.545719752666855,-79.69367043806517,310.48424171111867,6.489833021450646,8.714556166233994,23.498378440294328,170.2967808450346,0.05249479743797657,6.28914840502551,7.163328126936981,81.59400357786755,2297.1114549355675,6.28914840502551,93715.26013638663,21.39617811333028
38.71054997986862,-79.37759620868991,233.6282380377704,5.02041443395367,38.38295197578962,23.094149619132985,600.5636500227567,0.32977662087249726,5.155236179535178,4.801171136521551,82.7663889340918,1882.9500145752238,5.155236179535178,77922.4866248934,17.790522060477944
46.633820105872985,-92.24797497480006,2005.3038776787569,0.21022945029073525,45.30448541203525,13.23732200658365,681.5673230522935,0.30191410759961335,4.9829644608637835,4.399302867955287,84.8534465772545,1820.027769330497,4.9829644608637835,77217.8145470025,17.629638024429795
29.776625083980118,-104.93244399732697,466.2911910602407,22.5788909551407,46.71738221802995,34.05004791664814,664.176068738466,0.2563150527332172,5.126958553507786,4.475723687687795,78.26021407054203,1872.621611668719,5.126958553507786,73275.88410115869,16.729653904374132
26.916033031222035,-80.8116983199277,945.0125963703626,4.885827268821814,32.8763402970672,22.164778969120658,529.9618276552166,0.1811132428594012,5.878431433349188,5.701288534508675,86.66680071041822,2147.097081030791,5.878431433349188,93041.0174138081,21.242241418677647
28.739291756638494,-94.04690066142817,1015.0304361518065,6.98036407677178,14.174063798041448,17.339797833452092,50.0,0.05,6.837058788325685,7.526108193794003,85.80661193419597,2497.235722435956,6.837058788325685,107139.6682716368,24.461111477542648
45.286197605022465,-79.39965533829913,1337.8737450591702,3.6863750966320357,22.722653635571906,12.743339659623604,329.22598602849,0.08829515232079721,5.458149020220481,5.681613416519935,83.25820937332158,1993.5889296355306,5.458149020220481,82991.32225396553,18.9477904689419
39.49945950372494,-89.90122520051688,204.23098905696367,6.789733993660123,55.742275501314666,18.139236476412993,675.8993535561801,0.3330686027323556,4.565094082497024,3.696831774744635,82.8191854683224,1667.400613632038,4.565094082497024,69046.38033519316,15.764013775158256
30.861762941739844,-81.64210444650894,537.5310274111093,0.41725217481490906,26.276685837198535,25.128416058570444,484.1638589751934,0.11131783853845224,6.1211711385066385,6.219496729472105,84.25154343157504,2235.7577583395496,6.1211711385066385,94183.0209396127,21.502972817263174
43.58272653524681,-91.67759836624097,2052.704331875691,1.4955804681042901,37.58151735226657,2.9355942142975913,511.42571241004595,0.2061183454208656,5.384547813133532,5.04494103624653,81.82880661445925,1966.7060887470225,5.384547813133532,80466.60610177982,18.371371256114113
44.672879912722465,-101.63638231635403,2003.0817306274246,7.318059682340893,15.638291295652024,17.355133555739513,222.03088696591135,0.12301954682352645,6.185520659698503,6.745507974396732,80.99678591275135,2259.2614209548783,6.185520659698503,91496.45681701034,20.88960201301606
44.31634412856667,-72.27092356398857,1729.7748919222383,0.7882514806754404,41.05849481826263,12.832963061635859,424.3117400302965,0.19390252935143973,5.357639094485382,4.889330734389113,83.31099731392115,1956.8776792607857,5.357639094485382,81514.71554028378,18.610665648466618
46.054236807349305,-94.77985345654238,91.71267807916318,0.2851543439865856,26.7616778897766,10.081013975112338,476.34657935815756,0.1626135927484489,5.110046125157221,5.174781491365155,83.79892685024672,1866.444347213675,5.110046125157221,78203.01666110761,17.85457001395151
30.05378448416068,-91.32516599881092,753.0645522666196,5.431055697297956,53.84082884796375,17.874358611534706,816.5044158988735,0.37322310862652475,4.9219144511443025,4.051297666394504,84.1416408365303,1797.7292532804565,4.9219144511443025,75631.94457542399,17.26756725466301
42.12100628991068,-112.09366747160354,1400.1112809872518,6.31666193233201,48.924038711722645,15.30931494105969,740.6313301981673,0.2642944181632743,4.827749109416597,4.1399480410628415,83.07788907582318,1763.3353622144123,4.827749109416597,73247.08981276272,16.72307986592756
35.052947934579365,-90.21485737092706,641.6589553129727,0.6213052470260053,26.077292961651807,23.72325487756024,283.77981624624306,0.11712235727776078,6.029855769665063,6.13513071564364,85.91092009421241,2202.4048198701644,6.029855769665063,94605.31224748699,21.599386357873744
44.20796526936148,-93.13318692792103,2005.6113943656212,6.742824251277099,32.72004750774206,2.989408148031373,380.7166806145758,0.19122402885509102,5.756339232072874,5.589173226478722,81.75729051227417,2102.5029045146175,5.756339232072874,85947.47038365091,19.622710133253634
41.483776251878716,-114.01872651086066,1412.86234293975,4.062836737356823,25.079907679268683,15.120092373687623,373.4786529543521,0.17876174437230238,5.603211488478322,5.740157598304808,82.29260679756285,2046.572996166707,5.603211488478322,84208.91342802848,19.22577932146769
42.63473871599339,-120.78229674293024,204.59944223035805,2.569495063167573,9.450202462189825,10.002010876003489,62.85299344585245,0.05,6.14452230010964,6.966957901745232,84.72995393421722,2244.286770115046,6.14452230010964,95079.15732351049,21.707570165185043
39.747884104345715,-91.36459673540236,2004.3620159967616,6.207003768777835,19.5660362681501,9.734298611176435,317.41380402183523,0.19213047750398285,6.376339594587927,6.77828967114527,82.25752892154429,2328.9580369232403,6.376339594587927,95787.16653963823,21.869216104940232
28.258290467272964,-82.7606174550827,2109.1983150788783,1.902017651541988,38.567911898974764,19.1859650827456,323.85950630897446,0.13927618953634938,6.235193887534561,5.798883805349261,82.19951932170402,2277.4045674219983,6.235193887534561,93600.78037157077,21.37004118072392
37.08064605352652,-95.73632597021155,217.0816995422098,0.7548241330751968,40.854670968132474,18.022237857790095,523.2109379131954,0.25515432801078897,5.179284862907929,4.733955983019188,84.18503218831074,1891.7337961771211,5.179284862907929,79627.8352614431,18.179871064256417
47.6320737485882,-111.75427823273913,1194.574504951827,1.1734334878503736,37.6738622646675,4.565005091824118,707.1094182479942,0.37108397460365994,5.0413292279079265,4.720110672748191,82.41971606952595,1841.34550049337,5.0413292279079265,75881.58666828136,17.324563166274284
46.497313595930855,-88.0078132585761,702.2332067604665,2.4623512249333244,29.568805028744556,14.149902033539018,457.91185320200026,0.2466726329395638,5.427800873887784,5.38990594824148,83.80037335811896,1982.504269187513,5.427800873887784,83067.29897098918,18.965136751367393
25.03616965912828,-119.67429076308147,894.6040144350151,2.652503259894555,51.79519890297773,19.841828114675288,741.8121510947875,0.365094866606047,5.4083261671347715,4.529114093649253,82.95021516051337,1975.3911325459753,5.4083261671347715,81929.55973542942,18.705378935029547
27.95555557750649,-100.14097994069445,436.2501186039851,5.73208566840643,36.14375428209687,25.756982861365497,704.5352135164919,0.30319033545767854,6.0505712977389114,5.72985302152421,82.40471130039468,2209.9711664991373,6.0505712977389114,91056.01797877895,20.789045200634465
27.161490562909485,-115.17819504648531,1292.855019326687,5.484885440017805,47.65856890572705,15.771748421185055,433.6246028000351,0.22037367387887347,5.625144766975832,4.8735692739997445,80.84654191298259,2054.584126137923,5.625144766975832,83053.01083377913,18.961874619584275
41.42351783964709,-114.0392112427663,2109.655609485115,3.0476585305296933,5.0,5.720591366120832,50.0,0.05,6.786527917138407,7.906305023466245,84.209344729232,2478.7793217348035,6.786527917138407,104368.19120582899,23.82835415658196
43.62684791656668,-113.076126745457,1131.6060905839595,5.3119657520251975,5.0,4.625878701120222,50.0,0.05,6.194040096088846,7.216056711943506,82.12921501183061,2262.373145096451,6.194040096088846,92903.46523530893,21.21083681171437
29.124272791456125,-103.1178189196252,228.2663499981345,0.7451951022578858,40.10818450108544,24.43252433806,647.3497063157351,0.2848662339234751,5.376660155049173,4.942455643570579,83.74763669470423,1963.8251216317103,5.376660155049173,82232.8564091729,18.774624750952718
36.140464630843894,-121.23788889649853,1383.002866976428,0.17976426982688531,9.354218233013189,14.17815682813171,218.52469158500827,0.10387000401401006,6.4273353462341,7.291943533082889,83.23184265247716,2347.5842352120053,6.4273353462341,97696.88083930078,22.30522393591342
44.1768726722688,-102.5191541898287,781.4794380702026,7.239999960240909,31.17586935116499,9.459471424167745,349.8615000180473,0.1749620930836107,5.284873815248357,5.188524829086998,83.69023791195018,1930.3001610194624,5.284873815248357,80773.63985859726,18.441470287350974
41.58723707439002,-96.36779785580616,1890.2391576212904,0.2749641087544212,29.562253261557096,10.60974238348641,513.6669778760543,0.20762805868768616,5.900839724644835,5.859912840803149,83.77548693898011,2155.281709426526,5.900839724644835,90279.88734894231,20.611846426699156
37.01369293180436,-97.90210861181843,984.5580188804109,0.9914672769467058,63.573210843479664,20.52932928886254,849.6934750765446,0.3159661701103677,4.447485196470893,3.3577958369355807,84.2904423763774,1624.4439680109938,4.447485196470893,68462.55033964226,15.630719255626085
38.16834457101055,-103.32965857823581,464.60515922582806,4.159714251041986,42.19993795298492,17.63894737324031,711.9630939067056,0.3294765932865553,5.240826603261944,4.740854021554285,82.90836104776284,1914.211916841425,5.240826603261944,79352.0863617095,18.116914694454227
36.20065312599072,-78.68608316417937,460.87708878596163,1.8434411822363987,37.98546248237611,20.477988448662263,428.5322049410598,0.11289147102949583,5.369343649924623,5.015513367525174,85.86404471891005,1961.1527681349687,5.369343649924623,84196.25449187758,19.222889153396707
31.141162831651695,-116.15235860929278,1702.8429885504947,7.3150312892900775,50.06584078340613,16.565506781344922,688.5906110610697,0.3598537114016025,5.2663044632313225,4.473931630466024,81.22889990871663,1923.5177051952405,5.2663044632313225,78122.61357397425,17.83621314474298
37.56052782861639,-96.6923758358058,621.0133363608238,1.2382758249335442,41.632956563102695,13.175376486602666,533.8446603457817,0.21086437208382605,5.181169347519467,4.707451428283861,83.66011332220916,1892.4221041814853,5.181169347519467,79160.12384463828,18.073087635762164
40.53324724920218,-120.64976348434607,1699.5517974423294,0.04179830826473867,26.761814126208204,19.488623033477758,480.2684349234862,0.21238825648759432,5.935239270795277,6.010422733837169,85.25434646461629,2167.846143657975,5.935239270795277,92409.15310669968,21.09798016134696
44.95974998065938,-120.15759334059287,492.6577181481887,1.2516420427791033,54.286566744582075,13.421424597473198,707.733812767532,0.32281699631721694,4.433839905072195,3.6357222644961813,84.7151588295039,1619.4600253276192,4.433839905072195,68596.40663183083,15.661280052929413
39.27099249550196,-93.0112441174368,741.6256927078152,3.020247378512166,15.024497698011064,19.244389720926126,206.09811487097932,0.11540861677178427,6.125677486699489,6.706566392955663,82.5377466352071,2237.4037020169885,6.125677486699489,92335.1299388763,21.081079894720617
42.26691688903579,-93.43500505605766,1050.7969907453537,1.65027155342833,40.81844937560412,16.802763555123324,622.1394310247625,0.18877554792939763,4.998734599399471,4.570197352965689,82.78763176051797,1825.787812430657,4.998734599399471,75576.32454417544,17.254868617391654
27.841719238909754,-76.58619030639932,2077.871076840919,2.679054935545744,7.143743705546399,14.523490449823008,154.53826018026155,0.10559527076898884,7.265015296697592,8.354722504961737,82.4898111610101,2653.5468371187953,7.265015296697592,109445.28875041252,24.987508847126147
35.07737938607496,-93.87482151435606,2053.222563220723,7.323081231123875,38.67098943528791,14.376246560401194,630.089112841348,0.2776948217693754,6.052799598329635,5.62488527274912,84.89884144599658,2210.785053289899,6.052799598329635,93846.54485521912,21.426151793429025
24.22395887585024,-72.17128489813808,494.77453215791877,8.525809919931294,38.473813551912734,25.608622732343353,559.745867411245,0.20146437552675495,5.968831123320002,5.555091477653729,82.6466653142894,2180.115567792631,5.968831123320002,90089.64083891478,20.568411150437164
29.920292748518953,-121.37047818640379,820.1709386726066,1.0822382085660558,65.17618931446393,14.764454540893814,870.6417588745118,0.3252840519837508,4.364374508627241,3.2460763158581227,84.38268463218517,1594.0877892761,4.364374508627241,67256.7035992512,15.355411780650957
41.435081162712116,-118.70758502183998,371.20868517561047,2.1705524947601713,6.830469918047971,16.169079245901145,60.65670431679656,0.05,5.835930630311067,6.724081716074198,84.39645212111392,2131.573662721117,5.835930630311067,89948.6272842351,20.53621627493952
47.80343883238472,-121.62044347519941,1146.4679205240188,2.7881256015715565,24.184030834631372,8.305909313390535,341.14366320560043,0.07720610867180892,5.511813856486093,5.681091493963255,87.55259020235306,2013.1900110815454,5.511813856486093,88130.00001984657,20.121004570741228
26.38027439009318,-113.99505008198884,1040.2524839935331,10.423479912846325,49.80828367833459,19.080633939105894,722.2752191041226,0.38706137750940234,5.501095157891851,4.68331343230969,84.46987688970256,2009.2750064199986,5.501095157891851,84861.6062149268,19.374795939481004
33.635863580670915,-94.77141400914938,1986.6343492690746,23.043058604241917,41.03571061515154,7.714676931006166,559.782783827278,0.30755039285186636,5.58243339513347,5.0953662248427785,82.7832839778743,2038.9837975725,5.58243339513347,84396.8873703644,19.26869574665854
43.20170324877983,-89.13910220291888,2049.511562250806,0.9394417841611722,38.24549092407506,12.817410593779169,537.3572150336055,0.24648384964613257,5.560050182279174,5.183532277248689,81.8097746069004,2030.8083290774684,5.560050182279174,83069.98583582185,18.965750190826906
28.89685523109357,-121.53840147077189,874.6698906656779,4.543734143134162,17.789557346746292,27.03103631113315,97.32841679723757,0.05,6.518554885839536,7.010530421290553,82.77380640359011,2380.9021720528904,6.518554885839536,98538.16772769658,22.497298567967256
37.32203878325487,-72.91757194833764,1107.2365774908274,1.6620279437007026,24.365269734354275,19.580911564074807,407.84930472642765,0.1600818109058084,5.916880203596647,6.091091569290523,83.82137123635903,2161.1404943636753,5.916880203596647,90574.87983599305,20.679196309587454
41.5937111047122,-78.52306966087943,1976.9079356641862,0.028494364806304465,57.41073814801862,14.48040722114715,821.8615629612037,0.38034560320919997,4.839024242779261,3.8621454154763133,80.68395070891417,1767.453604675125,4.839024242779261,71302.56975995023,16.27912551597037
38.783650806244296,-107.98292596351698,1784.421786651882,0.03253457515388182,34.072834512429296,10.24670885589803,577.2067245281189,0.3283941468618138,5.600475841132569,5.384802403678705,82.92921875956047,2045.5738009736708,5.600475841132569,84818.9186148856,19.365049912074337
28.512593630769988,-119.83187336777073,57.861069390995944,2.1603219794878594,41.75647453060052,22.33500017925438,584.6066941691157,0.21506628559062774,5.341607535878131,4.848602149883244,84.44602881424133,1951.0221524794874,5.341607535878131,82378.03645275296,18.807770879623963
32.52922964845774,-114.82609804617091,738.1280629947024,2.3452974822851123,32.92661008202338,16.556858155973657,287.13278329614866,0.06375935757556239,5.825943349236949,5.648332063942362,83.20146649460074,2127.9258083087957,5.825943349236949,88523.27392150024,20.21079313276261
42.81100282764953,-117.14500165723148,956.8146201626706,0.07989901677463541,13.704460725504227,16.527235318573247,156.0178312263917,0.14238946835742677,6.041388648242441,6.670108563689509,85.45293567855875,2206.6172037705514,6.041388648242441,94280.95899050306,21.525333102854578
37.3014363391684,-117.34267591785687,543.8900099189482,4.0646207701252015,51.80858766934994,19.40315581035608,705.3272350590574,0.20452941856205137,5.072003451332467,4.246990793325735,81.66246533291923,1852.5492605991835,5.072003451332467,75641.86988560298,17.269833307215293
24.125510725029905,-95.99766881205036,479.07897417626833,1.2185069442349263,44.05818292158493,24.4392384564615,691.1048914455489,0.23753383102301304,5.663473447452483,5.049511693107174,85.01532423022982,2068.5836766820194,5.663473447452483,87930.65598524138,20.075492234073376
42.263778240674256,-110.72423810535639,131.23668918071127,2.872581706830493,76.5014630726094,23.5057105225744,863.9931285651921,0.34765424227662073,3.7544804878345173,2.4948138326230866,85.37083461228893,1371.3239981815575,3.7544804878345173,58535.53712431027,13.364277882262618
24.847472518565738,-104.6604553074262,1433.2449088999851,1.2529606890254457,16.71953516629019,21.272178237406866,238.19144402295615,0.05,6.8821300498276425,7.45309395208364,85.4347447137623,2513.6980006995464,6.8821300498276425,107378.57348863022,24.51565604763247
41.897610785549574,-70.56671199724659,614.3971245388061,0.6400901225471994,49.80631258160865,12.719458973726324,748.6558977218517,0.36754741052443474,4.837771325945983,4.118664735126317,81.65121542301843,1766.9959768017704,4.837771325945983,72138.68457672412,16.470019309754363
28.8595334439657,-87.04703055803138,162.54643362732315,1.829988668803114,11.392208611333977,21.476842465536038,93.3421320305237,0.08173781853797321,6.5166114277865335,7.300263535573409,84.47182919378608,2380.1923239990315,6.5166114277865335,100529.59972060347,22.95196340653047
46.99376352286512,-72.75504397946193,546.6055176353368,0.9251254352728657,37.8322382181154,16.847752023550594,537.1141360353004,0.1950578953206093,4.956312956672099,4.635016660784064,82.99686882221773,1810.2933074244843,4.956312956672099,75124.3380830243,17.151675361421074
32.83057803125003,-116.30194602821176,1774.114998597672,2.678514854183155,52.57711860313697,18.522596303567518,673.3760095289331,0.3445540432626095,5.042467228619118,4.19513189162217,81.89078633702565,1841.7611552531328,5.042467228619118,75411.6346243339,17.217268179071667
31.846358792113897,-103.36446835904127,1880.7017405400752,0.7758809984395372,5.0,16.47235076987225,50.0,0.09329795475352465,7.322029511800485,8.5,83.37919841253944,2674.371279185127,7.322029511800485,111493.46675798681,25.45512939680064
27.57331320797867,-94.04448262275287,1088.5924271656006,2.48535720615006,31.31121546365106,27.73660191206992,397.51503147798314,0.15997273070132315,6.124923274785148,6.007456383256275,81.5478922473208,2237.1282261152755,6.124923274785148,91216.54576334423,20.825695379758958
31.334501171765158,-119.85506465800815,944.5519413786752,0.5993310090233208,24.862224787232833,25.716743428737974,277.0019477745586,0.09288406936099904,6.438339516965338,6.605507310067192,85.0944283307506,2351.60350857159,6.438339516965338,100054.1781112434,22.843419660101233
45.03961828387681,-123.77387804409028,2152.385441028831,3.8906723110755608,22.364768630687806,8.734387906514332,381.46859202326254,0.27192534806348334,6.309527151881716,6.583654777811918,84.76959501452035,2304.554792224797,6.309527151881716,97678.08821283406,22.300933381925585
47.91202410305394,-87.79654597496645,481.21401811435027,4.907596609474679,41.93382774066838,10.679196425127968,513.5784006858195,0.2500490913899659,4.837775671698606,4.385265644383288,82.27133329783669,1766.9975640879159,4.837775671698606,72686.62276577123,16.595119352915805
32.839428732164365,-89.34174609272249,513.0224581374082,0.40941905978058785,55.17234271560672,15.417194732911923,682.1217973137013,0.29703364819581823,4.822324100551327,3.9243764949321585,82.9136680292536,1761.3538777263723,4.822324100551327,73020.15534992148,16.67126834473093
34.76665514290902,-101.81740426002096,677.5144306282594,2.207591584274148,32.6009831258752,17.417906052490782,633.2066304462062,0.33201339335123325,5.488559883142353,5.333744722821067,83.42895386157507,2004.6964973177446,5.488559883142353,83624.86579059163,19.092435112007223
41.32970251686569,-97.55921989427024,421.4282343043377,0.25727955721662454,38.69875569608036,20.307346481553378,637.8565809275286,0.28087010713662136,5.215244606227636,4.845529189091234,83.89139227902315,1904.8680924246441,5.215244606227636,79901.01819069518,18.242241596049126
45.26869873116179,-101.56607796802716,865.6360361390011,3.1911499830476298,37.05755755506646,20.607493707529937,332.6544697050104,0.11332499974779493,5.117362133545521,4.81337596769676,85.50956741220567,1869.1165192775015,5.117362133545521,79913.67250321337,18.245130708496202
38.23306402048282,-122.703727578376,2008.2935880279706,1.0747612015797023,35.03246311441546,12.423441388286076,413.97765461656303,0.17649867744794562,5.80069207636519,5.53834277321481,85.03617348972095,2118.702780892386,5.80069207636519,90083.18862455957,20.566938042136886
33.3966167562679,-105.88993326425702,1372.9978573514347,2.624933386114351,15.391832521182089,20.781424349847214,239.7319524688203,0.1518210278946619,6.793483795561906,7.420231400957714,84.07708795346225,2481.3199563289863,6.793483795561906,104311.07810447665,23.81531463572526
33.902924180366966,-114.43755820854635,935.6850795163668,2.550427431656222,54.95200283101207,17.08402877650182,801.7035463573183,0.23443386599808858,4.747844246155563,3.871088242195061,83.6090267251576,1734.1501109083194,4.747844246155563,72495.30148418435,16.551438695019257
40.694835515923366,-118.68509378852609,2058.9832083281117,9.035933521080308,40.31351662685905,11.883484477104126,415.33994620233733,0.1586567739456795,5.290819591105983,4.85594270443684,81.3399689480888,1932.4718556514601,5.290819591105983,78593.60036587264,17.94374437577001
24.077238326502687,-72.3370965699751,154.198099823018,2.7876536991948324,42.1078668200464,29.687679571867392,705.3666847628817,0.36305565524694766,5.529619377898319,5.005659919167351,84.06292461044212,2019.693477777361,5.529619377898319,84890.67027929999,19.381431570616435
38.870144099036175,-91.63457484772306,502.09378248900197,3.0613289400069124,20.48282667753952,10.079589139578598,369.2820154037159,0.12827408636353907,5.9806943056694735,6.3193224926827405,83.32935510320151,2184.448595145775,5.9806943056694735,91014.34634479598,20.779531128948854
32.53183225059258,-84.65256065122345,1266.660500968782,1.7975462258231925,26.73403283619367,15.373617772883385,422.46662291074523,0.25333318756771434,6.181908960525432,6.26141925264319,86.33226036063938,2257.942247831914,6.181908960525432,97466.62900955607,22.252655025012803
43.06073595065002,-106.97035786362966,1373.4381398653352,10.421220993294906,31.829584441205988,15.554279659992293,581.2870312480959,0.31294012065469723,5.35261012515645,5.23053265847109,84.29416393819776,1955.0408482133932,5.35261012515645,82399.26688258648,18.812618009722943
26.231775355755172,-102.77005500732318,135.04863910961825,5.254961354436656,7.385755517920671,26.61833123690834,148.6295765079812,0.058652534437211266,6.95196354444615,7.982937731573943,86.39059381816884,2539.204684608956,6.95196354444615,109681.7002646219,25.0414840786808
38.11685440676138,-111.20610432957693,916.5333295003342,1.1761390780538563,5.0,11.478688676851977,114.85808792518472,0.05,6.397293174154731,7.452846547890262,84.90948230004946,2336.6113318600155,6.397293174154731,99200.22926233149,22.648454169482076
35.54334935726697,-118.76385376786706,1445.6810243863763,6.507352857605378,24.18653724850578,5.056598164388555,494.37944866130516,0.19162349323472877,5.988169923464774,6.171972243827889,81.85197055316867,2187.179064545509,5.988169923464774,89512.458192843,20.436634290603426
39.41581262172546,-114.33229157815447,1550.8516747673134,1.982161723766086,44.405373795963015,11.045502965178953,731.7971912162532,0.43814622094017724,5.1886538540014975,4.6135558276081925,83.07837677960818,1895.155820174047,5.1886538540014975,78723.23464224342,17.97334124252133
25.55648626759124,-80.93424155398976,1422.000790409979,6.174514799141354,23.243526981261063,19.103234455958532,241.25863184650177,0.1942456522827046,6.5001872617227034,6.7426137680595355,83.74629755899204,2374.1933973442174,6.5001872617227034,99414.95335829153,22.697477935682997
37.91961089827515,-87.41252652007611,739.2109323759878,6.058406773143514,16.661506443367156,13.704428634582863,296.58060807433174,0.1298448019546418,6.237864843399064,6.757912235110848,82.6893256693375,2278.3801340515083,6.237864843399064,94198.85845156702,21.50658868757238
37.475630111028565,-94.46584069678426,251.06826573550543,0.7326451021121158,20.335658241721937,20.452964869471597,218.2724288882489,0.060539167789083234,5.90135185088912,6.241567100240103,83.43440877422694,2155.468763537251,5.90135185088912,89920.13095852225,20.529710264502796
37.4558422659881,-98.34514686519452,968.2917598015683,4.227243399190591,26.803836383384372,18.32895917022909,425.66916446240896,0.18321420363840024,6.072868566174815,6.148009051430944,81.94959126212683,2218.115243795351,6.072868566174815,90886.81880066091,20.750415251292445
38.483703998314915,-74.18854868256928,326.8220403413193,1.2018870843497782,28.63053866923813,21.73097168195662,448.4888920713153,0.19906171802721961,5.496729850005415,5.494455464331948,84.00858192164868,2007.6805777144777,5.496729850005415,84331.19914271483,19.25369843440978
40.235230493432695,-120.0723128199519,2087.390865819434,1.2358480527908693,73.97938613971802,0.03351624912882656,897.3646747104536,0.31173401091555464,4.138185467851767,2.8228396169142917,84.35611792351641,1511.472242132858,4.138185467851767,63750.965347740545,14.555014919575468
43.31973599233847,-108.84755608515253,1071.6173619486508,1.230150153682827,53.98317131277173,7.890891602471953,743.5798372477007,0.31382699564730493,4.78524611020367,3.9340360084581087,82.49383588919082,1747.8111417518905,4.78524611020367,72091.82274648984,16.459320261755668
30.475697283077146,-105.10335590718144,732.1072248672652,4.5256843587745035,53.4459340210711,19.406909504860018,774.7687786530357,0.3889405406793514,4.994537295863354,4.124880779572583,86.91038144022286,1824.2547473140899,4.994537295863354,79273.33796660246,18.098935608813346
43.80118584432149,-81.74900614050947,1697.5537529056353,0.9139860446516732,56.03444655692087,12.090390129677006,740.8532326974764,0.21872101289645815,4.867039453912374,3.9313943095001007,84.0952698919207,1777.6861605414945,4.867039453912374,74747.4987269346,17.065638978752194
35.95813637432289,-70.40421051125355,1120.5894740518672,0.0031718601696686033,17.021224351987108,18.172827315495503,269.7681351668955,0.15373258790973554,6.365520614410314,6.88018205582684,82.77488870081562,2325.006404413367,6.365520614410314,96226.073177,21.96942309977169
25.849398699223947,-111.00379220311373,716.5731516267676,4.396341281817358,12.997436930229696,24.672384618722088,262.5538947233226,0.17813735463745675,6.445441493645669,7.1481102572667865,81.55569105005218,2354.1975055540806,6.445441493645669,95999.10221688604,21.91760324586439
25.405222301855503,-76.78740395659764,1795.7306461402236,0.6571530003902354,15.07633475238698,16.055324965588174,208.00938011034216,0.05864270779125749,7.208710834610694,7.889686437802585,84.08991433409575,2632.981632341556,7.208710834610694,110703.59995342453,25.27479450991428
32.02171964870546,-79.14637093668327,1914.3771246524122,0.38623689513574505,59.021110400081085,12.70780678558064,848.7554932719612,0.4383569101062033,5.114500784283225,4.024356333126499,83.60926720077997,1868.0714114594477,5.114500784283225,78094.04089542557,17.829689702151956
42.837527450675225,-111.86850052734461,1496.9675575206554,0.9491086937036683,25.150547800115163,8.324957785905909,490.4500770572098,0.16983734565142017,5.915625507598359,6.057282054443,85.17456136092966,2160.6822166503007,5.915625507598359,92017.58002177528,21.008579913647324
40.984342433781976,-102.43604066924198,150.9735081764847,1.6725637808137148,12.475588719692837,21.87495487633908,221.97790039822235,0.11454492492561283,5.664229192873466,6.302422874677589,83.78494460254204,2068.8597126970335,5.664229192873466,86669.648209376,19.787590915382648
42.926759152137755,-101.87766505820397,1267.594192358044,2.2612969619569667,27.242068396043365,8.663032268789479,401.4713865120545,0.15194111014684117,5.534083026548819,5.585580553628204,82.20942182659691,2021.323825446956,5.534083026548819,83085.93150715968,18.969390755059287
36.414457354598625,-71.17608389956585,1691.0840607941554,0.15957837234696384,30.705100429136706,16.55821946721812,334.0634680437778,0.12384329382677724,5.797397851479195,5.710809638973723,86.50607744426637,2117.499565252776,5.797397851479195,91588.2906899785,20.910568650680023
34.564775950931775,-114.23183732553949,343.48147597970166,12.340488867947762,39.831438926502116,21.559856394732776,624.7427461099145,0.22944452405789542,5.161160897097878,4.754357821079219,84.65343731926077,1885.1140176650001,5.161160897097878,79790.69066703196,18.21705266370593
27.538860640950816,-80.84546956034177,541.6421154768973,4.4065107959381855,39.517118372816775,22.719124220367032,586.2546521586287,0.2792015457758629,5.883992920180589,5.433162391095561,83.61883693260246,2149.12841409596,5.883992920180589,89853.80920275633,20.51456831113158
31.876626086623478,-105.95359343465206,1947.3644758964933,1.3662974569991282,20.092749850276853,11.291854282431101,409.67244127401676,0.21313712341741278,6.569098796361145,6.958979743634099,84.2469577971746,2399.3633353709083,6.569098796361145,101069.53082754051,23.07523534875354
34.416464788173,-84.53300132808734,93.26170198410918,1.343119804260486,47.3418150652468,16.6241148907451,667.4732652437863,0.27489275053938483,4.952180464902877,4.301500075709333,84.71106293484249,1808.783914805776,4.952180464902877,76612.00402132144,17.49132511902316
26.126410312310814,-101.3194057680342,1668.3633463258484,2.083167083684108,23.494516392497154,15.310687602318708,147.29657948156057,0.05,6.694929257873795,6.932856233078482,81.85671507915984,2445.322911438404,6.694929257873795,100083.05041907752,22.850011511204915
29.29468686506907,-92.76857279170684,1068.6125789060093,3.444540057819485,32.18702593930922,18.154300541689327,280.60627626750295,0.13707779010984572,6.05500855429007,5.901761243350368,84.23654132994422,2211.591874454448,6.05500855429007,93148.42516872544,21.266763737151926
38.35740705752973,-79.03896424038892,1010.5601415051548,0.5539135936654087,47.36193326906039,6.21026887026084,736.6351421428187,0.32803202719670915,4.513310318065119,3.9196586669308093,83.32481479005915,1648.4865936732847,4.513310318065119,68679.92005086096,15.680347043575562
41.65591474174056,-80.57505949087026,65.25754486400743,0.732902400235041,23.447214729001857,18.139130020558056,271.24164643621066,0.10218160211243306,5.416486966088372,5.610773628511049,84.76094997844463,1978.3718643637778,5.416486966088372,83844.3393170502,19.14254322307082
47.96034027343079,-77.2131480888562,1811.7061965779594,6.867288035857965,24.751674375539523,11.056745366170368,390.20021636860304,0.25594498784595837,5.43423138760535,5.579533384615013,82.88972711309059,1984.853014322854,5.43423138760535,82261.96235840832,18.78126994484208
46.39471995224538,-120.78066443138842,823.6235363686179,1.036199298747437,45.65002489447636,15.273129961381981,650.5236129729046,0.19285504216034421,4.792047657685828,4.219157525140867,83.09294721735438,1750.2954069697487,4.792047657685828,72718.60193305757,16.602420532661544
39.4215647888446,-86.62927013585377,1212.6461072961672,1.6742262714650644,19.56080282110965,12.212241805573061,257.167272726143,0.05,6.0130864158818715,6.392358114966738,86.49430664784609,2196.2798134008535,6.0130864158818715,94982.8498323838,21.685582153512286
34.10995327905773,-116.44068165702481,1506.1964756216678,7.175183644856904,28.073743575126727,15.307283839976595,383.3962814929518,0.1232067056371797,6.041811718227086,6.062860151525582,85.8463681363232,2206.771730082443,6.041811718227086,94721.66916674412,21.625951864553453
39.26825675299759,-101.5457973270058,1560.653589341519,3.808388877222929,45.00335920477207,10.301358236755492,543.5080783622861,0.2619829260221917,4.879348222487886,4.318108441792944,79.05665823004904,1782.1819382637004,4.879348222487886,70446.67419853987,16.08371557044289
42.85563883392557,-94.37622558704682,2105.3571264760553,1.463393995540667,71.97366394584756,8.783219825696001,1006.0535263518989,0.3663967374415992,4.1108138046079645,2.8618842463119245,85.73514297369647,1501.474742133059,4.1108138046079645,64364.57584408592,14.695108640202264
26.840068582161294,-102.25206782367114,1192.3808994587096,4.028719493591618,45.89728108572944,26.120495935709997,584.1125919207723,0.19433170070735134,5.710145817217844,5.017613807367965,83.44132358632936,2085.6307597388177,5.710145817217844,87013.89555248433,19.866186199197337
33.83771735271092,-95.9409695066376,909.3970345950192,0.06957828479215764,43.50751573382021,22.100037228804492,571.8795682609125,0.2858342202509546,5.518880364556084,4.941867017409334,82.93772690565147,2015.7710531541097,5.518880364556084,83591.7345554065,19.084870903060843
44.15525485525481,-70.18757932487458,2100.462796957172,4.6565873567854075,44.55442850610913,9.710998553120485,591.3970946146117,0.26954285222930907,5.252300246068543,4.66466764463969,82.48923789643851,1918.4026648765355,5.252300246068543,79123.78690208108,18.064791530155496
33.21199084639306,-116.69826505950584,1430.5370053048705,2.33628745827074,15.682575066793113,13.930379443063897,196.88672394523167,0.10088918045859985,6.346556521681411,6.9191553825492935,82.57632355758001,2318.079769544135,6.346556521681411,95709.2525410785,21.85142752079418
37.72493450945248,-87.52537355183301,691.0232659945946,5.87167415265099,37.080741296238344,20.568416712552764,611.3477237980454,0.29379966422246206,5.53487976771271,5.205193607848881,82.98009608286237,2021.6148351570675,5.53487976771271,83876.89663193673,19.149976399985555
38.10646466069276,-102.61594781517678,321.89812761767797,10.825755000817733,34.46420320994477,12.495092459107656,469.51976201875743,0.17437358651083806,5.445882259943649,5.2212427618834605,82.30930112447723,1989.1084954444177,5.445882259943649,81861.06506039522,18.68974088136877
28.427430075207344,-116.81747085900425,1861.4921781501398,9.102928874321162,40.78852172670961,14.890781647442434,673.4095378329444,0.2616381037274839,5.8272800482860765,5.3289330859433255,81.96810050839103,2128.4140376364894,5.8272800482860765,87231.02788022907,19.91575979000664
32.69365059965492,-115.42821477778729,828.6904460074259,8.399344056884047,37.09714494456568,21.47925067941395,673.1455243565676,0.32096626544330775,5.276320040439415,4.9614291833286135,82.43942977373413,1927.1758947704961,5.276320040439415,79437.64091928279,18.13644769846639
32.02827092980637,-72.73925226273668,1470.009900933527,2.512258714509324,41.834594193508025,19.19891343311051,671.1787838147274,0.21241348755040979,5.714397177626117,5.183860204245727,84.48509078259853,2087.1835691279393,5.714397177626117,88167.94665886098,20.12966818695456
24.628721004769556,-76.50151917756486,1062.255301636681,1.5627821321980133,29.393590491814372,24.28533700053326,464.95712039225236,0.0865961411768445,6.187781906215742,6.152170395631142,84.07513522285619,2260.0873412452997,6.187781906215742,95008.57441533204,21.691455345966222
24.580602333392527,-75.01973413758881,477.6990265593324,2.1894409663000416,36.05496051269227,25.72955657401548,537.4526681260438,0.20227440303779223,5.9155799372935265,5.605693917410682,84.5419620477216,2160.6655720964604,5.9155799372935265,91333.45339699881,20.852386620319365
43.96072904821857,-70.45723010532113,1343.626208534,4.0979664760257455,12.899085810974142,10.716640969296114,267.123072258645,0.15784494456105333,6.139297455880777,6.812817674139422,83.90044524118491,2242.3783957604537,6.139297455880777,94068.27290175801,21.47677463510457
30.553699439347497,-112.75096893954003,180.468598243967,7.53951073104549,29.241668995947553,25.500396140379745,418.3194398028897,0.18707775153387754,6.041038813793213,6.012696174859566,81.83982254788091,2206.489426737971,6.041038813793213,90289.35156900552,20.614007207535508
36.43389038973157,-104.80627578234066,938.6862887230633,0.8117017478963797,60.03500386717958,13.099873718660271,938.947038736234,0.43409250801291493,4.572683564123626,3.5655727487594975,84.7416613852404,1670.1726717961542,4.572683564123626,70766.60350411598,16.156758790894056
31.169413766130553,-87.8621723840572,1225.2221202768926,8.761880405191736,40.738550113308605,14.468944150683788,631.7502821152889,0.16241456869354542,5.589319060134789,5.113277589747743,82.49296608168763,2041.4987867142318,5.589319060134789,84204.64508411178,19.22480481372415
46.57630188276817,-97.87466284752504,987.500994354945,5.909309544724296,34.623421327104616,12.350097886820786,448.74385250142586,0.20275144562510203,5.384373508215147,5.156270181956143,84.9699214529834,1966.6424238755826,5.384373508215147,83552.72614140657,19.075964872467253
30.22312221277857,-101.40696519756999,1659.6451767896303,13.497399368358778,69.13021897257823,16.794159691136482,1057.408153626376,0.4732799559097755,4.477904036840573,3.206575437973821,82.25111999556457,1635.5544494560193,4.477904036840573,67263.09264074329,15.356870465923125
34.31176350573444,-104.67819253587797,1830.0386522724218,7.428273478494958,10.504970390580574,6.107052446798808,156.2175860658849,0.05,6.933757513502744,7.81063659457961,82.96878506039471,2532.5549318068774,6.933757513502744,105061.50289536371,23.98664449665838
44.94552601163045,-91.93584587505359,1708.1726091713329,1.1494596003289186,15.029800001968045,11.054235772707708,199.80399926632103,0.12635454588829434,6.076728089267928,6.6527496521852445,83.45791253914813,2219.524934605111,6.076728089267928,92618.45893536591,21.145766880220528
44.206405603003404,-92.91795485343557,133.44783779537454,0.39200066099129677,65.8288054029729,20.53079180134917,873.983359601722,0.3585837883420945,3.8186560802432927,2.8227443202414464,85.01160720158542,1394.7641333088627,3.8186560802432927,59285.57031985638,13.535518337866753
28.466434028310655,-115.28127696053103,467.3768564588402,0.4166926761012773,35.827296848880806,22.544079455100825,518.1840406717886,0.3694768520268787,5.713246588690674,5.423064635901674,84.26399587819108,2086.7633165192688,5.713246588690674,87919.50775097002,20.07294697510731
43.26343943509705,-98.5260487740043,1203.7061449171147,1.2047517261633762,30.633505346783714,22.010786662756722,528.5153363962703,0.11135292005360917,5.583639352812739,5.503042101592979,84.03000198322638,2039.4242736148528,5.583639352812739,85686.41287824805,19.56310796307033
34.996485281709425,-94.11252408466811,2059.8673869541726,3.333378970944081,13.414322148278423,9.220504263199148,276.69451063520165,0.18374509781507156,6.930884212828997,7.66624926017166,86.82850317758295,2531.5054587357913,6.930884212828997,109903.41488395463,25.09210385478416
35.591252930048526,-93.2045053085049,1845.1570663620512,5.709466957342871,43.05853279511021,11.313802196120431,638.1588388774387,0.24619161137262913,5.692693243735011,5.11539876138695,81.24452525816228,2079.256207274213,5.692693243735011,84464.09172504024,19.284039206630194
27.20351933798265,-112.654211582733,1861.4491929563735,8.03290643793193,44.80027765149432,14.8709027086171,687.168251193424,0.20546251894192447,5.680855943668644,5.035499667380893,82.44243353594916,2074.932633424972,5.680855943668644,85531.24786135512,19.527682160126737
25.934436330170993,-83.9173448183765,701.897616583301,3.421286602862765,15.299101504971865,22.515265123342477,341.35710022186186,0.11588436791419283,6.549627296966912,7.158128866508075,82.3782172829415,2392.2513702171645,6.549627296966912,98534.70158558206,22.496507211320104
41.47054336737037,-122.63924887966223,973.3129787192105,0.019765299289287993,32.47503946009229,13.156791339222117,439.65392332420595,0.19706309678529244,5.3827735330787965,5.235687759454235,81.34402153511658,1966.0580329570305,5.3827735330787965,79963.53348607282,18.256514494537175
35.91506765652719,-104.83907980066923,1062.0177867292655,0.7216445217250947,28.96071502340481,10.90088844249695,293.9080099746467,0.1743350043010216,5.6389163805528835,5.62355030429745,82.92072073067096,2059.614207996941,5.6389163805528835,85392.34727711818,19.49596969797219
34.484416862764306,-81.86851697907579,388.3489042023074,0.3676972039370662,39.60758863553788,18.354074705798624,684.6192261153876,0.37135622528802026,5.276752798218796,4.8691071787196405,85.03165374569505,1927.3339595494153,5.276752798218796,81942.19695036268,18.70826414391842
41.508197487657526,-93.54978226300827,116.79648002558108,1.5802329689563193,14.85349564002841,18.346845947329903,154.9711137573259,0.1356659518341029,5.782403150925591,6.3376614811725895,83.11252890222637,2112.022750875572,5.782403150925591,87767.77596215281,20.03830501419014
42.37230957578663,-109.89722864441354,2085.8412338401113,2.4354848867436005,57.53505418123683,13.417542849943448,736.4569462029251,0.2585879598826607,4.825523288125282,3.847170738904581,83.50049554202053,1762.5223809877593,4.825523288125282,73585.74610818991,16.800398654837878
27.813796024064487,-86.47253155547543,567.5320591765395,0.1552844940980851,51.484828068756876,31.45510458677993,541.1678174291411,0.2819948252087813,4.814571950074802,4.042344476569937,78.8341259234676,1758.5224047648214,4.814571950074802,69315.78834823449,15.825522453934814
38.64540358746339,-93.36088901557204,565.8901430058073,1.4995542716340882,28.46283994280931,23.122013262015056,455.60806451576,0.20940094140427704,5.483443520031329,5.487611597314988,82.80521163725948,2002.8277456914432,5.483443520031329,82922.28767747764,18.93202915010905
27.248497974664453,-81.00284508935509,229.264965602833,0.6910786469609687,31.104463190509318,21.4903349646964,273.3172222119083,0.08115202487517907,5.780733343859358,5.678233760073667,83.30745192661863,2111.4128538446307,5.780733343859358,87948.2124094531,20.07950055010345
42.0330020646971,-84.30863994574955,2046.2916666791239,3.645201045773228,32.54440129500291,6.07045229498602,380.59573736086713,0.14798602755982057,5.8471339526896005,5.6845204267537515,84.96360063382068,2135.665676219877,5.8471339526896005,90726.92280085209,20.713909315263034
39.76692375041135,-91.05417221004333,1296.4347971205098,2.1844528957604226,20.99044604588294,12.985396016674937,352.68992409386703,0.11146200206687507,5.842818793505212,6.152878943719661,81.48762540312266,2134.0895643277786,5.842818793505212,86950.94549732764,19.851814040485763
46.95875090600299,-97.63840553321604,1484.1292428195109,2.3933911800477063,27.01827047176936,16.58615143361544,450.4479118456082,0.18954124703249287,5.557978873299192,5.618405812632789,83.31748688141829,2030.05178347253,5.557978873299192,84569.40641903615,19.30808365731419
25.654992392554107,-116.80816521395374,2009.890307615563,1.9532716021381475,30.135133381857038,15.744105676545264,356.7214525241752,0.11215104443703366,6.42087212703823,6.350589686612859,85.63022704510334,2345.2235444007133,6.42087212703823,100411.01228927753,22.924888650519986
25.369313307630105,-109.88801703418928,793.0833631366975,10.93404798861983,64.03163067272831,17.30836223373324,883.027496718956,0.3165284199720264,4.930229147667997,3.706440693793815,83.3323750715651,1800.7661961857357,4.930229147667997,75031.06203837266,17.130379460815675
30.772489792636804,-101.3686284624774,1386.2407189468809,0.8460696926003819,52.03912954994786,15.216467450766892,641.2883610586547,0.29115944016357803,5.281829861146857,4.414163034541198,80.82665787882199,1929.1883567838895,5.281829861146857,77964.9236487891,17.80021087871897
30.28093640966174,-91.63783850165501,133.41882766710805,2.544653134151315,51.823784732059224,26.734708484594343,670.6933074677108,0.31089207219119475,4.968251720124593,4.1595868106805725,85.22488027218455,1814.6539407755076,4.968251720124593,77326.83241902025,17.654527949548005
29.927491177727994,-96.25977581837354,451.5609356969281,4.661551885419329,41.658661034079024,25.034585399122108,609.842780492397,0.24472130853391813,5.341250236729154,4.851934952304326,85.08851125415866,1950.8916489653236,5.341250236729154,82999.23301431505,18.94959657861074
45.750109932504884,-108.43803559818541,1837.1784809433764,2.848420255490585,14.888113839237779,7.425691459689296,158.26892586968313,0.13432795097583328,5.832158699116417,6.3907815404530774,85.30409576261818,2130.195964852271,5.832158699116417,90857.22028945049,20.74365760033116
29.989108796388145,-123.65092467935563,1698.5519661274218,9.258793635844224,34.25316011760717,18.74579990522835,455.1227376289335,0.1766129446873,6.0492203838216625,5.80863005982984,81.38432452988191,2209.477745190862,6.0492203838216625,89908.42692808241,20.52703811143434
30.526793427087142,-97.20308201735605,803.8817866328658,1.661675093267949,52.46879227304084,11.15084521445913,588.092423660815,0.22989978260239602,5.1393565402259815,4.279637033187702,86.26868358877083,1877.1499763175398,5.1393565402259815,80969.62867780324,18.486216593105762
42.22555829803113,-108.57619661763887,860.1428497145569,2.1805576127226356,12.351236671388818,15.113101457443996,286.21292988005723,0.1522798365673087,5.859006275193948,6.524245718084228,82.8400858723332,2140.0020420145893,5.859006275193948,88638.97646372848,20.237209238294174
34.79375621881296,-84.3311517616311,1197.1420321401959,0.3244085845783269,46.457957723718756,19.79984122630771,701.4180674491691,0.2856362488566537,5.037583935929874,4.406849692440045,83.23584158366964,1839.9775325983865,5.037583935929874,76576.03921043532,17.483113974985233
42.64105336692435,-122.7069016753939,50.51816007303928,3.2866590591620666,76.8069660547298,15.2274820839007,1154.5880619499371,0.48531824559711434,3.662422391848555,2.425810003916706,82.945834251012,1337.6997786226846,3.662422391848555,55478.31205762632,12.666281291695505
25.568787781545247,-92.4192981894873,568.6753224817598,1.189912921360322,54.112699627815175,20.305314739910685,886.6203272510986,0.24340321282367117,5.172301201323963,4.247551172545937,85.42040577293281,1889.1830137835775,5.172301201323963,80687.38980836266,18.421778495059968
35.70170864816122,-73.16039117467247,497.69838850766104,0.611524756581645,60.45252444011577,11.97994655473524,763.8140546070492,0.31909122532316925,4.36347325968454,3.389687094497349,83.73030247124206,1593.758608099778,4.36347325968454,66722.94516117008,15.233549123554813
24.806726404398784,-114.58189957597902,588.5383355119915,2.7524989266661315,38.93009750795889,30.253863819703366,509.1819168086222,0.12079933513002959,5.67906208701894,5.267269418812929,82.62106602100009,2074.2774272836677,5.67906208701894,85689.50613273706,19.563814185556406
25.50367688292851,-98.53092749946785,1782.6975614468988,2.6598255559992663,52.42277507776981,14.729241687361412,544.4354143305563,0.16580056075445496,5.17526053257627,4.3112020070147885,84.11385153432654,1890.2639095234827,5.17526053257627,79498.68892317693,18.150385598898843
45.754498880265864,-119.06321244187454,651.2987915748528,0.2761650519748921,22.078642141627363,15.118154657454543,623.1432809930068,0.19287690680931088,5.740653467690242,6.001563326222715,83.85743699446063,2096.773679073861,5.740653467690242,87915.03334228984,20.07192542061412
27.341888906822284,-90.21317673788695,461.7708424078185,4.193146784333822,49.32554862214207,25.802963945824374,675.5991491782513,0.22937048781424674,5.029938737689451,4.299195070821263,82.25863832605094,1837.185123941072,5.029938737689451,75562.17332413487,17.251637745236273
36.77809637460521,-94.27128924780382,1134.1664407050177,3.4214615509633224,46.77898641309374,21.827296224468377,758.7785997748036,0.2887150569245555,5.203279214565554,4.540106163706799,86.71821088096165,1900.4977331200687,5.203279214565554,82403.88159974784,18.813671598115945
33.86629446241696,-102.00226169250706,1911.1368282013736,0.7332798742804872,40.21840113267793,12.58889225496296,439.24150142394524,0.15869266148270292,5.661358073076742,5.199794298121016,81.80490955724215,2067.81103619128,5.661358073076742,84578.54739854742,19.31017063893777
32.33623983021222,-95.84564084041797,568.9018632506247,2.2183438994679663,58.688133554932975,18.4464635850377,921.2727123333626,0.41707739035175734,4.900440047048391,3.867344296744243,84.61838096105203,1789.8857271844247,4.900440047048391,75728.61616982064,17.28963839493622
45.59600029649454,-75.58496844267344,218.85292200451718,4.459418650686331,25.301872918747005,17.079805850837086,539.9853085274246,0.23611326925982845,5.198755906106967,5.317739258425032,84.56498488816091,1898.8455947055695,5.198755906106967,80287.92451061371,18.330576372286238
24.52376152261175,-113.40010767520238,816.2701820767791,2.6383796331358176,31.632964703474073,28.019277510609967,436.83343094583887,0.0869602081198669,6.136993938079833,6.005473537294804,84.52382342498466,2241.537035883659,6.136993938079833,94731.64031079694,21.628228381460488
39.93095246821414,-122.78151636791125,1657.4514228147023,1.761674383913745,36.71831674444934,11.06312414962699,412.96828476333064,0.17623485052872817,5.247239270264402,4.947998569400912,86.08213504856892,1916.554143464073,5.247239270264402,82490.53630278433,18.8334557768914
47.121466421125206,-77.47009622624856,1233.9846710938084,1.3618756073763914,16.46700252039079,6.805940428688311,216.65839519091745,0.1061870936587203,5.534014594362676,6.002917087322464,83.79391710087484,2021.2988305909676,5.534014594362676,84686.27332331738,19.334765598930908
37.444036403084205,-92.83567755105305,1806.1057445848471,3.299166376231615,39.08477498840446,5.956623662426422,324.5106973419399,0.11878446474649372,5.635126414840044,5.2204181621213905,84.79559145888712,2058.229923020326,5.635126414840044,87264.41184044414,19.92338169873154
46.4837390887942,-75.9044434050605,2113.123117359853,9.795327303523202,5.0,1.631512284822442,66.21132989781582,0.05,6.248731805931124,7.279772553909759,86.64731056567877,2282.349292116343,6.248731805931124,98879.71396668092,22.575277161342676
25.254189102864572,-91.76495793568867,1754.2243250159765,3.898874166780519,53.845181619707766,21.322059268257718,835.9292566072083,0.35781936318952295,5.359420955730284,4.411252183711986,83.90223484961662,1957.5285040804863,5.359420955730284,82120.50813708984,18.748974460522795
34.051039657779874,-80.25130114217606,1348.17661951407,0.2719040814733617,35.839472598187385,14.653651151201462,498.1768519372719,0.24580366818897564,5.850461271861465,5.552811401156309,82.40034978740223,2136.8809795474,5.850461271861465,88039.87008437622,20.10042695990325
30.24378698308923,-100.79763837882201,1110.684414312618,2.1610939490821663,25.62392772973226,16.406790146363914,330.3210327473549,0.05888976427159444,6.313203814370235,6.443461029266831,83.42329783095086,2305.897693198728,6.313203814370235,96182.79501371003,21.959542240573064
41.53970315953752,-83.50756371043349,136.14853564877333,7.7517832861754865,19.981274978687814,15.76252200722848,332.4946613128327,0.12632359028169787,5.558557587069015,5.892799631058136,82.0430310020783,2030.2631586769578,5.558557587069015,83284.47163485552,19.014719551336878
47.55113017193392,-74.69576078794778,2166.292254450189,0.3472927744770815,30.777577466854623,6.1107135911795165,491.28856923092,0.2801203754157698,5.29675986632395,5.214961779824957,84.55772521649209,1934.6415411748228,5.29675986632395,81794.44391553571,18.67453057432322
30.15672149866195,-93.10535995900086,874.4844135363414,15.74518562869755,47.38867479390345,19.09923288285808,497.4508908641301,0.2781042699416187,5.364377742654137,4.6577780249569285,85.59668431221095,1959.3389705044233,5.364377742654137,83856.45965943976,19.145310424529622
39.70019043537779,-114.2376018696315,377.2906599212636,10.420519313784816,44.85930161727609,17.15593242959666,636.9125188697442,0.30792706258451574,5.114113373899501,4.531027168266479,83.81843776189869,1867.9299098167928,5.114113373899501,78283.48344478394,17.872941425749758
28.75434318623376,-109.4849287883693,1483.424039102382,0.2852773041642857,22.300316948987703,23.040721081925856,555.8029497087522,0.25842579657643056,6.397786364240532,6.678634991227309,81.56855992581954,2336.7914695388545,6.397786364240532,95304.35750861198,21.758985732559815
37.56792610971864,-113.27319284754009,661.2198215552376,9.482377548664598,19.77128589270258,23.940399270296957,143.29637793303374,0.14243856155886847,5.863892278245469,6.225113899154147,85.5324762525865,2141.7866546291575,5.863892278245469,91596.15808758755,20.912364860179807
35.13437968052007,-110.66972050983043,1309.4232825017523,1.5791782756743271,46.82417671375365,9.20232603962122,646.9965907092444,0.3654743128758518,5.142036138161438,4.485042104181276,81.33555155765133,1878.1286994634652,5.142036138161438,76379.31683355766,17.438200190309967
47.32812791115689,-107.45356573504404,1311.551001865871,6.5185945256129685,21.99774671692947,11.454958355221876,502.14306624218284,0.20277227819856689,5.727003449608095,5.990535940209491,81.68106783311543,2091.7880099693566,5.727003449608095,85429.7391674023,19.50450665922427
38.604654544715196,-94.02277551532782,1008.3191149411687,1.8968029644357352,36.07837593343106,12.478861485686746,615.5147787224024,0.20799286896991834,5.608030614443125,5.313336280053264,83.73249241875791,2048.3331819253513,5.608030614443125,85756.02131332738,19.579000299846435
32.38815293008365,-92.24845200895302,1847.6550234218416,2.0347132723907584,37.22758356543699,13.194051608908774,469.8465018385117,0.18225475988482176,5.644448539113828,5.302433989241912,84.37767786851325,2061.6348289113257,5.644448539113828,86977.97973819362,19.857986241596716
26.738298837310403,-100.9690136489395,619.6791823442026,3.5202522223636716,40.61711837108129,24.10648315199608,589.2531951573984,0.4003569403375187,5.40401420813253,4.948348656363967,84.63337124813752,1973.8161895204066,5.40401420813253,83525.35917163239,19.069716705852144
27.62992388963843,-90.76727788967489,1014.5600719781285,5.212672460815024,50.448867743273695,19.642854222048385,706.0729804073494,0.2157292580334692,5.64095392436811,4.777086539907299,83.9007906719303,2060.358420875452,5.64095392436811,86432.85028951007,19.733527463358463
29.407606318829643,-119.59495401698624,1206.0380764705887,0.12030619421517874,12.26666713638819,19.658226296684244,96.9261594772679,0.05,6.770887008707342,7.5436708903714536,86.64006564770229,2473.0664799303563,6.770887008707342,107133.32108614902,24.459662348435852
30.02319987216715,-119.25943519885936,1476.7931496496942,3.147639069414279,5.0,19.79747513340398,62.57478925069176,0.05,7.175567202229445,8.359535790597304,84.0977525116248,2620.8759206143045,7.175567202229445,110204.8872677493,25.16093316615281
44.41478538818731,-114.72120914068644,1735.5394785870174,0.723435309828383,24.78594893788967,10.5139563845419,319.0066718498025,0.13915763974795364,5.6757285700797695,5.826126054432493,85.5520021526294,2073.059860221636,5.6757285700797695,88677.2108121055,20.2459385415766
37.4693469187806,-96.02381510582138,898.8356581882505,1.485997592423058,67.42751134097935,14.057270378936982,955.2600525813859,0.3378904704641674,4.34591449410651,3.1638580010597597,85.18043184614204,1587.3452689724027,4.34591449410651,67605.37774999987,15.435017751141523
36.561381872984796,-112.44428735029106,1439.0009298076814,1.4968193105813095,71.39913380157282,11.835575080237142,924.7495551529161,0.37987476350536753,4.394296281150438,3.076912900389228,82.0606894016932,1605.0167166901974,4.394296281150438,65854.38913641985,15.03524866128307
26.75445292486122,-108.70264221140083,373.8135490973161,2.2158741474283317,67.96118844018596,18.33260725185373,823.7948181381373,0.2457430828899526,4.536998761178803,3.286019719085023,83.74540426907171,1657.1387975205578,4.536998761178803,69388.87926416124,15.842209877662384
44.64335264038644,-102.38310684665832,2055.193416166329,1.4233465822018305,31.526335380307586,4.218843040911585,437.24061798506915,0.2130646240813447,5.862315225881535,5.741057059644268,87.18498076992152,2141.210636253231,5.862315225881535,93340.70407304469,21.3106630303755
41.34754327700361,-80.15922930343949,873.5764338051576,0.3975060874931085,5.0,22.873996803916697,241.511821817878,0.1617471885808479,6.357581749892437,7.406582738624689,83.24347371908961,2322.1067341482126,6.357581749892437,96650.11544849387,22.066236403765725
25.624040685600036,-123.25144466070556,1618.4710572493427,0.5508630653978439,5.0,15.208812108852289,78.22029262627964,0.05,7.35515582983319,8.5,82.98806921346497,2686.4706668465724,7.35515582983319,111472.50682010337,25.450344022854647
40.98804233351445,-88.93354370722238,93.73332604668194,0.11903436461557117,23.947313092110598,14.313199069909807,302.1030053963938,0.1191197518947123,5.5673862681851265,5.7475959273395265,84.25586337221553,2033.4878344546175,5.5673862681851265,85666.63657443534,19.558592825213548
37.04491721622351,-87.88066732380298,491.15235724533505,2.2237192432909216,31.43467465731152,20.153736913851837,515.4940257062111,0.20661881584102237,5.603007694227417,5.490708165279735,83.29722010610992,2046.498560316564,5.603007694227417,85233.82051276295,19.45977637277693
25.961408297922677,-80.87258786074162,1097.2274702956927,10.811129173589574,58.411257219007254,20.38976987728889,801.9256398065637,0.3431812170139862,5.077428686497548,4.016861472669836,82.80944313074664,1854.5308277432293,5.077428686497548,76786.33255710971,17.53112615459126
34.99921539668776,-73.63134129074308,1938.242805624545,0.43025811413882625,50.62049827176402,11.776766095970881,895.4902683006073,0.3712124657769317,5.022329966486683,4.247166042062645,83.27507490855362,1834.406020259261,5.022329966486683,76380.14937489583,17.438390268241058
35.63271089112113,-122.91255615673835,1183.598572393956,10.232884499598848,39.09329142184917,21.683471102674073,546.9148289763806,0.26628702636169327,5.517286854217264,5.110921905111746,86.14801450705293,2015.189023502856,5.517286854217264,86802.26661558895,19.81786909031711
27.978588963918618,-115.69567990228633,2049.22153693184,4.626515340342773,18.98279412305945,17.360033983810883,335.8088240386486,0.20157230002198417,6.763151430498081,7.217097138000156,83.79507196278364,2470.2410599894242,6.763151430498081,103497.01369361837,23.629455181191407
46.696755528006776,-76.14675012097638,1090.1633276530122,3.551546258547965,17.705967951591976,9.41567164731799,172.42311308296038,0.05,5.6743784985395385,6.10596165136504,82.00788745086794,2072.5667465915662,5.6743784985395385,84983.41024444634,19.40260507864072
44.399408915535886,-99.23999764190117,1104.4655579822925,3.627470717887882,39.574298367285834,10.80003452773027,604.3491024756679,0.23634570139281347,5.092602033356258,4.700369373690299,81.73238019286775,1860.072892683373,5.092602033356258,76014.09242562237,17.35481562228821
40.0565360958986,-93.51210549759297,307.4555952761436,6.135117224767958,47.54691761911508,16.42693472484217,693.1661943619864,0.3339002200970649,4.643405519946809,4.026629285832785,87.3102073980817,1696.003866160572,4.643405519946809,74039.22465121398,16.903932568770315
35.095093464014575,-88.19653099895004,1775.7109249272726,0.39577637608325483,42.053862720420526,16.827611802878106,583.1034656199665,0.17187632493870114,5.344003498028857,4.83965227124976,83.66499844584885,1951.89727765504,5.344003498028857,81652.74135073276,18.642178390578255
33.8823729980282,-87.33040335723558,580.9756368041843,2.4594546322790545,16.377236727080213,18.615463449053838,179.10553806215094,0.05,5.864526494582561,6.365118622640986,84.65186775144812,2142.0183021462803,5.864526494582561,90662.92501723419,20.699297949140224
39.6233632116229,-73.68601822090855,1984.1668521504773,4.180131567700161,46.71201731825755,3.076038284200706,590.1652258903682,0.257217975099244,5.469493174197751,4.774954389910784,82.84293416049057,1997.7323818757286,5.469493174197751,82749.0060910055,18.892467144065183
37.090364865765736,-70.16473145976984,2008.2720737103516,3.093555579834011,42.66639740782541,11.074696726916281,625.564830107521,0.285469333098325,5.549937517928658,5.002354143414579,84.48147895390711,2027.1146784234425,5.549937517928658,85626.82302119312,19.54950297287514
25.494554541165254,-85.11149710972923,2078.116740529422,6.259537945007922,15.728004688576792,9.988762749316809,283.0859766097225,0.08183748085637141,7.060352193409351,7.6951058652846,86.18899447740229,2578.7936386427655,7.060352193409351,111131.81533967075,25.372560579833504
36.300063570487964,-108.49005470292185,1168.4955515716435,0.26255732632564577,20.8822225345954,24.559416042441804,279.63483585492247,0.08758196223352828,6.034544228433363,6.35935020580901,83.02160522438436,2204.117279435286,6.034544228433363,91494.67732076021,20.88919573533338
43.35368681358815,-76.49337027610545,1505.7516372848354,4.107064360380825,47.3929275421082,7.099411092072232,692.227778501594,0.2504186249552859,4.504643206163455,3.9111542438868634,84.68788016992286,1645.320931051202,4.504643206163455,69669.37092496506,15.906249069626725
35.021757062327,-121.34207061479887,1723.8091421325764,2.672702038616615,30.778864367373963,12.973704549859045,427.11263332995856,0.13461733525359434,5.840016503813943,5.749776273457927,81.89138058616442,2133.0660280180427,5.840016503813943,87339.8609579218,19.94060752463968
25.24695786130244,-111.52163394477721,331.68143009850104,1.668391447907535,63.604651429456226,26.013272750725946,900.3177225029259,0.4098071754064492,4.812469687041418,3.6322954257360456,86.62899007725981,1757.754553191878,4.812469687041418,76136.25087335872,17.38270567884902
42.870676785216794,-75.54117125695939,1342.057969244619,1.4557625968502852,44.020326969162376,10.84327295771243,596.2400793005507,0.18940844202534754,5.182446257845369,4.622004658021186,84.40280389536686,1892.888495678021,5.182446257845369,79882.548248254,18.238024714213243
28.832730771263385,-110.16565822027484,123.7404878021201,3.39422149219421,26.240638612593155,23.246447108056103,369.166198513135,0.14054310630880548,6.080562251538086,6.179769845617796,83.38080923347157,2220.9253623742857,6.080562251538086,92591.2769809545,21.139560954555822
30.20690003731293,-112.08484278042559,1119.7670792857607,7.757277371189582,34.816299192963214,20.495368731423884,757.2322343832277,0.27024662261726895,5.863711844133837,5.607384991333803,83.55318881507075,2141.720751069884,5.863711844133837,89473.79915164858,20.427808025490542
27.952952482375103,-116.54123417042665,382.9117654834889,2.3993484604975537,36.14090106747893,29.611476390698872,537.1360448254475,0.15104223654887566,5.896813880309265,5.584363486939962,81.39035218194894,2153.8112697829592,5.896813880309265,87649.72889054284,20.01135362797782
31.925161556915942,-77.6079650870665,443.28429081848213,6.094860223952184,21.88897436164922,24.487292172564604,370.9753369061933,0.19808196578158577,6.049550061289907,6.332530950210272,83.31164225381475,2209.5981598861385,6.049550061289907,92042.62571056068,21.014298107433945
42.16203613652724,-96.99685400368132,834.8522683890933,1.8004912356584688,18.573412432802723,20.766877910911447,303.83013459204784,0.10060462830467631,6.030283422553356,6.45231951940759,80.32875728647551,2202.561020087613,6.030283422553356,88464.49479563489,20.19737324101253
36.4652606280945,-87.55576703507563,979.7399084404815,0.3780860136560508,47.62501808857099,12.50545674278106,640.4685709102879,0.27628390856699114,5.009607608562737,4.341450559454182,83.85305140185486,1829.7591790275396,5.009607608562737,76715.44524600601,17.514941836987674
28.9171505796171,-111.0904152599484,1389.8207127442026,0.22217487370262784,50.214919346757725,19.307629208472733,832.407792183775,0.27143278608652244,5.2017314088430116,4.413646028501776,83.79018197909143,1899.93239707991,5.2017314088430116,79597.84064964853,18.173022979371808
45.06792187564898,-83.06581726539432,210.02109964280868,0.18444609105342594,45.868066451953254,17.290313865977033,613.0365532847114,0.21833492451413927,4.485926596717546,3.94278646140328,84.7329923058907,1638.4846894510836,4.485926596717546,69416.8552922892,15.848597098696162
45.109964518836705,-82.95970057204667,1132.937286660506,1.673972981510897,62.275725697828435,13.44019469992789,977.3656146638532,0.44504006681135583,4.098148615493774,3.13127208526055,83.2152843803377,1496.848781809101,4.098148615493774,62280.348526303205,14.219257654407125
44.89388220110416,-107.11970665495178,442.6440300441674,1.4396863307885557,25.248081751791165,21.08946074182458,320.0524447184314,0.26271875809161194,5.506568896752796,5.63467056436376,82.84344552878846,2011.2742895389588,5.506568896752796,83310.44602443672,19.02064977726866
29.731109073156944,-101.82313781744472,1284.046626318245,4.429687193711462,65.13687378928034,17.317611186319933,815.9189811355208,0.24115543892028474,4.571010630539922,3.4010233589313423,83.98833758332054,1669.5616328047065,4.571010630539922,70111.85301608077,16.00727237810063
34.829744260343716,-112.67672501876916,1420.4199163615444,4.7529471108358,18.78341986602525,13.602502034821256,299.5074989479728,0.11473940146385067,6.193894466075096,6.618275716755144,81.58144782286428,2262.3199537339287,6.193894466075096,92281.66863208462,21.068874116914298
47.639751747381,-71.26570474056317,1246.9249015886357,0.18267414625376655,16.77165985936713,12.463410395410026,124.33640242092915,0.0724208642492288,5.900933751478922,6.38834132564746,84.21513478130187,2155.3160527276764,5.900933751478922,90755.11593838241,20.72034610465352
42.52829943143977,-89.13746083884578,1637.3353475283616,0.8746586724334184,5.0,3.5627776079469076,123.56402250166093,0.05,6.620742077879646,7.713164520729787,81.20727111071741,2418.226043945541,6.620742077879646,98188.76897884159,22.417527164119083
24.652018109413437,-73.53463044136217,771.5598751179378,1.1219810152819323,26.975684351117295,22.10138427868555,258.2437153065104,0.15007764739408555,6.44529147966426,6.51728673605253,85.6812279732462,2354.142712947371,6.44529147966426,100852.91923479998,23.025780647214606
25.56491019025181,-107.6171806440268,1694.9791720112314,2.7762525883355185,25.932997937069835,17.484103797188716,331.1611680716924,0.09464718649685615,6.618287821325526,6.740521074669046,85.02640493349116,2417.3296267391484,6.618287821325526,102768.42385042393,23.46311046813332
35.134353043495985,-81.77789069816795,980.4492256726164,0.5463044339925327,44.46687104458371,13.605860536836024,479.3632249716978,0.2074270600823728,5.124417101507635,4.554232960789366,82.61072118536397,1871.693346325664,5.124417101507635,77310.96858890516,17.650906070526293
45.821284940677444,-82.64363323022394,1090.996671393583,0.503308738595769,39.39003694916812,16.153674465153543,833.8772182286266,0.3213452457036764,5.046433207224495,4.664265515210821,84.99170702000706,1843.2097289387468,5.046433207224495,78328.7706291943,17.883280965569476
36.92884315086514,-86.65059479920676,1443.4195736113036,10.075242942438557,13.526479321655536,9.915961444681033,50.0,0.08180488748107197,6.480795524909629,7.16331820330258,84.16727133638082,2367.110565473242,6.480795524909629,99616.6186237001,22.743520233721483
35.947500192822964,-71.85549533559278,89.4705255983315,5.707367390547333,27.930927708335282,20.832780091782823,392.0143619563344,0.12952109233002573,5.469128231179886,5.493649100646957,82.4864846533727,1997.5990864384535,5.469128231179886,82387.46319354842,18.809923103549867
26.531368798959136,-102.74801185025896,1456.087576053534,0.6973747161860852,28.313683620421664,19.95307506149259,510.72199811890465,0.1952071427352178,6.174172365428166,6.185311897705014,80.96568576415636,2255.1164564726378,6.174172365428166,91293.52518817068,20.84327059090655
39.76272251338305,-116.9412645261531,1379.958070505048,1.8264131282368288,5.0,18.620790762356858,173.6385908587025,0.11963386473265047,6.529900444431235,7.60733401776239,84.47465352513967,2385.046137328509,6.529900444431235,100737.97304614926,22.99953722514823
43.73047585440541,-87.72772160082073,716.1713010195518,1.5381441858841634,17.34295891375935,14.69820362089639,327.9356370099446,0.08523791579950041,6.113501349625129,6.5940182004698285,82.80857722929744,2232.9563679505786,6.113501349625129,92453.9699225435,21.10821231108299
33.130080180181494,-84.61727077423086,234.4577125339024,5.479041821201339,21.12535464894639,25.66378973276166,264.03212626310193,0.11345088878113777,5.956998438196525,6.26749219328498,85.37693846143945,2175.7936795512805,5.956998438196525,92881.30154191931,21.205776607744134
42.61468442220786,-92.946729033224,245.51121731303846,2.498245770072022,60.80525035677704,20.39821751254978,986.3823996285787,0.3198659493275777,4.401638078206815,3.4084667565711597,84.02105060082278,1607.6983080650393,4.401638078206815,67540.25044639493,15.420148503743134
47.147439693619475,-112.8318337707966,2034.9310560182414,0.4787774248492067,38.446112887232346,7.102827082456599,629.5846895014711,0.20793028102749256,5.1686834883204815,4.811409663892176,82.95062595525403,1887.861644109056,5.1686834883204815,78299.65254788059,17.87663300179922
28.890395019064538,-96.75937914985481,1531.9505406355497,4.7012156196556205,46.91903757105499,12.981515905149386,678.0964877608175,0.3016467670282141,5.6334473425223734,4.909925318398278,86.6967580996357,2057.616641856297,5.6334473425223734,89194.34613040007,20.364005965844765
36.55991114867379,-107.14175422526701,323.2706196070918,1.7697831389727734,8.024561051314183,14.193363441443935,136.40193049105778,0.05,6.505220892633013,7.4408542757230896,84.86466973890451,2376.031931034208,6.505220892633013,100820.58255815478,23.018397844327577
30.891310994029812,-100.91680747899879,816.9548140141486,1.06772612560304,56.49586069425185,20.440157588292585,760.5497849579887,0.28966709714130573,5.035184257280484,4.050951630152124,78.51737022734385,1839.1010499716967,5.035184257280484,72200.68901306225,16.484175573758506
43.02850605681215,-89.15819690438815,1323.8384368884324,1.6478061001040298,58.41983713443367,9.847192594381916,726.9125172987675,0.32753453564355,4.563402198587533,3.6099301457622377,83.2704123468137,1666.7826530340965,4.563402198587533,69396.83940533266,15.844027261491474
37.862240781147776,-83.75840389469494,1846.4791659448947,2.4103462032245804,5.0,15.406640185484193,193.71509754787166,0.051755316920933346,7.0678714138344185,8.234070197117099,81.92386651198136,2581.540033903021,7.0678714138344185,105744.87056640346,24.142664512877506
39.22997802120729,-111.45986669132748,143.87099673296834,1.4708648501084545,22.304298969514733,22.610580979186185,443.4809849333595,0.225925847383051,5.737941681227206,5.989664650378526,82.80030309341953,2095.783199068237,5.737941681227206,86765.74205047321,19.809530148509864
43.149939830781456,-102.11243052506452,558.761232660519,0.9693165667525203,43.923780314279185,15.050276935097552,526.5220102969165,0.23016731033135177,5.112786751334404,4.563333647185698,83.78290140162218,1867.4453609248912,5.112786751334404,78229.99527364346,17.860729514530473
33.503291343898915,-109.46527516645202,1962.960329135067,1.779162407682764,46.59899216368728,8.477865553805074,637.0073737770027,0.2872038946699763,5.193441700450978,4.538065996828,84.53107276288132,1896.9045810897198,5.193441700450978,80173.689584169,18.30449533885137
45.962161641769036,-113.27389285145907,69.70593289520545,0.0677568312268043,22.78709485123001,19.011439795156996,304.67700627132723,0.1889970325499796,5.399997771374182,5.61864549575988,84.39204861317036,1972.3491859944202,5.399997771374182,83225.29419329404,19.001208719930148
36.79269281390736,-81.69709012022473,483.0080710068579,5.18208450524604,29.501009665034246,14.956450094166799,409.74854493644847,0.18671971352089015,5.655512583728272,5.618711780720892,85.6168096148472,2065.6759712067515,5.655512583728272,88428.29317638652,20.189108031138474
27.790915748048352,-74.90035450040241,2111.9019783418767,0.6561402843646834,24.24714090118743,11.900722329945397,345.8894604753822,0.22106297305487643,6.482831078549083,6.679066464057664,84.954897566263,2367.8540514400524,6.482831078549083,100580.39919597525,22.96356146026832
40.701578836051254,-104.00746197303286,1368.813970022668,0.15714158029882558,36.98752484503015,8.92255672080298,612.51149399504,0.30077623664982456,5.478818667103752,5.156046809528098,84.86212039368826,2001.1385181596454,5.478818667103752,84910.42892625538,19.385942677227256
43.038272410518104,-83.43093808381659,612.5934382706389,3.711561185928928,56.54921356631443,15.015806136153842,716.9672590797276,0.2725637364581636,4.202662411060253,3.379594113661126,84.30223848469991,1535.0224456397573,4.202662411060253,64702.914145845054,14.772354827818507
31.60228024962064,-75.56225437432181,194.03085295107235,5.204281963348025,21.121241171458315,27.489588959197594,211.06267724915045,0.1526001859382096,5.978273439149411,6.290048241298906,84.93436269540982,2183.564373649322,5.978273439149411,92729.82424015344,21.17119274889348
44.57230216797007,-78.3092926313675,110.61138196152764,5.883816328659031,53.01476895983146,17.369243633711715,865.8687396519379,0.373971942566788,4.089739958385348,3.389971617065288,83.52558518521363,1493.7775198002482,4.089739958385348,62384.32073891639,14.242995602492325
45.7474381143784,-114.1280770188818,576.2019212193936,2.3808717978278646,20.92990269775602,12.75976847272197,246.75416358045447,0.0830802493921642,5.788034386260939,6.097640287903175,83.56454509689722,2114.079559581808,5.788034386260939,88331.0483475513,20.166906015422672
30.645707697067415,-72.36023839827848,1945.1945121161575,0.8045673894989572,19.742710175056082,8.3809992555579,150.09440709307853,0.07645862105482686,6.605075136410639,7.013275574974396,81.1416399705412,2412.503693573986,6.605075136410639,97877.25306579062,22.346404809541237
47.604515345165325,-103.65947221680904,944.2143567396454,4.67763560144316,49.734703130177834,14.065394649896747,647.7728496125027,0.3255216952247226,4.897073430424425,4.171606663627427,85.58424606571505,1788.6560704625213,4.897073430424425,76540.39063069968,17.47497502984011
27.3770766731702,-105.68100429661284,1598.716743706885,4.2105589816798865,51.5948548041371,14.565113354824474,689.3226937335194,0.3099700437677442,5.49889469356834,4.6126709191967175,83.88461136633126,2008.471286825836,5.49889469356834,84239.91666791025,19.2328576867375
28.84837604165976,-120.62870832699986,2024.312826066909,0.9895271373761669,50.32537886172778,15.36673712755095,860.0515768367654,0.4494744653095555,5.536808604366708,4.693676390342648,88.0,2022.3193427449403,5.536808604366708,88982.05108077738,20.315536776433195
28.421396141712627,-97.74662267833632,927.2869924460557,8.180398902975824,11.315646652073458,19.157062310332478,250.90167436670214,0.15886889221440031,6.715869346034642,7.527082383873032,83.39170096235631,2452.9712786391533,6.715869346034642,102278.72366876254,23.351306773690077
45.45575304018889,-118.11326475538985,461.24634773040367,0.385803340019373,26.612882394703085,18.591388271660733,487.33241518906743,0.22921317466555285,5.184208439125433,5.255283020450013,84.13286719412511,1893.5321323905644,5.184208439125433,79654.14371111193,18.185877559614596
39.70302125579909,-110.578849669919,1161.803551342377,14.197292256082886,49.813794656059784,13.695677110064317,779.3904894195156,0.27344263312107353,4.984269765533379,4.243125984365245,84.81975743041261,1820.5045318610667,4.984269765533379,77207.37639671128,17.627254885093897
27.65050279733455,-106.8850984245668,2002.379927178687,6.887595761281194,35.7477531301501,15.309668687213811,595.0929109836328,0.23896875387600763,6.108456393382464,5.8016025339604935,82.34715004051692,2231.113697682945,6.108456393382464,91862.92721027498,20.973271052574198
34.56776204084038,-80.32337853144907,1779.4049903960563,4.075495513924217,15.673528768445646,15.490470719463387,150.62119010020723,0.06634203619596225,6.379540016169167,6.955518691592856,84.53782157081883,2330.1269909057883,6.379540016169167,98491.92989727129,22.48674198567838
38.76715260167525,-76.7236128786216,191.53416323078065,9.774763619446823,43.24972290425795,28.024871242144975,585.6359051242629,0.27884653552933025,4.736350480754687,4.249699655815,82.84204365122778,1729.9520130956494,4.736350480754687,71656.38009169958,16.35990413052502
26.0031380397452,-107.66681885708064,1539.0315201668009,4.484389359465012,22.13346933815353,22.157218002714874,210.87703943179457,0.11973208516019071,6.496544625719968,6.789316051922729,83.54446771548474,2372.8629245442185,6.496544625719968,99119.78499642758,22.63008789872776
45.17799284177613,-77.630301452793,1279.5796732867507,0.7394988453900395,67.30144727105981,10.91758042937255,921.1714587411341,0.39229846165305354,4.377512666565024,3.1907246345274722,85.75890593811451,1598.886501462875,4.377512666565024,68559.37854233784,15.652826151218685
43.28648485059684,-77.70952938203129,2001.045829144815,2.0428666060722285,62.807146323528656,8.528644633968499,947.7105476228753,0.4008968906117233,4.801512061436679,3.650829579406126,82.644376923134,1753.752280439747,4.801512061436679,72468.88224723414,16.54540690576122
36.12496256583932,-82.70884867921683,313.33504622813905,0.2596585439621857,45.87375367440021,18.07765377293387,655.6908799228277,0.3092273780549817,5.027516770605555,4.418602663225939,84.41235316962333,1836.3005004636789,5.027516770605555,77503.22318534806,17.694799814006405
47.21103876622009,-116.0784638431802,1198.1776433900118,1.7280720682688755,59.49812068585592,6.96416152417212,964.1217714980123,0.35878809350933916,4.321022259818854,3.3855777844758195,86.18199643707757,1578.2533803988363,4.321022259818854,68008.51360316908,15.527057900266913
34.02626350260239,-86.72256626736063,1940.8447910505686,4.736403677010189,36.16624430222086,10.772954320310792,392.1858410083701,0.24818655804931372,5.778995994562851,5.47176312674901,82.94006736606555,2110.7782870140813,5.778995994562851,87534.04665988816,19.984942159791817
47.61864765687595,-72.96870051264929,931.5511414947474,1.7096893855052806,48.777874898750284,8.825256992084313,732.9140836523279,0.20302252393029635,4.461687456544083,3.830603519704485,83.55467102596154,1629.6313435027264,4.461687456544083,68081.65539998302,15.543756940635392
40.03007997128705,-87.14281414657353,1086.2890731256641,1.403208558074855,61.59896531543735,17.168492182476047,737.5552342291911,0.3800851550374311,4.648237310177855,3.5735985102804535,87.51795684520773,1697.7686775424615,4.648237310177855,74292.62292715328,16.961786056427687
39.2321105580946,-106.09269014817697,201.49045698396034,3.1666142375591124,39.41897627229763,15.053318532461688,561.283314729531,0.23160877138271313,5.366128921756513,4.958663545622145,84.71158659773408,1959.9785886715663,5.366128921756513,83016.447971978,18.953526934241555
27.982917487098838,-96.9687168587351,648.0088269651583,7.200634615449335,30.406630912742894,27.500485241499906,499.7261750340484,0.2583482303110999,5.856607835760755,5.78137141287432,82.24050968843612,2139.126012011616,5.856607835760755,87961.4067578135,20.08251295840491
45.16626619931145,-89.1308476590431,747.6892957132368,0.17063380968029093,5.0,16.94491926621898,50.0,0.05,6.170269223767595,7.188363645689249,85.20393714011772,2253.690833981114,6.170269223767595,96011.66607589314,21.92047170682492
34.25975251009476,-96.42919792866081,2082.013264801507,1.7041438342543507,33.50359653701311,12.255051963920495,524.1630119268791,0.23570297551507308,5.893478788807931,5.690005397791858,83.14785967261345,2152.593127612097,5.893478788807931,89491.75565346137,20.43190768343867
27.893601738779505,-117.52254114652763,657.7348251634919,0.6029142779344027,49.821617322121604,22.160479537592035,601.5294090264091,0.2783499775623299,5.164814272210143,4.396541325182971,81.65262611375988,1886.4484129247548,5.164814272210143,77016.73347172036,17.5837291031325
24.302580479418218,-107.14854158879089,1040.8677808297518,4.160119793277806,52.02140169621734,19.63037464165483,561.9306259274044,0.2745904752574741,5.529869108817255,4.622142134919706,86.05854591789776,2019.7846919955025,5.529869108817255,86909.86683018098,19.84243534935639
37.43413640732118,-80.67061435010385,1493.3045106632014,0.39109508658254905,44.07857118293138,14.768453708780514,672.8029588098195,0.26389302484139615,5.08414379399774,4.532259993901371,82.34541110380349,1856.9835207576743,5.08414379399774,76457.03571488954,17.45594422714373
36.65759093094423,-77.48342551084207,398.6942506769364,3.825678698675864,25.256616290679684,23.86298268052477,527.9936514770889,0.27173731130843215,5.823476679774623,5.9586028038780245,87.67756893749593,2127.024857287681,5.823476679774623,93246.18427830403,21.289083168562563
41.264486936859804,-116.58579823335921,1095.8511323550301,1.1799398421259564,5.0,11.139099367614683,50.0,0.05,6.584748721237213,7.671232260241354,83.26600143680669,2405.0794704318923,6.584748721237213,100130.6753203081,22.860884776326053
45.36619327242725,-72.57111537046887,1637.8589348732014,0.7762666950287365,26.086128235914767,3.2623499973668073,487.42521331348627,0.20282731021431302,5.644171818918527,5.742364053725317,87.19989702234278,2061.533756859992,5.644171818918527,89882.76565313738,20.521179372862417
25.905758031432708,-106.2435786361751,1913.738708008192,9.640386491986533,29.521792321028876,19.5865883652413,417.6474333760454,0.21581826012029942,6.565344219296718,6.521667963249045,81.94699339721991,2397.9919760981265,6.565344219296718,98254.11631594975,22.43244664747711
41.555915768168695,-88.23505810854112,1396.4574405242174,0.06544406947686343,29.367278590579744,13.6150145986782,277.5727480988088,0.16540619068863147,5.668571722970678,5.636992392570676,85.53824037939938,2070.4458218150403,5.668571722970678,88551.146199469,20.217156666545435
28.497886658341972,-83.40144211833922,1488.465057931438,2.0155001798263084,46.13401442560264,13.252830508324205,532.7256718232208,0.24500847233941203,5.719725457212677,5.016553271380458,84.74958940947698,2089.12972324693,5.719725457212677,88526.44313415581,20.21151669729585
44.59624927577194,-80.15490332955429,321.50946605682327,0.0765249917611874,70.74217539826711,13.390575011962039,991.9689329118045,0.39365076681546507,3.595039782718883,2.5338011951527286,85.25661933833273,1313.088280638072,3.595039782718883,55974.73384999297,12.779619600455018
43.65752433267974,-72.92951607979978,2083.4194690796467,2.313010552545255,37.22352563313967,4.500599608695319,480.68313007154507,0.24512002644824565,5.382790988850262,5.056783978161207,85.4520340600144,1966.0644086775583,5.382790988850262,84002.10140724838,19.1785619651252
36.97905011965307,-107.10234440644358,335.03426659163705,2.433354466263076,31.09882779518369,16.786127037060936,304.0922914567478,0.0932368094843739,5.498776101849982,5.40149288469005,83.25338228657824,2008.427971200706,5.498776101849982,83604.21084071456,19.087719370026154
41.04582716695948,-77.64065145421606,1715.5468149408664,1.3583859979081971,30.334007365926333,9.656912683999149,255.27217500042815,0.19393385993762394,5.310962847890739,5.245435914432335,82.0367342369955,1939.8291801920923,5.310962847890739,79568.62546029377,18.16635284481593
31.544402716409962,-116.88890721444481,619.3550918233855,0.49612486465413863,37.238925804338855,19.6420541013756,436.6730284680933,0.17771355032005567,5.407836543108346,5.079729685194387,83.92362340449117,1975.2122973703235,5.407836543108346,82883.48649421343,18.92317043246882
35.30802957438755,-85.92779105690599,2057.225258957691,1.652791551629148,20.09071231372882,9.222085776463306,300.65087322531525,0.05,6.3243905034617,6.699838033000947,84.3345453863777,2309.983631389386,6.3243905034617,97405.70970159888,22.23874650721436
43.71928554505132,-83.93320260624476,1597.913009644381,3.904402733783841,37.16357405742899,7.304101178505288,519.649961543692,0.15678664390904407,5.461234422973755,5.132768378106347,83.29223306826674,1994.715872991164,5.461234422973755,83072.16969907559,18.966248789743283
35.02236473215713,-87.40294497512869,1670.6994829034934,5.337771258545743,43.1146220539724,12.971301080334301,553.4809130056057,0.2327992289296484,5.3451974202416785,4.8010437382468965,84.4163309552398,1952.3333577432732,5.3451974202416785,82404.40943110535,18.8137921075583
32.5871583678106,-110.37500424870174,520.9772220787492,2.6481731053460877,38.77434914434079,21.40165876352973,563.0296074499192,0.24158693333710235,5.324290320055068,4.944027141356537,84.49443829676211,1944.6970394001137,5.324290320055068,82158.04200074443,18.7575438357864
35.8610987340072,-76.85567006117901,1002.5359497655958,3.1191799969235356,43.235754812086064,15.584639675409402,709.3032393554737,0.3940258506456688,5.384083167634501,4.8314055030953265,82.6349603301842,1966.5363769785017,5.384083167634501,81252.32774974132,18.550759760214913
43.877982058493245,-114.88164297799867,1378.2983683669659,0.7837000926295861,42.807456968273634,15.998084325208415,638.7170485992457,0.2142071367023077,4.812301581427304,4.332745147655634,84.5924569225357,1757.6931526163228,4.812301581427304,74343.79114786613,16.973468298599574
32.04499313690094,-121.10372125787514,1705.443279144192,1.1855804323446848,5.0,17.08488755035676,57.86913286104193,0.05,6.79455917296172,7.915661436500404,83.59918196445803,2481.7127379242684,6.79455917296172,103734.57738062211,23.68369346589546
28.17027823525785,-85.25689050695675,273.5126582116376,0.6181441557026652,46.463662851117256,17.592428075640996,743.2984805817105,0.2567366298882765,5.210415067208137,4.557833297669782,82.95002864969494,1903.104103297772,5.210415067208137,78931.26994595109,18.020837887203445
41.08833648793874,-98.32431137743238,2119.085430377236,1.0036004307342228,22.921732778075835,11.0097324901968,224.9192286714322,0.06908360261909324,5.878048860584887,6.110513176030264,85.18106270733598,2146.9573463286297,5.878048860584887,91440.05417379734,20.876724697214005
43.82347710499396,-78.1487069222315,1963.9744416922954,0.8916115959356465,15.274895065928757,10.88173902463357,191.35657696746742,0.16393050857324498,6.008188751658828,6.56740533296542,82.83451318245967,2194.490941543387,6.008188751658828,90889.79441303204,20.7510946148475
26.415299484564798,-103.29655438285401,631.2494695655064,2.564875152903693,15.119867098610069,21.217928011621545,191.56934582050414,0.05,6.749286873952694,7.384806004931326,83.31499861514291,2465.1770307112215,6.749286873952694,102693.11044989375,23.44591562782962
29.756978706142675,-114.91295622058351,1818.9345225195138,2.894885378313756,42.803748988505525,9.533896620425605,475.55715999479287,0.22750093786788872,5.8317395373578425,5.2507452375655514,84.10807627527998,2130.042866019952,5.8317395373578425,89576.90392241105,20.451347927491106
27.407327754263854,-78.83212160662703,1164.3964345356203,10.148132978720849,30.993651309952646,19.87698737554771,391.9237021109013,0.18294691049692846,6.238297824318622,6.132523996440372,86.06146743098135,2278.5382803323764,6.238297824318622,98047.17400153454,22.385199543729346
32.350593877972,-94.35887989143613,1042.88393535834,0.7616774596327573,5.0,18.196978472191923,50.0,0.05,7.063281878851961,8.228723388862536,84.28917611658645,2579.8637062506787,7.063281878851961,108727.29314647644,24.82358291015444
34.808423493729904,-113.78342721092083,726.0333274945216,3.592109027734316,43.604680673461104,14.219457844216155,801.6833341947508,0.3600065537407331,5.410897568095101,4.841493857418962,84.792432498712,1976.3303367467356,5.410897568095101,83788.92833687717,19.12989231435552
41.97183208711935,-85.09926407633193,1299.0824612579238,5.948904153963735,9.087053645621108,6.812386389466929,50.0,0.05,6.030600382503901,6.853117734666869,83.55353619600525,2202.67678970955,6.030600382503901,92020.71743854876,21.00929621884675
39.62754203716018,-96.39986352156697,1619.2616030627353,2.8753531941068697,37.516784453327794,11.721083882150483,683.8463954887204,0.36775212351047804,5.542331844766723,5.195284929397573,83.88226556343548,2024.3367063010455,5.542331844766723,84902.9745938773,19.38424077485783
38.90228561948235,-91.36709895902273,933.5057456699302,1.030315871552112,39.29298066211497,14.894133974680003,553.9101798415588,0.3270381830234922,5.195326803192191,4.80541303455224,83.92668414972061,1897.5931148659477,5.195326803192191,79629.34899801946,18.180216666214488
32.45699871863171,-99.11148973684458,1402.821264967828,1.0659505555627133,50.94038747051081,14.711182790487014,769.6518378027472,0.3230435006391103,5.066769770159855,4.273401216981128,84.43995935402553,1850.637658550887,5.066769770159855,78133.88433353294,17.838786377518936
44.19474127403424,-79.24971487382766,1553.522780483903,0.14015479569653994,67.07032615640333,10.01110958527883,890.1045863545534,0.4920322175117416,4.279855439082446,3.1264674254883205,83.5560486404276,1563.2171991248636,4.279855439082446,65308.12616281505,14.910531087400697
35.31089201755595,-79.20361335311532,1578.9119065828647,1.2756898443331075,10.43582613379025,9.804433563904224,166.89453506923095,0.05,6.436334387577111,7.253421998838704,86.00999982821432,2350.87113506254,6.436334387577111,101099.21296144152,23.082012091653315
47.49851851236371,-85.69300362148314,161.72711098203752,4.777285591245345,34.05547059086511,14.077748663061687,541.8255522709552,0.24578224647237867,4.665672341772236,4.486565139573823,83.44025064224678,1704.1368228323092,4.665672341772236,71096.801812905,16.23214653262671
39.21941131909769,-118.30832562059103,1898.457782222894,0.17039335212263967,30.025964689204088,12.992276117748961,486.8187470882754,0.2744355978088404,5.941105885555676,5.88061501392519,81.43913829719195,2169.9889246992107,5.941105885555676,88361.01407097693,20.173747504789254
27.030353797548067,-78.70189145718028,1035.2446267448531,0.8664539912920769,42.80749434729732,19.260237335973947,676.7822598695982,0.2590423852678538,5.698671803731314,5.13078513730026,88.0,2081.4398763128625,5.698671803731314,91583.35455776594,20.909441679855238
40.228261489810414,-87.76529905122287,614.194575646861,4.28738322541298,38.882037876805136,10.1384195641808,507.51525927135424,0.14238723841909234,5.182641156182551,4.808587839263007,83.50894696358438,1892.9596822956767,5.182641156182551,79039.53485651659,18.045555903314288
31.802496370360775,-86.36069503576783,569.7936910813154,5.34188729173605,28.65416763074084,18.949139067036786,353.12237958123626,0.06654847154457241,5.746035474465414,5.742707523475889,85.96975468063702,2098.739457048492,5.746035474465414,90214.0581305161,20.596816924775364
40.47185272046634,-104.39892661819093,1088.4803426144936,2.1264386279448675,27.063760605004603,10.064630708690238,219.4750159433041,0.194489251504843,5.811179003334791,5.872508302348176,86.10718626293963,2122.5331309680323,5.811179003334791,91382.67782876239,20.863625075059904
25.671387555897738,-76.51890396752164,1956.6878098582622,4.19151056033823,14.903884606687143,17.732981736401626,260.97628561131364,0.08228888647277512,7.173407400497098,7.859707427660166,85.41782146837556,2620.087053031565,7.173407400497098,111901.06406372624,25.548188142403248
28.197154492223024,-84.8299335873177,863.4473006176909,1.718306953059045,52.78150848331717,22.269393588932886,847.1789898987846,0.34370440762023535,5.1563570716231375,4.282506354315541,83.70295917060389,1883.359420410351,5.1563570716231375,78821.37833508992,17.99574847833103
44.537694213738874,-117.9201148074235,1661.9103555846182,0.6098753946060325,43.265675268791526,3.0133873255502914,767.3176217548743,0.2640774718151449,4.901226961976745,4.397088095283373,84.43002722981151,1790.173147862006,4.901226961976745,75572.18381003327,17.25392324429983
29.452309368564357,-101.97998614206722,258.16027162252,1.7771116741804553,51.51982756031247,26.491711308362195,751.7948493024254,0.36066481784246995,4.95459969621137,4.15869878159934,81.49155016269772,1809.667539041203,4.95459969621137,73736.30651779097,16.834773177577848
44.08898700583056,-76.13546045415235,1073.521909624783,3.035983832265404,29.412869543440756,8.343601094138096,335.1321963173136,0.10056042217098476,5.582188183526374,5.549308610568664,86.9852216607274,2038.8942340330082,5.582188183526374,88676.83344507012,20.245852384719207
30.70262612290585,-121.45137810834153,2182.1252018443815,10.35137857856045,23.176961563500253,19.509921397399864,154.76784756005802,0.05,6.757709458804753,7.0128891438775645,82.722291002726,2468.2533798284358,6.757709458804753,102089.78717731491,23.308170588428062
39.42916584140899,-72.08350253932933,1706.4412760035245,0.24929986083097747,15.590328800673898,11.529563933345864,322.4312765177696,0.14932238618654536,6.290727632489723,6.862351573685671,83.61914855588867,2297.6882677668714,6.290727632489723,96065.36829876027,21.932732488301433
40.65961376423594,-87.32522131074361,502.636250147318,2.47816031263175,41.460516507331874,12.204418561200587,400.8195744248927,0.11380585964809331,4.988940199141203,4.538819976605345,84.14847973056038,1822.2104077363242,4.988940199141203,76668.11778010812,17.50413647947674
36.30371407548127,-89.90569720725766,1128.099168450508,1.3960330775438676,16.283721958491775,11.454888541010163,193.91169964450816,0.0718674280428338,6.274460969401748,6.81415211822607,83.83884036774457,2291.7468690739884,6.274460969401748,96068.69995978625,21.93349314150371
31.327456240721553,-109.38980014964847,552.293241844418,2.484686008714662,68.2759352413979,22.53355964960259,933.4324105852061,0.4590406505523327,4.410352427513855,3.18457635588788,83.0146900765599,1610.8812241494356,4.410352427513855,66863.40278645742,15.265617074533658
29.103465032906307,-110.56524340808444,930.5559936143949,0.08493637778134765,11.462433540318074,18.68546120752668,153.5285557793511,0.08538295145057279,6.67949575873053,7.47945197695564,86.09150857808203,2439.685825876326,6.67949575873053,105018.11660312842,23.97673895048594
24.79654450949823,-73.12885614761583,1727.1806510301742,1.3141026284673198,39.925882145825035,17.81903607710236,562.5426100451346,0.24091986880689065,5.557848682216574,5.116104338366332,85.42541892523242,2030.0042311796035,5.557848682216574,86706.98093425599,19.796114368551596
31.29471362977737,-107.89328747135737,1708.1333528743678,5.999231638786084,63.20338472984815,21.8278330330165,898.6621418546316,0.3851857945792897,4.9705172923510865,3.765546133677502,84.48307080648854,1815.4814410312345,4.9705172923510865,76688.72356525382,17.508840996633293
39.675906972750795,-82.12271397717404,540.415812490128,2.8255699286969387,45.78361566674856,14.646786542895201,399.4342931266268,0.14697420067059963,5.186352937582607,4.561473597854367,83.40067041600487,1894.3154104520474,5.186352937582607,78993.5876055351,18.03506566336418
46.51931564276359,-102.77142289681773,2032.7801340329493,2.0961382393781722,38.16212682485203,7.142258721374466,535.7353665349411,0.32303068537730506,5.182002745030549,4.834109572298549,85.59641380776671,1892.7265026224081,5.182002745030549,81005.30047169734,18.494360838287065
44.90890757431325,-116.48028017762599,1324.0215929443777,1.1767258023583722,17.567294354685878,16.850261576329363,50.0,0.05,5.751175682516272,6.194182646317603,83.30329705083365,2100.6169180390684,5.751175682516272,87494.15755670759,19.97583505860904
42.38555463684726,-123.42137392445062,866.8372255683312,1.2385885769874803,10.12815460578133,15.674368187442678,215.0159717900381,0.10013629634404572,6.148910996145587,6.942753346791645,86.35558776050672,2245.8897413421755,6.148910996145587,96972.564329448,22.139854869736986
42.92273623807917,-94.61010380117645,1129.1614986788504,1.690677333210017,48.86090196051654,6.612550258038099,628.5401118668703,0.267642991595003,4.787285811043758,4.107365254559842,84.16683137322514,1748.5561424837326,4.787285811043758,73585.21499552268,16.80027739623805
39.959637683423885,-71.30794379835763,1350.903194891149,6.318461271488242,62.11065033394904,15.28520311493205,653.8454321529515,0.3228737220870532,4.626985452657111,3.5406870143367506,85.84467229045907,1690.0064365830099,4.626985452657111,72539.02435861749,16.561421086442348
30.246884581584073,-104.06664553430295,1253.7646434684386,11.962053219443225,27.100700171392916,13.468067289811199,297.9893346609632,0.17932091971508332,6.1871596241481575,6.250857043771677,83.82926951072463,2259.8600527201147,6.1871596241481575,94721.20870799743,21.625846736985714
45.77268073693992,-104.71161396437557,1095.770826402783,2.020970939985765,14.496892862905682,17.55066965129498,145.94896616221416,0.059211129009902365,5.799701417781353,6.371098150704695,84.10729977306141,2118.3409428446394,5.799701417781353,89083.96835069181,20.338805559518676
40.097575485740016,-105.41905263613013,1135.6055287922102,1.7493277895740862,5.0,10.986592967464029,189.06996175550046,0.093312475387111,6.3465449305833594,7.393724844129614,85.83813159218799,2318.075535895572,6.3465449305833594,99489.63644541793,22.714528868816878
37.45057514353056,-95.89063278553765,429.2856074199553,6.560349438219813,17.346232814074323,30.87885117929413,262.511033572065,0.12580633501739116,6.146199717085315,6.62914578200186,84.93934725598902,2244.8994466654112,6.146199717085315,95340.14682754547,21.767156809941888
26.663747261123547,-100.20409629508815,1797.3757442550607,1.948465194989235,32.95417683501728,22.88393896452981,495.8029701252999,0.09297748810701124,6.31650299097896,6.122717493369299,86.34055022625732,2307.102717455065,6.31650299097896,99598.25902678189,22.739328544927375
34.72933305135421,-76.48461015674121,1214.784687873183,2.810509136924282,63.78421833506121,13.111426409012777,1011.1012201129171,0.34184269492316,4.718762385013736,3.555636870357551,85.31570192906676,1723.5279611262672,4.718762385013736,73521.9988989304,16.785844497472695
35.04859850884623,-96.70187724693153,331.8217026651117,0.9190595875102557,47.11640646019343,20.649077377700078,650.015261650259,0.2405865078181761,4.850165006828449,4.220541587168986,84.8839251494364,1771.522768744091,4.850165006828449,75186.90305129788,17.165959600752938
44.749526628544075,-96.58107673781728,1697.2377684029725,4.762227751744563,40.49153728472155,12.391101301674157,642.300318089342,0.23954519871838237,5.455199592435475,5.000013587073679,83.23957696461056,1992.5116511370572,5.455199592435475,82927.91346885318,18.933313577363737
37.119557284506925,-116.52793388508994,2054.754553511304,2.657417078456497,27.797846096579644,14.157068351322192,457.55595674531423,0.13068419421234098,5.799701082911355,5.831106912731073,84.44284461165815,2118.340820533372,5.799701082911355,89439.36237141598,20.419945746898623
33.12961317528983,-70.93206479083915,2086.7098333594686,5.79481965513151,24.503017089392785,14.427469944227022,214.39528989455775,0.12681049935808056,6.479645979729871,6.664179042454091,82.6304262240049,2366.6906940963354,6.479645979729871,97780.33039678309,22.32427634629751
47.44320788425583,-110.5014638930832,843.3881246840214,5.311123588517594,60.30165675514334,17.44225197652921,991.5215523349898,0.41323990119045273,3.9050482675165323,3.037691759339495,84.56367320052716,1426.3188797104135,3.9050482675165323,60307.381811786705,13.768808632828014
26.657294239831575,-120.03834035718145,341.36127815562116,0.847271724066294,38.61329373365101,23.805535414760207,398.5559342640447,0.15533024524067676,5.527538455175307,5.138990884254219,84.66007599104036,2018.9334207527809,5.527538455175307,85461.52841089075,19.511764477372317
34.14116227948667,-88.19010255533873,1164.55919726109,4.401245067896731,5.0,15.346810313621415,161.7366649477848,0.05,7.078854657401358,8.246865675872582,81.05873228779771,2585.551663615846,7.078854657401358,104790.77005865342,23.924833346724526
25.008592204113725,-91.85021601152889,292.1098431008245,5.633984962201695,22.876286337849628,23.898128340946258,168.56070503933154,0.06800638388748205,6.4509734565274925,6.708147936187258,84.05810791378757,2356.2180549966665,6.4509734565274925,99029.61576766222,22.60950131681786
41.75769889840633,-101.58213468439173,2058.0729498021274,1.4868417119572919,19.55211142811072,12.35216367459502,333.8532388087174,0.05,6.096085708073856,6.480963420411614,84.62231234863366,2226.5953048739757,6.096085708073856,94209.82168152336,21.509091708110358
46.03383725277962,-101.20161937044338,444.69619881356385,0.6631731362101615,25.167247834805632,16.522016403391934,538.5329575022961,0.2162409167523313,5.283704460425099,5.409611255020414,83.87443521429147,1929.8730541702676,5.283704460425099,80933.50622690545,18.47796945819759
30.720895909211748,-81.60654826349271,593.4465988950028,0.00922469027147164,45.13239188513153,22.373498509140724,610.5556207368203,0.25755735874739627,5.30704148338822,4.6918134482133755,84.53707325828486,1938.3969018075475,5.30704148338822,81933.20044586853,18.70621014745857
44.600200243178904,-113.43151743461895,924.2685328026864,2.0981847515772634,33.06599212770351,16.489504223584788,437.2883255025345,0.1942992181754643,5.3451304970671245,5.176962295917563,81.98741663496553,1952.3089140537672,5.3451304970671245,80032.38216834166,18.272233371767502
31.013237531085547,-79.70632077697596,873.8036074021204,1.5208641045124927,33.61642267393408,11.470815442585483,531.673917366762,0.14332571072885353,5.982085790481923,5.77082867774628,82.83620354165961,2184.9568349735223,5.982085790481923,90496.76455580354,20.661361770731403
45.85848387945396,-88.96765584966903,1758.5252186554615,2.8331743885326803,58.64251690385426,9.811331456469011,788.0555910577053,0.3395973331086176,4.420381119648922,3.4899014218652757,85.5524072447459,1614.5442039517686,4.420381119648922,69064.0716255629,15.768052882548606
42.09508568632282,-101.37563221590568,1031.081164184569,0.7290694135810883,22.46370038383961,14.77608117572675,496.3196757480366,0.15472830140178812,5.54046157575904,5.777339009128659,84.00085749846866,2023.6535905459893,5.54046157575904,84994.31844285905,19.405095534899324
43.31776264419453,-99.2664547044711,417.1517590071743,6.873043660442953,68.5555914659723,23.09648034027941,978.9975054694818,0.36729213566433405,3.980194547730701,2.866181317691627,84.50981847197237,1453.7660585586384,3.980194547730701,61428.752854752645,14.024829418893297
24.43215733441091,-110.14105081195083,624.5012752950594,1.0432666725034323,22.916463355320452,17.768670893985124,288.8135361524138,0.15623554268797232,6.368594588574049,6.620693854691213,83.18021825893713,2326.1291734766714,6.368594588574049,96743.96617413529,22.08766351007655
47.10744856977662,-83.38582603436336,1144.5937781531723,0.8985851168699095,36.60556753902628,17.30742578234169,458.44939275679957,0.29172626648332034,4.899427406110637,4.623888641614189,84.02924103491529,1789.5158600819102,4.899427406110637,75185.82977131328,17.165714559660568
41.440103809687756,-96.30476391551554,367.02592246619,2.293552088228715,29.938335282750195,17.818460189008224,325.8418469412007,0.13833537416563427,5.416822156947682,5.36499212302511,80.5469817297972,1978.494292825141,5.416822156947682,79680.87182834733,18.191979869485692
31.3140262892672,-106.67385469150844,1365.0597026389303,2.4179815250621783,37.2215444030173,19.039347779275285,458.32612296649324,0.15011444497069393,5.726579623296618,5.3798305838742975,85.26901790763115,2091.6332074090897,5.726579623296618,89175.75470938082,20.359761349173706
43.90547195661233,-91.81329374890868,1266.3567090849638,0.8476304857818615,43.002655911316324,18.61442922453714,566.9698433925689,0.24567095712240364,5.067169243301723,4.555290944063303,86.7118992584287,1850.7835661159543,5.067169243301723,80242.47906710103,18.320200700251377
30.75650876195832,-70.23033958922855,1586.609980221854,1.1104202887412091,42.809034321599775,18.469566228031773,550.5625731525389,0.27635253002184845,5.4741577369006205,4.928585439194937,82.40247367617803,1999.4361134029516,5.4741577369006205,82379.24085094323,18.80804585637973
44.94609214958707,-100.49583689854609,2066.0649230656404,0.6509107769100594,21.44388804882956,9.045407075207859,234.39690526990347,0.12871525548942991,6.039371397889367,6.34069244847574,82.58950171873565,2205.880403079091,6.039371397889367,91091.28167071294,20.79709627185227
26.70192936988649,-74.28266435795454,2011.3473063674846,4.436184826385741,14.787535805943726,16.896559994922928,416.90962431845617,0.3108679870892107,6.846075560214242,7.50663455991904,84.66131984735622,2500.529098368252,6.846075560214242,105849.04689228792,24.166449062166194
40.888463459059096,-105.36909064407342,2084.0625788479874,5.145220980926599,80.0570922363028,7.24596600920596,1017.7897836592902,0.38831219806997086,3.77911291258772,2.417121958004198,86.21081893576012,1380.3209913226647,3.77911291258772,59499.30152807357,13.584315417368394
36.97676343947785,-121.04443382605076,576.138533600957,2.1717762338279076,26.288281887190045,18.365807286188613,382.6992051852781,0.17206957615649746,5.710932318437838,5.802204591745102,83.99685402392558,2085.9180293094205,5.710932318437838,87605.27610688897,20.00120459061392
26.31682728469058,-112.97092625610485,332.86540927461243,4.382237263550267,47.58582389609576,21.631049611025183,725.4536355214278,0.37971824580483843,5.564390983328531,4.8237662740423755,82.15602296878124,2032.393806660746,5.564390983328531,83486.6961308145,19.060889527583218
29.805451878212136,-101.39046226030506,699.8949060673643,4.660465173934629,6.062456410582456,20.90980452676579,147.88518930652765,0.13592679072864644,6.997779279557927,8.100369012497133,83.68707414504318,2555.9388818585326,6.997779279557927,106949.5233581469,24.41769939683719
24.297696870655557,-112.13971385589328,1974.4331214475765,0.5208689398175435,29.966971041715816,7.8501480127467325,413.67688700577423,0.07486147325952022,6.65705892082878,6.592027461670232,82.45510187953231,2431.490770832712,6.65705892082878,100244.40961407691,22.886851510063224
35.250431171148136,-123.9877399362142,2139.9149704405,11.853255872243077,32.71041108831603,13.153889391051031,433.87549805169346,0.1806135765195399,6.178697490236399,5.999682844011825,82.99673056069683,2256.7692583088447,6.178697490236399,93652.23503476141,21.381788820721784
31.23036625824001,-74.58991696163352,1897.5486448015236,6.021917875641735,43.51067125870098,13.971642944649874,654.3041467457643,0.3468527661031702,6.173232997703682,5.527669016279268,83.54393835127001,2254.77335241127,6.173232997703682,94186.32297496678,21.50372670661342
38.36057962314621,-78.43051179352983,286.5381004242187,0.8006727433911625,5.0,17.960233720796055,96.65216499782008,0.18480388493571526,6.387966401283643,7.4419808574954445,82.60601311763756,2333.2047280688507,6.387966401283643,96368.37018649472,22.001911001482814
31.13370738500681,-83.91621949970485,2086.970195828555,0.7209918805329255,37.99053103540995,14.434013033364732,505.97155101898795,0.2460112737787859,6.119491786697453,5.716010945532682,82.83314141373815,2235.144375091245,6.119491786697453,92572.01505102724,21.135163253659186
31.198058676167634,-114.93801183511445,960.2197588041898,0.4700054561242502,14.304653803377928,13.425519109841854,50.0,0.05,6.71659311180046,7.387361959743344,84.11180100033336,2453.235634085118,6.71659311180046,103173.03373054705,23.555487153092933
41.83663676955848,-117.50036688466075,70.01712513906041,0.5212874536199871,40.83822280150863,26.540507814488507,524.9427469877961,0.16826598695637884,5.051448994903338,4.61769339721377,83.70635059241044,1845.0417453884443,5.051448994903338,77220.85559855899,17.630332328438126
25.155428063480482,-120.3493435284913,1001.1465426086162,4.826389600609347,16.346074456913065,21.263254812440305,114.19002602603712,0.15851634538739126,7.039175233201269,7.641570102501359,81.86402949926854,2571.0587539267635,7.039175233201269,105238.6148379066,24.027081013220688
45.669479884607696,-84.90242380626225,149.04871480225532,2.2197914891124952,19.601311473339535,16.1201127460265,207.70240562012083,0.12297974833167163,5.426384143578947,5.767111251888763,84.594572583764,1981.9868084422103,5.426384143578947,83832.66346341366,19.13987750306248
44.454332985388355,-73.8443701228542,1219.3375304964027,5.346441170049826,30.074703012921173,8.037277663561538,424.3681660325924,0.13441672283597597,5.379156175304613,5.322551739338684,83.4270992053029,1964.7367930300097,5.379156175304613,81956.14567221164,18.711448783609963
40.02731239743376,-100.751065670696,777.8911589896603,4.799987629121246,16.058069547142484,16.19403915600355,260.6865880596564,0.09846159337483444,6.088387541420182,6.62169079571365,85.08039228532891,2223.783549503721,6.088387541420182,94600.18837471887,21.598216523908416
38.23731768257723,-117.5664037122134,1067.8851072272048,3.2476133280191637,26.440379958763614,21.001621067797345,548.2105945519312,0.24393040690473985,5.786121676336082,5.872435222333548,85.17074628103178,2113.380942281754,5.786121676336082,89999.11601512357,20.547743382448303
45.41525995535166,-96.33078768046624,1368.3162755977016,4.058356792177826,13.519236166220324,14.865216479831382,135.52866843670316,0.08366061120969887,6.093310859397132,6.7353346714798645,83.18318822856743,2225.5817913948026,6.093310859397132,92565.49453583307,21.133674551560063
28.447924308689146,-105.16307699723397,1917.9223560083135,0.06484198363803725,5.0,19.026573285610542,147.46256352751504,0.05,7.577955603057288,8.5,84.9212215410566,2767.8482840166744,7.577955603057288,117524.5286595067,26.832084168837145
25.895259892579887,-103.75945408510012,1473.0883894146466,1.30775156917761,53.32322694372847,21.16728690793491,777.1211796559822,0.29309097061705125,5.261490621838838,4.349871136772326,82.74456594045175,1921.7594496266358,5.261490621838838,79507.57575065873,18.152414554944915
29.748244077828915,-90.44814629559181,983.2050672280885,3.554669895870637,11.67112352916929,18.263094718586107,292.99549647234903,0.05,6.697034677612883,7.489308180124606,85.98564309425292,2446.0919159981054,6.697034677612883,105164.3932323752,24.01013544118155
43.069878688804565,-85.18922188384107,1811.769885391285,0.03286112028794709,31.783744023056297,3.7590524949347115,502.59528828235074,0.26140281793121856,5.6229187829617295,5.4964806607334395,82.80129569871531,2053.7710854767715,5.6229187829617295,85027.45347301684,19.41266061027782
24.8320864014356,-118.02740566084931,1997.0015957822343,0.11736529235208493,48.55203946688813,16.036398052976267,578.8804098078023,0.22411924741473516,5.651472010952521,4.861032968290561,84.52912441293826,2064.2001520004083,5.651472010952521,87242.51573082429,19.918382586946183
37.98736404200375,-122.07812753645028,307.483927829224,6.6842524570622395,23.931006154711223,18.424780683817488,162.72948323683403,0.09112003380784545,5.433159578931482,5.609644667457216,83.71858628303357,1984.4615362047239,5.433159578931482,83068.15717205827,18.965332687684537
47.890500388591434,-70.3061636549714,1193.6559017385016,4.032321106558836,20.147013804580318,14.67617307512631,313.1843632308749,0.20160641010834757,5.5629169899259,5.890967230182679,82.47465822864359,2031.855430570435,5.5629169899259,83788.29110315506,19.129746827204354
44.53670625210094,-111.4326691585602,661.7007134462549,1.0793578060806226,39.072285596013586,15.887540389162584,494.1668985541512,0.21689638151626028,5.099074062473075,4.724261528658477,85.35137364267797,1862.4368013182905,5.099074062473075,79480.76965759568,18.146294442373442
36.51469653704615,-121.09315165494321,151.1815754354369,4.076215486283961,55.12280880908874,27.261724792766245,673.6879487321826,0.27505478817428936,4.824857284620141,3.9281109421253837,82.17411236959332,1762.2791232075067,4.824857284620141,72406.86134852102,16.531246883223975
25.527381822879416,-113.74673222882032,1487.3753944950686,5.503452981903531,13.95232522844356,23.865755367381617,68.57478274490208,0.05,6.815193618996284,7.512617757726194,81.44989175253254,2489.249469338393,6.815193618996284,101374.54991133057,23.144874408979582
43.95296434525704,-121.89627629718294,1904.957171537335,1.2824996592605238,32.2973390236861,6.870397748931276,468.26029609032094,0.19826813689681175,5.390109780391323,5.249528315804294,79.67697995524794,1968.7375972879306,5.390109780391323,78431.53303812673,17.90674270276866
38.375484196253055,-102.84221169067273,400.2407071263972,0.12845965461946002,5.0,11.549311789574666,220.7707699313365,0.15429607069862078,6.41870531431658,7.477791691178816,82.68743295835804,2344.432116054131,6.41870531431658,96927.5367108237,22.12957459151226
26.758391929429603,-80.67030363962849,1796.6893638913862,9.449200023078529,27.92238193372058,22.51757774806567,350.04611250148395,0.16139446675255778,6.121491510658751,6.149303445038007,86.06386262894846,2235.8747742681085,6.121491510658751,96214.00971407082,21.966668884491057
26.252574835760548,-105.57279971308309,1884.8008271044246,1.481881251652952,35.61568432168536,22.199878081308604,557.6466116111272,0.20513270385902405,6.086260792040237,5.7861485489669935,85.88660770125549,2223.0067542926968,6.086260792040237,95463.25451158904,21.795263587120786
45.831043666478216,-100.0140960285682,2015.8319517329396,0.3940598695786264,19.616756448408818,1.8320242278112016,264.4079552559642,0.16256243420113928,5.7206994638239035,6.079288379914049,82.9221023964787,2089.485479161681,5.7206994638239035,86632.26442950014,19.779055805821947
40.06080631051388,-87.5183142273583,620.3629415350127,2.3694724265149936,26.774146991145834,22.907782531903692,245.89984896570238,0.1639824882202936,5.813541220991199,5.886681214860112,83.43831762794794,2123.3959309670354,5.813541220991199,88586.29206895984,20.225180837662062
43.90288318360213,-96.51972021622647,1993.4990901582619,5.120627062351347,9.651918170465898,9.804675798957804,208.60798873756428,0.05,6.318831380397485,7.155675752561002,83.30263038666597,2307.9531616901813,6.318831380397485,96129.28458900715,21.94732524863177
45.09549360677441,-77.4819329548485,739.4249226833293,0.8770143704348201,36.38741500486689,14.652645256037479,399.9546056653993,0.2432869465989883,5.333985211485705,5.042152719141774,81.99985178182564,1948.2380984951537,5.333985211485705,79877.61765615422,18.23689900825439
37.72253644915973,-77.23407354752915,1237.526728929331,1.0990434954066444,54.00249647989669,21.29635797022077,758.1976137779101,0.33415126106788684,5.003322194826262,4.112643409294254,82.57675219256498,1827.4634316602921,5.003322194826262,75452.99746859318,17.22671175082036
36.41871244212099,-123.4648224434777,158.59106228940658,0.9730545749252619,15.251410344131656,26.197364782520978,179.36770331731267,0.0889000405562102,5.969282328834519,6.525858974802219,84.99277836609278,2180.280370606808,5.969282328834519,92654.04315746353,21.15389113184099
34.33025784770376,-81.98549944990725,144.34433999279875,16.758904317301564,23.791908202057108,24.434986076550132,422.3944582853687,0.22632892253206272,5.682167579788872,5.872273829617353,84.75583180706909,2075.4117085178855,5.682167579788872,87951.62284878192,20.080279189219617
31.60671810698686,-99.12038558694961,1598.8024073742363,0.769662156214618,44.045832436175274,17.675833078232664,510.82655485938517,0.18449557830786317,5.499695601800867,4.903964025672802,84.40963328779483,2008.7638185577666,5.499695601800867,84779.50864312575,19.356052201626884
34.430303060609084,-70.6026107696022,1005.6319526522508,2.999118149043634,56.81763294780925,19.943781021586098,834.5338520495254,0.3954306640635151,4.780325654611125,3.835143266630514,81.99728008250871,1746.0139453467134,4.780325654611125,71584.19725228025,16.34342403020097
42.57311173752375,-97.9054679027265,601.0286070438177,9.078306863174193,8.122583380239234,14.23672694736512,50.0,0.05,6.208255196093987,7.096916741980246,84.15105482105096,2267.5652103733287,6.208255196093987,95409.00216421697,21.78287720644223
38.44616234436316,-70.70761894903194,459.3890164535569,0.5560606909531542,31.961874726512914,18.18187606383951,396.3557249383023,0.0914006847387757,5.331322115468667,5.2047931914933185,80.54423254576797,1947.2654026749306,5.331322115468667,78420.49871068905,17.904223449929006
45.4205589589163,-83.25325449489023,1490.400005347319,12.37405535008823,40.09635480175145,6.499479823372898,197.82894447051018,0.05,5.231147349975139,4.809127238816251,85.2642040368908,1910.6765695784193,5.231147349975139,81456.15843852046,18.59729644715079
34.641120345100504,-110.57533623088146,50.863319654480726,10.312780004854558,33.16298496868074,20.825020143476696,673.4916467233212,0.3089726111132118,5.5005298200659,5.3237378698807,84.38786235110571,2009.06851677907,5.5005298200659,84770.49872394613,19.353995142453456
38.5701498892501,-94.92667111850429,1782.6660137732365,7.556878727664339,5.0,10.263566966295542,125.0556932826232,0.05,6.7568922093392585,7.871779423880237,81.98215132185025,2467.954879461164,6.7568922093392585,101164.12519174193,23.096832235557518
39.15138127420773,-70.42467546815652,220.38665317934695,0.8452737290827175,44.019620167557896,16.738723682223128,539.5399337519941,0.30531211188948004,4.821376888227744,4.300006010742299,86.42463833623506,1761.0079084251834,4.821376888227744,76097.2357964481,17.373798127042946
38.20073189535181,-77.69334718139612,461.7026720524568,3.518453341044084,62.34805431963159,19.048143297423252,760.4071916415429,0.37630050252262504,4.324010435756452,3.301657060217362,81.30575301124713,1579.344811660044,4.324010435756452,64204.909588213064,14.65865515712627
40.863210554052394,-118.74218773527406,880.4082498930426,5.00793209731189,37.09991152105106,13.913590598408899,469.8338860067808,0.26243607747114023,5.142053783879637,4.8350763577266225,84.79545927337439,1878.1351445620376,5.142053783879637,79628.6660803017,18.18006074892733
29.69840324099535,-85.85591217226022,1092.4462903896228,14.947431845311343,16.440091040703262,21.182425971011877,301.8492280517908,0.13200944067211676,6.594607425322738,7.15461728523726,84.832757653468,2408.68036209913,6.594607425322738,102167.49871131152,23.32591294778802
36.29673066109898,-105.3387023629761,813.2394989999749,0.6963877498789321,25.763709565442905,11.110991254330525,171.48344135770816,0.08434451476379304,5.870038183991441,5.985408108416822,82.14049434097127,2144.031446702874,5.870038183991441,88055.90145738093,20.10408709072624
26.501395267400344,-123.6229578584612,739.5311547162319,5.083906980097759,66.85843521780068,21.923297179659485,921.8596511197757,0.32442259525435935,4.652227409083311,3.4053883769592606,83.94322396378482,1699.2260611676793,4.652227409083311,71319.2569088492,16.28293536731717
33.2282718634755,-102.21202767254202,2122.419425957355,1.4479523885280325,51.379325735490056,12.961387092359235,896.3747475431281,0.4232786536508446,5.553438267200811,4.666802524863852,81.5447582367707,2028.393327095096,5.553438267200811,82702.42173352429,18.88183144601011
35.70400964691035,-111.32326122685154,1429.3963146732976,0.6759603665675507,46.52047913091793,13.54369712617633,537.8920742360706,0.243113370350217,5.218069179349909,4.562453466688456,79.73043852550977,1905.8997677575542,5.218069179349909,75979.1121344885,17.346829254449432
39.653382229091335,-79.78105939189453,100.38085403988464,1.9148641207854697,41.41542650361877,18.96450292747255,587.8544749270283,0.27330464581754144,5.124669415328692,4.663920711713212,82.3981856596025,1871.785503948805,5.124669415328692,77115.86473466313,17.606361811566927
46.81274526206889,-105.78414712232866,974.8782031552734,5.526790095038314,23.099531980562496,5.718889573373201,543.7244292536507,0.3109674360949985,5.571315361353618,5.784714992080633,83.075062586607,2034.922935734409,5.571315361353618,84525.67512252905,19.298099343043162
38.41562559716054,-79.31372052649388,1931.268704449536,2.1882274076122203,31.389718748196167,12.482533377708044,502.6712254438236,0.17914819473755098,5.799470978564017,5.685058833938666,84.96638427121619,2118.2567749205073,5.799470978564017,89990.30956150146,20.54573277659851
41.846253988237436,-123.96771130292106,698.1308007829361,2.699055343816962,33.59739075778671,18.268955631646755,482.9558526575595,0.19492452778011723,5.289161782831547,5.103079893005254,84.10111212759122,1931.8663411792227,5.289161782831547,81236.05388751661,18.547044266556302
36.15038542788487,-107.37776589858956,253.2961412649347,18.657515471695707,44.89233768915999,22.4399950279422,679.1563731391401,0.2993153682184168,5.009487932513312,4.437172151602858,84.14031818907921,1829.7154673504872,5.009487932513312,76976.42080917489,17.574525298898376
39.21849675303195,-110.97707842738086,1680.5272589183232,1.7826977833361002,62.16054009680426,16.10394840431274,830.1610278542894,0.29912865799968524,4.607419036045574,3.5241052531244574,82.47836756507462,1682.8598029156458,4.607419036045574,69399.76469268285,15.844695135315717
25.70237318721056,-111.387362502295,1352.9297386625747,3.344436928531648,55.1300864622763,20.47540179557238,901.7843390022122,0.36636353352041306,5.095976773182865,4.148580647012175,83.20498304393791,1861.3055164050413,5.095976773182865,77434.94696603478,17.679211636081
30.105397940204327,-120.31792253266501,1276.1718918269833,1.5908022323489648,9.451081595671269,19.98643619037688,92.38214004937657,0.06314004887725537,6.677169799565305,7.57085842325146,82.60511008519626,2438.8362692912274,6.677169799565305,100730.16925228557,22.9977555370515
32.68447423692333,-113.89528939783291,165.18960315592705,1.7460569492240623,39.031909440218875,23.090401531432278,350.5285712894665,0.1297825078019695,5.447664657136374,5.048768313657453,82.16253898945529,1989.7595160190608,5.447664657136374,81741.84690727788,18.662522124949287
35.33984052015633,-94.00032322617653,352.0728710603623,4.163412901144699,48.261740213022144,23.086910288997817,636.534052588264,0.33067199239823225,5.081317477182289,4.380948404453122,83.10945085951911,1855.951208540831,5.081317477182289,77123.54288194465,17.608114813229374
25.09556989205721,-108.2665020667618,1388.4812018581947,9.72579855559125,46.139485942603436,13.455668994754792,549.2793502087778,0.15332016782947439,5.754356276483701,5.04670624808758,84.1117685776445,2101.778629985672,5.754356276483701,88392.15886339678,20.18085818799013
27.360578341279624,-101.46068175422602,496.821259136497,2.735845478967807,23.67379225902645,19.62930957882964,303.31369040662736,0.18251926634776183,6.26808352326888,6.482975077577998,83.1410422208637,2289.4175068739582,6.26808352326888,95172.27880009612,21.728830776277654
30.64354338699134,-103.64918846125182,1133.7506714591123,5.119601292747013,85.0,24.8892507466907,1164.091594091937,0.5180974379457739,3.951900946463512,2.390900072610425,83.51474599586254,1443.4318206957978,3.951900946463512,60273.920933877474,13.761169162985725
47.316784581625214,-76.70113405000569,1221.495624963196,0.3270370109263582,12.01247787803986,0.7582255250678518,287.9170102730488,0.09152399156927413,6.07603381427934,6.780323024673439,85.04237221636708,2219.2713506655286,6.07603381427934,94366.05012620881,21.5447603027874
31.95232817047322,-75.11385405343216,659.5404590825198,0.8301624769439289,15.502607960011101,19.763038308573076,286.565784106594,0.07318198163291426,6.518609063393834,7.114942790792012,83.24886837196395,2380.921960404598,6.518609063393834,99104.52944282036,22.62660489562109
35.56898539468998,-97.38032353058355,2089.1140844142096,2.4409685163398356,39.204711462708374,16.23748598875073,575.1925092354569,0.13564941465265112,5.552806005887438,5.139494106180447,81.99905005351816,2028.1623936503865,5.552806005887438,83153.69481680063,18.98486183031978
28.706345105721432,-106.17157868295736,1861.2978296964866,0.07075134596453082,73.10245498934935,15.402612891775862,1023.1398287176315,0.38654951134498805,4.332650970764823,2.9820892068935136,84.84518028240186,1582.5007670718517,4.332650970764823,67133.78143962524,15.32734736064503
38.65872170581844,-118.23276198387236,1603.1030414105169,1.0202359107113932,19.948492687324922,10.968015739526331,173.3930967367495,0.12460595639046215,6.1221781421197194,6.4917161892536335,84.39877447276243,2236.1255664092273,6.1221781421197194,94363.12868607526,21.544093307323116
30.736397172383384,-72.51624451336687,217.68681278022953,2.549994294586282,30.21508941835414,23.59787391578753,204.89372809039023,0.08256810039039554,5.772235236858426,5.705822057451948,84.49298924725846,2108.30892026254,5.772235236858426,89068.66146482095,20.335310836717113
28.967821882522244,-120.74774497538394,278.17954151439176,0.05275986083452113,54.391286114282465,22.161101725283245,772.7940067392328,0.3801465468276058,4.892828308939968,4.0085033995106585,84.93875798630356,1787.1055398403232,4.892828308939968,75897.2624722398,17.328142116949728
36.3977430827035,-107.92688501131286,1109.4798936096547,1.075436853986179,34.6784812120208,16.197014115762908,564.9628573256571,0.20440763702112955,5.308920387339216,5.08196739344786,84.68496229096192,1939.0831714756487,5.308920387339216,82105.59262772708,18.745569093088374
24.1321391798501,-107.90442513681978,395.5337007606192,2.5256352507814177,28.977130618454677,22.429344719183838,394.84644033390657,0.19987465814445587,6.4049098553269985,6.386720460051731,84.04309303870696,2339.3933246581864,6.4049098553269985,98304.92541918896,22.44404689935821
24.18393678358141,-106.6983305484284,2153.270746588369,2.979622988091526,45.18139223396096,20.785572394269415,579.0540589967834,0.205397594477772,5.848199634611246,5.1682309506563495,87.58717899427813,2136.054916541758,5.848199634611246,93545.5121583754,21.357422867208996
29.25765141844459,-115.1285104632899,390.8185031589303,9.101191062778346,39.90532382413268,28.573024030167925,605.1247500592788,0.2038565622142075,5.530340645166021,5.091578534077435,80.6433372684799,2019.956920646889,5.530340645166021,81448.03360976357,18.59544146341634
24.881312700019706,-81.70928273012035,1098.055846247544,3.6281404263000496,53.54789814146224,20.779568765306923,741.3373539180366,0.30353420327398145,5.467248259815863,4.51138034126409,83.12037408226716,1996.912426897744,5.467248259815863,82992.05396663421,18.947957526628816
26.592618099136594,-117.38511545383658,832.8602722092367,1.8749216993250561,58.246440003176545,16.32306281157738,984.0245792418677,0.3767619157847784,4.6227020609252065,3.662450905400563,85.45100154701724,1688.4419277529316,4.6227020609252065,72139.52689023227,16.470211618774492
32.132655584130035,-89.71504040572921,1424.6808061263107,9.32501317856246,40.52605508009651,14.321528275256346,690.6376053281796,0.21062456143488084,5.532027804312274,5.069094520659436,84.21387943814335,2020.5731555250582,5.532027804312274,85080.15205766808,19.424692250609148
43.26205630991551,-117.31231455788586,327.42827911226357,5.378005974598065,40.251189056809565,16.158978624564845,659.467452497667,0.26566237017151156,4.868579084811404,4.470532221508275,85.13688455101686,1778.248510727365,4.868579084811404,75697.26908040668,17.282481525207004
37.72916744086322,-120.19107556998034,975.1803202911404,0.7810414596856251,38.8539976811504,18.168128557768682,619.729378957096,0.2635423453870211,5.296888951799693,4.915629564805877,84.2546346443053,1934.688689644838,5.296888951799693,81503.2443482478,18.608046654851094
36.304025422954,-74.89080680096268,640.6158205353588,0.4908076873272026,43.80435001968718,14.428056564311193,484.2441588304748,0.2651863300875012,5.114487150682387,4.569127083581077,86.06108482673996,1868.0664317867418,5.114487150682387,80383.91182399211,18.352491284016462
31.04373175699492,-113.7330466187899,1958.6657780441294,3.9425069633465157,35.99307148168635,11.160342544563038,570.2023709488689,0.28442460508534834,6.178295166174047,5.857323462551438,82.48873371655013,2256.6223094450706,6.178295166174047,93072.95839132041,21.249533879296898
46.36208926638759,-79.65249165377597,137.25928108959442,2.8725026908824294,34.98904731819879,18.49346797611284,527.4792582194406,0.2807801842197418,5.038545896810447,4.812197630583617,86.01368983411007,1840.3288888100158,5.038545896810447,79146.73911742856,18.07003176196999
33.5283609896926,-94.58993296021467,2014.5141121138874,5.45683157173045,56.53928817489036,16.595302322227127,852.1925072875813,0.39109808628950093,5.190275702857607,4.174149387732144,85.7564947398064,1895.748200468741,5.190275702857607,81286.36029074753,18.55852974674601
26.090226403098516,-119.79574794112644,1840.937397888951,4.698708755691355,62.29009124639077,14.568334948478178,921.3222261307761,0.4005148988353221,5.034196723594426,3.845972055458463,82.18456632865443,1838.740353292864,5.034196723594426,75558.03926318543,17.250693895704437
38.80959638682723,-72.40579766234436,689.7770403477532,3.434877258600252,7.864046996598425,11.753928208384998,155.3729167371845,0.05,6.1625405557107396,7.0558111070130165,84.94599811483151,2250.8679379733476,6.1625405557107396,95601.11180790933,21.82673785568706
26.732121443438434,-110.6640969824378,1746.974907555775,15.037314022820969,35.180380731330246,30.372143617825365,762.6119771935829,0.3252486003940899,5.806531821885028,5.537906184704534,81.78658265451496,2120.8357479435067,5.806531821885028,86727.95409791583,19.80090276208124
32.28535542724061,-77.57915135095925,117.10915472830725,2.669413686448067,22.603500197985774,26.019261232455044,308.83043577660897,0.15851903710679444,5.740586860595833,5.980402739034772,82.68242247833938,2096.749350832628,5.740586860595833,86682.15782836358,19.79044699277707
36.177886529227415,-114.88425968763353,2128.7609331307963,0.4201033662277124,29.402513603250696,10.008131349125556,505.26892852844276,0.2834006176887063,6.110467457502025,6.074919231212461,81.16707121542342,2231.8482388526145,6.110467457502025,90576.29247248374,20.679518829334185
44.98134059244422,-77.88708436433994,1182.179126568047,6.166483965116348,42.245291775235785,15.323626202683224,544.3351038269006,0.26112072034779926,4.992342379649269,4.514490132288015,82.48377949332402,1823.4530541668955,4.992342379649269,75202.64981816523,17.16955475300576
35.84511792816285,-123.28564410311412,702.0542060407073,1.0155469820165106,47.04989068776443,17.861599383265492,737.7626280174692,0.36942026673754996,5.018906752166292,4.369715004169002,85.06216821027688,1833.1556912287383,5.018906752166292,77966.09888146266,17.800479196680975
40.85421038475994,-96.36385534524804,829.5539070785557,5.256787727359929,32.98172401499579,18.936463347865992,555.6761252331867,0.17993182427889917,5.346997156744858,5.1819242963647465,85.22076190389083,1952.9907115010594,5.346997156744858,83217.67821267106,18.999469911568738
47.82760413597769,-82.45010071123593,192.77150994006934,11.021671061296601,5.0,16.151293380214582,106.44260771353478,0.05,6.192113135220618,7.21381180253202,83.68393427913574,2261.669322639331,6.192113135220618,94632.6934784436,21.605637780466573
27.15573887755156,-73.5210420553897,2177.101455190384,4.176717403919392,17.629179549628766,15.25949782182017,413.73320793245273,0.1938563723215855,6.824623794567239,7.347360925849024,85.22547771471493,2492.693840965684,6.824623794567239,106220.51169641403,24.251258378176722
30.59355661246847,-74.9030846448497,134.47768207398877,3.172452708684737,51.136994063602984,23.10618364109609,627.4903132544,0.3195019317264614,5.1042941277781475,4.298025143756254,85.41789011684119,1864.3434301709683,5.1042941277781475,79624.14112919928,18.17902765506833
33.469825814343515,-79.74025704442718,1458.050314767897,2.1591553738911426,5.0,9.858801475853575,50.0,0.05,6.9635190772724505,8.112499725022404,84.23195993793952,2543.4253429737623,6.9635190772724505,107118.850797253,24.45635862950982
34.12387628493195,-76.03766711828958,1001.8822445688853,1.586204783708691,56.373688730276,25.387224046508752,810.469650826213,0.33357338988679774,4.813794295173089,3.8769537657540445,82.76160994562119,1758.2383663119708,4.813794295173089,72757.31893206877,16.611260030152685
33.8645058063731,-113.24213696479787,2090.1698691057372,1.5239571465536925,44.38213983160175,8.543987360532443,709.4306429908466,0.329953116546335,5.717138857483631,5.084394635513701,84.66158116922347,2088.1849676958964,5.717138857483631,88394.5205694692,20.18139739028977
45.782664061357316,-108.65404803156665,578.8994416596096,3.540690484418075,58.6911694675404,9.06320965884878,839.6193246750588,0.2935478439240183,4.469358287384893,3.5270468922694316,84.7304770614883,1632.4331144673324,4.469358287384893,69158.4182798941,15.789593214587693
41.13678346720455,-108.39569965426284,1193.9866714667244,4.869899438862388,31.425754636142713,12.667074551398859,568.5364685570546,0.31726042272327754,5.501480901389055,5.391559759069522,85.01091658552546,2009.4158992323523,5.501480901389055,85411.14369763508,19.500261118181523
38.58972513817689,-103.63908772590827,1087.0658484529188,3.9718379049232784,5.0,11.353407191513782,50.0,0.05,6.72393108124986,7.833379709656087,85.29810490500336,2455.9158274265114,6.72393108124986,104742.48294284234,23.913808891059894
31.42494522870677,-102.76068379919981,1561.162854707718,0.7740535250710789,42.74652754711696,15.846109211302279,484.39353671078203,0.105901169118194,5.6338219316937925,5.074802047241648,81.95675314211816,2057.753460551158,5.6338219316937925,84323.3961968653,19.251916939923586
43.77096922131108,-94.59401246864752,196.2219986977041,2.384176460157851,57.94375623269014,20.07300925116857,842.0254209113125,0.3513472758058426,4.267753829496445,3.390276782493431,83.23510613195138,1558.7970862235763,4.267753829496445,64873.32045499798,14.811260377853419
46.92145227563974,-115.36649277821216,466.64662955021294,5.489708953888478,51.64499249924158,18.533324930327943,715.3118673780125,0.38296954652628346,4.458627721415422,3.738492699092636,81.15206798146826,1628.513775246983,4.458627721415422,66078.63029880034,15.08644527369871
43.70875878120543,-86.67268015555658,511.3143631996271,2.259946562244665,23.071553297215363,19.033409618946145,377.2881181968371,0.18652603909869594,5.449819363549777,5.659632650915388,85.12049405753301,1990.546522536556,5.449819363549777,84718.15172140796,19.34204377201095
24.03756252459535,-114.95140687755665,1637.0241229096328,2.6922521676781304,36.561699358327644,17.775448030241208,509.1235619299366,0.24968934462098857,6.097080141279538,5.7560588919118,83.68153282802938,2226.9585216023515,6.097080141279538,93177.65131606348,21.273436373530473
39.27363288440177,-107.24334196635444,456.64819710249117,5.1611964207620415,25.40894716196137,18.24199152715309,321.72328120511344,0.13612065528415299,5.562346592079944,5.685482315913206,84.64622110604611,2031.6470927571995,5.562346592079944,85985.62451149085,19.631421121344943
25.22724915461042,-96.81936294726768,1283.0072923655998,3.7888833232441606,20.253203644591302,21.864217622187276,276.0510938519059,0.10740241424140193,6.820243217844238,7.217369437836592,81.78648187771475,2491.093835317608,6.820243217844238,101868.90040894524,23.257739819393887
30.182573288009323,-80.99220967773223,512.7742140770504,1.8428306904852785,52.196994281237316,14.822821254242259,733.642809416641,0.22843903544394456,5.0062424246886605,4.178315259142661,86.10147127453958,1828.5300456175332,5.0062424246886605,78719.56359868529,17.972503104722666
25.428592808346522,-84.06866140510873,1902.4936426805536,7.902066398341368,13.444418397227082,19.32700382332073,157.7237275763461,0.05,6.934811443529415,7.669132186366484,82.20849125307109,2532.939879749119,6.934811443529415,104114.58297445519,23.77045273389388
38.49109087078531,-89.1411447538318,2075.6987271527228,0.6209493516656224,18.91130424953097,4.471318322047671,244.44505486109077,0.11166572311416431,6.246151418481875,6.668521613133399,85.16184495657369,2281.406805600505,6.246151418481875,97144.40633071112,22.179088203358706
40.478157923822565,-115.5882439286708,1164.759896125817,18.925689374277365,15.127538597497061,22.122415849276717,171.42620666626783,0.13705504582795625,5.6800144107496635,6.214544832268911,84.1769252563388,2074.6252635263145,5.6800144107496635,87317.78787138338,19.935568007165156
26.747703313581724,-94.4595513367588,807.4641010497332,0.44285616458503085,8.17554458061716,20.30815266507278,200.12413611558088,0.10059174195622864,6.901164133432304,7.886451534901541,83.71583583371073,2520.650199736149,6.901164133432304,105509.1691576608,24.08885140585863
33.21213319307951,-119.27788890280618,553.2242162876232,0.052719969199579976,37.63545725316686,19.54891827289774,546.298501994916,0.2588043521838157,5.478710036661072,5.131095742282508,83.59475984008174,2001.0988408904566,5.478710036661072,83640.68851025183,19.096047605080326
34.94967621493301,-103.62238845298086,157.02915327454411,7.726063648026793,55.907054872675566,18.408671539956003,1008.3740154343345,0.49934171704628305,4.616111804704337,3.7328216538971284,83.0429054860258,1686.034836668259,4.616111804704337,70006.61579379458,15.983245615021593
32.857272522261994,-101.6701073643422,627.2751638246151,0.9834158365700987,31.672218387585218,17.557971418436267,459.4815125540392,0.20788897280290258,6.029561214228569,5.898686400165758,85.94279426535115,2202.297233496985,6.029561214228569,94635.7890247917,21.606344526208147
26.904600011644632,-121.85018226992929,1456.6069268824335,4.578775065918077,7.8965395898450055,27.70626963692071,55.4658072249639,0.05,7.2515025606265695,8.300970633360933,82.93641139676006,2648.6113102688546,7.2515025606265695,109833.15862928474,25.07606361399195
34.05474696449941,-109.20464262862151,1197.2764023148034,5.8313136562744665,50.1190017153565,20.45046060889444,968.7335615012975,0.36271274367637074,5.187959063553795,4.405443571826391,82.09616770447016,1894.9020479630237,5.187959063553795,77782.09815655819,17.75846989875758
42.02827314740203,-72.39492876760957,2079.688748303994,6.85614606515568,65.34263157262949,2.4920235615577617,956.1594797882464,0.4995104113937069,4.18354644392803,3.1067081950456217,83.42405969694774,1528.040338644713,4.18354644392803,63737.66421522039,14.551978131328857
25.704183948798132,-72.50383917719677,901.9961143571562,16.725931523087436,23.3676381653613,27.939988253995974,426.15941300433985,0.20389381104282564,6.380914145133818,6.613348723806522,83.01651323920602,2330.628891510127,6.380914145133818,96740.34211386324,22.086836099055535
25.924320337965682,-104.97433907036287,1541.8061860060482,1.2186870135522914,26.386023199081073,23.39799401845093,428.61462310738415,0.13140934049877684,6.3946195248800315,6.492443375926569,85.34670792216798,2335.6347814624314,6.3946195248800315,99669.36975316539,22.755563870585704
32.51451100406362,-121.6725941167905,1102.043907071511,4.335498364209439,44.281891341501094,16.733400663660657,682.2475817107902,0.22571144232276738,5.254000883557398,4.676201386632002,83.09307041922419,1919.0238227193397,5.254000883557398,79728.79081869345,18.202920278240516
46.6014170788542,-114.3288732762782,1152.0388642370551,0.4291684366929965,64.19372746013093,12.495955761449684,952.2775895770803,0.45943551533689575,4.024603922111539,3.0210444153568314,83.19333516629317,1469.9865825512397,4.024603922111539,61146.54322606958,13.960397996819541
40.045743521349934,-102.82023915458883,625.7147763988526,1.827837661828582,25.64298537694593,16.79106521571397,248.79333879963644,0.05179180634609891,5.379910648372425,5.490193987448482,84.03514819072112,1965.0123643180282,5.379910648372425,82565.05261603238,18.850468633797345
40.288078960141554,-72.8198963096616,1028.1441702102993,6.592909915436383,11.01590394203231,22.619963234672532,190.97555994459353,0.17226485785202503,6.090965915472255,6.8394766304934596,85.310137229921,2224.7253006262413,6.090965915472255,94895.81034765093,21.665710125034458
32.686079780108756,-116.37525056899202,1062.1877435773206,1.6041373767885736,46.365534912903314,14.795164625096096,516.6313583956226,0.07743992614364051,5.406294108845222,4.73289290284266,81.94686819660595,1974.6489232557171,5.406294108845222,80908.14752430306,18.472179800069192
38.247858989004925,-82.77014444191654,1569.2814217602079,3.1299567403272994,49.383225316561386,13.526098785249653,673.928870790606,0.3519334560522513,5.042850083347291,4.308194686691692,84.7580319464876,1841.9009929425981,5.042850083347291,78057.95160104799,17.82145013722557
24.24314841666584,-118.13114287376663,2072.3759982501447,2.452529414507028,35.11036610783408,15.016121897278428,418.9833798533484,0.19892114883032672,6.2254366213404335,5.940482432913858,83.303906204807,2273.8407259445935,6.2254366213404335,94709.90727937936,21.623266502141405
39.26630511382901,-71.01209082087105,758.0407465873842,3.634125101103558,24.953601326165888,10.80779734736861,385.09743715119487,0.16638698663250823,5.743404130282513,5.888854637884145,83.51335112737726,2097.778358585688,5.743404130282513,87596.25032398984,19.99914390958672
45.91888674182968,-103.39270904810671,140.73100744979166,12.628050886012096,52.89881715785683,25.399398949147635,773.9960649438191,0.3137254386411698,4.526948159545725,3.7560463706305294,86.84260403803556,1653.467815274076,4.526948159545725,71795.72538574116,16.391718124598437
38.70176324027566,-82.13733489945098,1117.0345198263753,0.20072146314641182,44.50464808186336,10.272767626334428,671.1796622226057,0.37419468502245384,5.131733248933164,4.559378022663423,83.7052961631727,1874.3655691728384,5.131733248933164,78447.16254283312,17.91031108283861
44.96876624319228,-105.50008152819888,1220.5918641207124,2.9862896080131294,21.16816069573713,12.541612619911016,325.08390701522853,0.17080457084307205,5.832557340035852,6.1348172307561635,85.13204062546286,2130.341568448095,5.832557340035852,90680.16247561776,20.703233441921864
41.37535333118625,-90.10588063342433,412.1471849336178,6.957945549595638,35.883705163502086,10.357552650776757,441.6893381103893,0.13887704376788965,5.048370437379465,4.789964870537904,85.07837075580503,1843.9173022528498,5.048370437379465,78438.73994205588,17.90838811462463
26.893401993688567,-113.63113142403802,1684.9989034935434,2.2980617451531633,10.669264423556363,15.876692428400053,123.26935299462112,0.05,7.023268938219474,7.903390931926075,82.22996412885225,2565.248979684663,7.023268938219474,105470.16579052233,24.079946527516512
45.658879374860206,-116.11486495796402,2167.597583149207,0.2862370145009198,47.34602821588256,8.3033916513007,754.8840111478044,0.3233998653022839,5.051788837476458,4.3878716470928625,81.23190851216565,1845.1658728882762,5.051788837476458,74943.17268811536,17.110313399113096
25.594652264538595,-73.3445364633209,2083.415641568191,2.8777248672393925,30.279795751108594,12.766392355107225,530.7028082449604,0.2210726134251961,6.738766261170026,6.6581802513851995,85.23147313862536,2461.334376892352,6.738766261170026,104891.57741463784,23.94784872480316
36.81521934114633,-74.4470469931606,473.7779834708522,1.4125220429932552,27.15720501707473,21.41146878207251,265.5225603763913,0.05,5.910530228286557,5.9690419057595,82.37468071132722,2158.821165881665,5.910530228286557,88916.10212617867,20.300479937483715
27.411290971042984,-76.07667722850435,1932.0309657866355,0.5892241631737409,34.408259267256184,14.928599866545149,328.62286649032194,0.1341565180968507,6.255385750429582,5.999804357493131,81.50372556814347,2284.779645344405,6.255385750429582,93109.02659891525,21.257768629889327
24.280958657541696,-90.22659369100396,1564.6613182851222,6.617464115791681,35.72553858794446,23.890592062275076,427.46860191075126,0.149415185809103,6.173771874489277,5.864596972040502,85.53924332226629,2254.9701771572086,6.173771874489277,96444.2213341522,22.01922861510324
34.12882224306334,-80.35351659432098,1025.77011218486,2.5805747042288014,51.10874110818009,22.96022308305809,820.0431337177463,0.34214914246439565,5.240488545809854,4.4137428483945715,82.47085989933662,1914.0884413570493,5.240488545809854,78928.2598410484,18.020150648641188
31.08097698369975,-120.27200540678575,1212.3136377981675,9.475188628781078,45.63962956385399,15.605013125424229,760.4432169122592,0.3531475209625281,5.5169751210209945,4.857821239370416,82.8412237864734,2015.0751629529182,5.5169751210209945,83465.64626037354,19.05608362108985
35.664011851142476,-105.92139173790332,1876.640376212285,5.739937695840135,32.18463298172955,12.874924223496288,358.1136737040965,0.223844528083242,5.560968244164453,5.420317839266942,86.96155973263394,2031.1436511810664,5.560968244164453,88315.70997387126,20.163404103623574
37.85279728162922,-107.06003126311356,1082.2901202225023,4.132854805298209,48.74602669494192,16.288607528043265,713.1753091028206,0.3426008306113063,4.838208671264917,4.154946262201646,81.51039695792764,1767.155717179511,4.838208671264917,72020.78199688662,16.443100912531193
25.049737735414737,-89.67515261455888,852.3958435760228,0.01763360786237381,42.21327056644903,24.943035982922048,774.4289212442952,0.28660667969361275,5.734800044199284,5.187167391667263,82.1155709378896,2094.6357161437886,5.734800044199284,86001.10386902123,19.634955221237725
26.952079082969895,-104.77828023258542,1110.4821100058696,1.9540769254360748,27.321206546851332,20.37668184761126,424.028039379952,0.19512410618310638,6.006691799075469,6.05925968774983,83.31045278628912,2193.944179612315,6.006691799075469,91389.24149567279,20.86512362914904
37.407417514810206,-115.98063379124123,1295.1290786753555,0.7700221536331597,32.755073151743254,15.451860562329998,600.7213526477149,0.2534559196778157,5.532804667583699,5.370773649753365,83.63961474024836,2020.8569048349461,5.532804667583699,84511.84648278284,19.294942119356815
32.236016476143796,-91.79077792766864,456.51695562345003,8.458977873275025,32.33198800082383,20.237581908437562,552.5204890198435,0.1636104226933897,5.586001420747563,5.43895598853971,82.65938207682352,2040.2870189280472,5.586001420747563,84324.43212197836,19.252153452506473
41.50016370118675,-80.0232682838696,1986.95162007403,0.6715371556108504,44.09470417713563,9.851127701983884,526.3059878571078,0.23920580084174187,5.198844302584969,4.633922652003664,82.26201735401563,1898.87788151916,5.198844302584969,78102.76262134279,17.83168096377689
39.654999566206556,-103.36533129916145,1499.5019399836697,1.1793474915076525,28.393592935010446,17.849501269429233,378.51215874043845,0.25054701637106835,5.746302850815191,5.753456132786873,86.26499148664789,2098.8371162602484,5.746302850815191,90528.08298302548,20.66851209658116
44.29450471175777,-116.85748938468198,1411.5281722756013,2.5459025459785947,27.9726346444106,13.594164983178416,395.09233285093325,0.16624313556390574,5.5417460313802644,5.564974578460929,84.39447918615707,2024.1227379616416,5.5417460313802644,85412.39213956552,19.500546150585734
40.619827840061404,-113.37883734510756,263.916886288372,1.0698131001098043,70.43763156981126,21.206515598303984,996.5401807794916,0.3355159413385181,4.069836002680692,2.8771159408721987,84.87775311631378,1486.5075999791227,4.069836002680692,63085.71253827605,14.40313071650138
34.31834585736355,-111.17590152085326,1348.9739670710724,0.8244286876242233,51.915238671447874,18.70415582537335,818.4462367441274,0.34253269886548404,5.021957550011094,4.201336186366373,83.79416223516219,1834.269995141552,5.021957550011094,76850.5587779907,17.54578967534034
40.151198937466376,-107.80552997829504,310.0654238127585,3.1991455155791195,21.309188040347497,17.766398247552196,339.1971087924058,0.08064651871483991,5.6619625133399865,5.949792248888861,84.4341824232887,2068.03180799743,5.6619625133399865,87306.28746680928,19.932942344020386
30.609148182130046,-89.2890661926593,219.20000167010795,0.32597257772203847,45.27693789095957,24.40519148400906,340.2570360956225,0.18495404038415708,5.003890493111314,4.418742718245229,85.39935249166439,1827.6710026089074,5.003890493111314,78040.96009529586,17.817570798012753
31.351523970677103,-91.54894383496318,1183.7184256311457,0.209748378278029,37.13030118179319,13.632527371696595,388.54018923583214,0.18813499510118653,5.87103592106188,5.519289781287176,82.505551478182,2144.3958701678516,5.87103592106188,88462.28192786728,20.196868020061025
42.93564383809904,-86.41168747537989,915.9888981999642,1.6296202518646203,42.04792115468169,19.174246407123437,369.9328046679393,0.14559316593790422,4.911775333469032,4.448420806504325,84.39725399477696,1794.025940549564,4.911775333469032,75705.4314888901,17.284345088787695
34.71406839363797,-104.4248928352983,1315.94208083588,4.463695417218082,37.47214384217188,4.6671170893106275,542.1465378559398,0.20933617748051717,5.43776870964969,5.098968492700447,85.04406347011184,1986.1450211995493,5.43776870964969,84454.92162187054,19.28194557576953
43.161128172440456,-79.50412679848117,241.82766132306298,2.8323639400203895,56.41356761873425,17.019760446444778,813.8387116090556,0.3284877480896625,4.381942525846133,3.527923954132764,86.31719601957639,1600.5045075653002,4.381942525846133,69075.5306548648,15.770669099284198
43.73813696803868,-112.97926629758895,976.6135851216055,1.923946299135279,41.22116620372603,17.99835434737566,605.4188227132362,0.2526715675142978,4.909896267916852,4.475133970780239,86.92183646970264,1793.3396118566302,4.909896267916852,77940.18623822101,17.794563068086987
44.58149610387081,-98.67179963401969,425.79143734708964,2.9194846659879534,33.88240343214283,10.35389783200532,378.460821278538,0.11908025779898038,5.039295232843218,4.851950240761784,84.10478969547263,1840.6025837959853,5.039295232843218,77401.74661155244,17.67163164647316
45.999245660188976,-80.74930903676275,2172.2651847368506,1.591945363481912,53.759430385694316,8.038133199698112,820.0464259117193,0.27229835674647784,4.787961856714166,3.943767513179305,85.70795842453069,1748.8030681648493,4.787961856714166,74943.17032948231,17.1103128606124
34.34364529231911,-114.27143302243856,1256.4729567356248,9.629064566665372,39.1991307395817,13.539929048462168,620.4140800009967,0.3154408140018144,5.485491364552326,5.077404185273259,79.99474809994268,2003.575720902737,5.485491364552326,80137.76754638777,18.296293960362505
31.652803639707333,-118.06739185799772,1527.9892510228647,0.19764399204848535,37.18661442792304,14.6410790462619,395.0976952704068,0.14535399087115491,6.131978805158879,5.762181845637179,86.32842436406507,2239.7052585842807,6.131978805158879,96675.11300674595,22.071943608846105
37.972769918258734,-76.28106574484855,749.6493034676068,3.916475531006809,40.65240684475006,20.947770862003285,422.5298756816136,0.1844062700757962,5.206780773478906,4.7664597356904785,82.91117450741879,1901.7766775131704,5.206780773478906,78839.26899171679,17.99983310313169
32.908138162503064,-105.48179821100342,253.68866677558992,7.766514071275765,33.315037579405406,22.71512219653627,466.39735748898187,0.20859632984545046,5.668857481268801,5.4806215773772164,83.63835382651817,2070.5501950334296,5.668857481268801,86588.70491388609,19.769110710932896
38.42578000320559,-87.07101325491227,2148.1223549846036,5.701684001814931,35.16608587391844,1.830363752097016,671.5034295961941,0.29589411964784157,5.449526611655618,5.197962288402945,84.66165672655053,1990.4395949072145,5.449526611655618,84256.95685948443,19.236748141434802
40.93406070345179,-122.63117536974733,665.4569260738439,0.7118692456885912,24.439497402286293,12.346685894151078,512.1272378518723,0.1546954492500256,5.537146260612852,5.697300011169133,83.76983644902673,2022.4426716888443,5.537146260612852,84709.84591745357,19.34014746973826
40.52172044381128,-86.73746802588971,961.1875981231846,1.228053086296545,21.478990046770182,18.86063074922404,357.0462966995878,0.06497728206390252,5.706361627549504,5.989665760849555,84.2946800693522,2084.2485844624566,5.706361627549504,87845.5338061315,20.056057946605364
32.989269288482916,-106.9305291764636,1447.2074316605363,4.418672266443953,17.025733043316087,17.714562534651993,165.3605954484176,0.05,6.365496609002019,6.879955209131407,86.38153945233921,2324.9976364379872,6.365496609002019,100418.43752928171,22.92658391079491
28.00464484077007,-120.98999390627814,103.09919002513927,0.3081201487807782,9.94430083765263,31.87495616162491,227.90447767599534,0.11474577565251239,6.70697942604234,7.581501763379225,80.67368746733106,2449.7242353619645,6.70697942604234,98814.14367236884,22.560306774513432
34.33270412309298,-91.07011087640169,1792.057130612167,5.8470228159478985,19.165087495077984,20.320587867600512,223.06879845018761,0.05654783931386253,6.611470143331421,7.046798345621408,82.36961427524918,2414.8394698518014,6.611470143331421,99454.69783417003,22.7065520169338
27.422259457965808,-110.99659393204864,1203.6431085615336,4.44174327267659,31.863193379595337,18.27278718052055,369.33400364695365,0.13614310050126902,6.145469545740273,6.003863463077974,86.72019578594782,2244.6327515816347,6.145469545740273,97327.49584235509,22.220889461724905
45.3623288444114,-103.11240892919848,648.1669521979676,4.577571339190735,36.85611648402146,24.359068479302984,301.588947614101,0.23202693219335385,5.003121656586174,4.7129765459913155,84.79014632550701,1827.3901850681,5.003121656586174,77472.34059285978,17.687748993803602
32.30105905770858,-119.64863613652827,182.4571683788089,0.36970059284616474,30.116661863342472,22.65015626154474,431.8714859215599,0.08767525822708983,5.609349009337428,5.548674739491081,86.8833584629702,2048.8147256604952,5.609349009337428,89003.95211688639,20.32053701298776
27.70703393335977,-116.05318444087295,399.3715932700491,4.427498027733164,5.0,19.68430262600176,50.0,0.05,7.1038600638048175,8.275996974332612,85.29544486586835,2594.6848883047096,7.1038600638048175,110657.40091734807,25.264246784782667
24.61074623773802,-107.90922928322443,1974.3227965348892,3.9860313008438886,63.342554439722164,14.518990746701135,896.4388001089608,0.4683463701407634,5.368215441746395,4.061603178054827,82.01460841197984,1960.7406900978708,5.368215441746395,80404.689947906,18.357235147923742
39.49973727087562,-119.15298696975151,1524.9520814621658,6.220893122532704,54.55664221202687,3.5734573996374657,533.85722134467,0.22021057529385138,4.833244448343812,3.9540942213716646,84.96807700763533,1765.3425347575774,4.833244448343812,74998.88021906799,17.123032013485844
39.285655618913836,-74.81538170693898,587.2887015193131,0.14870041327715244,43.023677321908316,23.81308749688933,619.3141497650851,0.22274830412717325,5.183564553482449,4.6591654030947645,82.52407790117616,1893.2969531594645,5.183564553482449,78121.29262629556,17.83591155851497
32.174499997951,-123.67345966806516,191.04164463181348,0.08183667491889554,69.33483210595882,28.945314733938435,727.5755330862607,0.36159491796983134,4.28641900451563,3.06331581132158,82.43302181008411,1565.6145413993338,4.28641900451563,64529.168818678074,14.73268694490367
25.721085332343623,-97.87154818132719,1534.8229216312682,1.6338702169426027,17.407445885293207,14.689367237035743,352.4982677209601,0.14963580004112226,6.961916260961899,7.505975249159818,83.88642839458836,2542.8399143163333,6.961916260961899,106654.87919559913,24.350429040091125
33.83109347748557,-117.34463726084222,1280.676610830695,0.5638303867508287,68.97725217126808,15.4610877274504,1017.8706538112615,0.4066973526691587,4.224753072769733,3.0298206808912367,81.57350429305042,1543.091059829145,4.224753072769733,62937.67259677024,14.369331643098226
31.469219881521447,-107.38532916819078,919.7169775852053,2.860604719725418,17.626146618490136,19.62269634183963,218.8995755164031,0.10082660281704352,6.337996671898304,6.823594796033291,82.78078426565732,2314.9532844108553,6.337996671898304,95816.82421094492,21.875987262772814
40.250895353640225,-73.99278376981366,831.7646157586372,8.725945073646491,39.297282655244416,11.886861803500258,606.4339431816297,0.2197753691898741,5.256724597562789,4.86204457061694,87.30778095023865,1920.0186592598086,5.256724597562789,83816.28426151312,19.13613795924957
38.53870198686457,-115.2684941232047,516.1506932475828,1.7385376968285837,12.070928147584322,11.056422514588384,71.18556779982526,0.05,6.364326713033459,7.099428742414703,84.35756610726173,2324.570331935471,6.364326713033459,98047.54772361294,22.38528486840478
32.75024947674096,-71.84505473521004,1489.6642015556629,6.524035233346844,35.2644937197986,14.972636312580606,500.94046363866966,0.2030453468010416,5.685550851618434,5.419174515838663,83.73660579800557,2076.647448553633,5.685550851618434,86945.7043904848,19.850617440749954
29.22942130211976,-112.88710364257123,2136.9362597568215,0.0008431623647739265,41.950996963970994,12.877761397425013,666.7913613416275,0.22727988588854442,5.524158777054388,5.006782755872349,86.71933532991139,2017.698993319115,5.524158777054388,87486.75779823249,19.974145616034814
47.7128631877342,-83.9554301427912,427.7877785491756,0.6458955698972643,32.215574039578016,12.83662770881863,141.58911164495322,0.059530128775221194,4.971751869482847,4.844927360175271,83.40564703489625,1815.9323703286097,4.971751869482847,75729.50715943525,17.28984181722266
34.89603890870676,-94.47942769554517,1333.8007330333323,0.10813579580244166,47.84979399362248,16.518643076319155,625.1746799429623,0.2782097783499512,5.3468658307019705,4.625313997267966,83.86286945704632,1952.9427446638947,5.3468658307019705,81889.69122641697,18.696276535711636
40.518581658725694,-76.238148709775,961.9978698538488,1.3920059337473902,36.782260090770635,20.67472753840816,512.6872282571514,0.25627270124306034,5.07194081552193,4.780426854935655,85.48620428418428,1852.5263828693849,5.07194081552193,79182.7244039066,18.078247580800593
27.373271221880657,-94.08436420283093,1010.3807517510295,8.358103778984404,25.596534889204833,19.41775331263165,338.722126674291,0.19753046872346264,6.124202456253767,6.2517344146241465,83.39889630207547,2236.8649471466883,6.124202456253767,93276.0338844171,21.295898147127193
35.654152791825545,-95.13380216555933,596.416652274801,0.35692897695139825,24.797360279557893,19.65531997718995,492.873226536551,0.185077019308617,5.888673889033796,6.04424369087418,82.88021889097125,2150.838137969594,5.888673889033796,89130.96783698448,20.349536035841204
24.660881276867173,-113.44526798010641,1824.039982672051,3.2635573369022737,49.596447907082535,20.68988560702926,581.960158206867,0.26745412964981474,5.592305697095278,4.769257349209066,80.61936537695892,2042.5896558640502,5.592305697095278,82336.14089065032,18.798205682796876
36.1309228298508,-115.02361444921043,1093.2995489165685,2.1019620848919014,23.232643463474584,18.49115868803529,263.1410841441213,0.1342682907037017,6.121962471271842,6.350749365783397,82.59525252992586,2236.0467926320403,6.121962471271842,92343.42475308706,21.08297368791942
47.136417770824856,-74.50958583976222,1218.3225822262677,9.758704779604997,51.47725346872886,8.239304994206108,529.0946459313592,0.23684703826219886,4.403276821843862,3.697252006855387,82.58095838101558,1608.2968591784706,4.403276821843862,66407.34799606768,15.16149497627116
33.22096111165921,-106.29673726209816,705.2359625142503,0.4574504855800272,57.00881227097476,19.90989617963825,949.1520369209611,0.3715070448362109,4.719918295648709,3.7803634024216155,84.23785004320291,1723.9501574856909,4.719918295648709,72610.92742411784,16.57783731144243
24.935904301797876,-103.90755823200362,440.88820118394193,0.8340238655902529,5.0,26.76456133894746,50.0,0.05,7.264034529607559,8.462600226992807,82.37848806582934,2653.188611939161,7.264034529607559,109282.83320251227,24.950418539386362
24.742938982064246,-82.96952244486702,234.70733463606405,0.10495492569462414,55.39267497141863,21.17873543484766,731.6565607961901,0.32995699478507384,4.850439673323418,3.9397758099379554,87.23702851628579,1771.6230906813785,4.850439673323418,77275.56704094089,17.64282352532897
33.31168223872487,-105.70353194916841,1585.3561529885692,1.9916638258214578,72.08760857200458,20.13711827081699,1003.9782517769928,0.33298114346409446,4.570668539175571,3.1783822950594334,82.41355660464778,1669.4366839338775,4.570668539175571,68792.10732463005,15.705960576399555
27.840598475116657,-72.58862788149385,471.90370562888955,1.1392455403751551,39.536067701634714,28.8385677789095,617.1285306659184,0.24374491614905047,5.433570358984842,5.016530391760868,84.5655429187223,1984.6115736192137,5.433570358984842,83914.87760294431,19.158647854553497
24.560450311876462,-84.15190047406477,1533.6620115059152,7.138241266552296,45.7835153353068,16.388366280348038,675.7055550459078,0.15386243048669832,5.837487595640129,5.134160194785583,84.32962943269132,2132.142344307557,5.837487595640129,89901.386896603,20.525430798311188
42.14912673480424,-91.73882090103533,889.3093590009508,3.2505188985507845,53.66609583864485,15.361026247726011,1016.1137630967366,0.3565606134557271,4.562198939552066,3.7607908887877235,85.21016105356858,1666.343162671392,4.562198939552066,70994.68463087107,16.208832107504808
35.004552213165375,-76.43166133058337,943.9158221277506,3.332535533694789,30.0413183267776,20.097485420120954,465.97204541526384,0.15029832200065538,5.61202458201148,5.5542811799324205,85.11902939210381,2049.791978579693,5.61202458201148,87238.15183621176,19.91738626397529
30.941874527343707,-121.32128094912792,1058.7316165994591,2.6568366392342377,38.28104402368165,16.60004175438302,489.410073414635,0.2587570743042288,5.584075117267311,5.204540562951186,80.67264670453137,2039.5834365818853,5.584075117267311,82269.2970018922,18.782944520979957
45.601996392395534,-110.11861462178273,840.5732924742179,0.33721130493122753,11.344408466784031,15.202690543803296,102.68604478258173,0.07719125321295583,6.0481292419055395,6.7774679502261055,83.98267098153515,2209.079205605998,6.0481292419055395,92762.1860482798,21.178581289561595
26.787335044812615,-98.88803795207086,266.3329510285687,2.0608729056032935,37.495430513548115,25.267056979860143,485.6601319479927,0.17466165411955148,5.666064525371768,5.312116729571622,83.49983500220519,2069.530067892038,5.666064525371768,86402.70960054385,19.726646027521426
46.94205189492766,-111.74315886853786,715.7083915061185,25.0,43.966015921601745,7.425861979196756,465.3405304394406,0.23036037743958782,4.912832481939221,4.383415280479351,82.30053285796309,1794.4120640283004,4.912832481939221,73840.53451814325,16.85856952469024
31.535201217056468,-83.8291198856838,1477.0288754919677,6.311201445569087,44.29093441267645,18.260660338778983,624.0595025266289,0.3044059408884485,5.709346229494994,5.081109519665222,84.6894390558238,2085.3387103230466,5.709346229494994,88303.08280932694,20.16052118934405
45.32168813540835,-74.36276632309884,1481.4364631580727,7.837290649324862,54.177645024756444,5.797488358191735,836.8338409674819,0.34064752465104803,4.434708328611968,3.6398156190232704,86.5748104738162,1619.7772170255214,4.434708328611968,70115.95278689498,16.00820839883447
38.47062903550707,-101.11641352373013,665.3822605659878,6.065098307290644,21.05356079356048,21.11811703784007,233.4134910475231,0.05,5.709470568849846,6.009931882577543,79.99049453417389,2085.3841252724064,5.709470568849846,83405.45373712773,19.04234103587391
43.8409766337957,-105.52483959395767,1039.220647099029,0.38061064641113473,25.413078379877064,10.390612978761236,275.0450916898678,0.10420650603413918,5.40589770448598,5.5254137308392774,83.19829548623741,1974.5041365635043,5.40589770448598,82137.68929630425,18.75289709961284
47.61631591705114,-72.07626046457142,465.9115402256656,0.9031970059848673,69.1191322278444,13.597958401554077,1119.2623658192451,0.46146469883274527,3.676862920576338,2.6332444839547873,82.13135075382955,1342.9741817405074,3.676862920576338,55150.14178693343,12.59135657235923
30.921730507649897,-99.97796862731279,502.2999752891469,0.010942868557823502,32.294089272253224,27.062837048898107,309.4689341494286,0.06732266968741729,5.923818628010145,5.769452060373,83.2825319197973,2163.6747538807053,5.923818628010145,90098.1558770647,20.57035522307413
47.067251649782236,-97.59138637573871,99.55124007420594,1.265957079322259,38.6006081716219,18.307507143342345,333.6266767549765,0.15736345496107193,4.8632272155678615,4.521807961297514,83.511568075275,1776.2937404861614,4.8632272155678615,74170.53781514746,16.93391274318435
33.34756547765809,-105.01090689353711,1978.0050823016509,0.40239612939629515,33.79381924894602,8.785674445247423,357.823275120506,0.1630836240153286,5.879566366009614,5.664628617965757,83.09148418086423,2147.5116151850116,5.879566366009614,89219.96370068379,20.369854726183515
33.252285713686135,-74.88438245734453,503.0193299110484,2.2405693560343947,20.209745126509596,16.46170849608966,128.8931600587047,0.07595761835250296,6.11767819322587,6.47575681251334,85.03426024249359,2234.4819600757487,6.11767819322587,95003.76025011919,21.6903562214884
32.16929050210814,-93.27640390278006,539.1978354133962,3.9567420729962857,64.22352579605251,18.430618942489453,937.7519675551933,0.4046761413397027,4.705719085730721,3.53133780523704,86.45427195158565,1718.763896063146,4.705719085730721,74297.24064540505,16.962840330001153
36.99378257634204,-82.84257229219119,651.1430801870334,7.264220994935973,25.501374585429097,19.675658773137577,320.94879415105004,0.17022081598535335,6.0812579569441505,6.211946488558403,87.99197797763675,2221.179468773851,6.0812579569441505,97722.9874503638,22.31118434939813
27.69948103628369,-80.16243720905214,323.92735414517233,4.841087698708996,14.70886057327526,25.34879602267755,183.95534352346965,0.06768165840779411,6.574383419343999,7.212348279720114,82.7510380182261,2401.2935439153957,6.574383419343999,99354.7666727319,22.683736683272123
37.28907564859227,-105.54015173646806,1424.41519883993,9.765388062154196,26.88667500855047,10.725430745282353,491.7068678171839,0.21496711695904092,5.529802586858291,5.595017069129844,81.26868667227289,2019.7603948499907,5.529802586858291,82071.63734106504,18.737816744535397
37.0009154978401,-100.58050610869948,211.5573493318111,0.1939182009438096,5.0,15.622963336855463,50.0,0.05,6.471088048670418,7.538817576701037,84.83879465111751,2363.56490977687,6.471088048670418,100260.99901257348,22.890639043966544
42.285643502516876,-78.18252418206171,338.5352166016531,0.04289116108979271,23.276825630302728,18.40511796120248,403.38449999880226,0.13885191421840343,5.703397132371949,5.914777694992204,86.4157271029848,2083.1658025988545,5.703397132371949,90009.14375382647,20.550032820508328
44.007599086502054,-104.38421100950625,1436.2269621686996,3.789635693443441,17.573685238658122,10.288005337069926,397.163873261534,0.23239742873040964,6.016081865034401,6.479225134578484,85.22053495056109,2197.373901203815,6.016081865034401,93630.68967349523,21.37686978846923
34.570592407498175,-81.12750279360003,780.2703340351019,1.1955251923199386,46.11371535669184,27.170745296241265,600.0257651923197,0.14782230042047503,5.259949374847917,4.614048591981078,85.54122244079896,1921.1965091632017,5.259949374847917,82170.74897140796,18.760444970641085
31.25599798443585,-73.1864145809804,1572.0878274075565,1.0232635810725819,22.878543687922296,16.2207763962184,394.0018971865435,0.208005456618773,6.440164891927962,6.696806713451774,83.66176999409682,2352.270226776688,6.440164891927962,98397.54533827661,22.465192999606533
30.224037535610268,-90.34663985432762,1248.4632010408054,1.4063085937531408,50.98047084041927,25.41387841457245,689.5448005129717,0.25628328977478854,5.039762831345022,4.24920902315193,82.92008697451134,1840.773374148769,5.039762831345022,76318.54414239031,17.424325146664454
28.670972080916926,-83.952126477598,600.4455220822531,1.1005099388738495,60.172711875247785,17.41430056075876,934.8277791375479,0.35200966575848885,4.647237523933508,3.619226836915773,84.17315386110197,1697.4035056167138,4.647237523933508,71437.90322132476,16.310023566512502
25.383541972776598,-80.52474514977871,1449.2800935520554,2.5069997203971326,49.06115605317679,13.038153886243421,529.7072659868477,0.23379023503112356,5.475554194430326,4.69020590164238,83.50417021894967,1999.9461695156765,5.475554194430326,83501.92268398672,19.06436590958601
32.21875149203312,-78.3678589595813,299.9884126296934,2.030292651529839,31.12301080051862,17.52127923533449,271.17092669472606,0.05,5.858612765516113,5.753971639978835,84.9946410320105,2139.85831260476,5.858612765516113,90938.24456960266,20.76215629442983
30.485944611138798,-102.66711975573301,1203.2823236220654,2.514114533016228,37.54006094070067,23.02143243269108,486.43408167905534,0.1618797137689629,5.625584853737434,5.272408236830219,85.45465166700524,2054.744867827598,5.625584853737434,87793.75347238703,20.044235952599777
47.19401726079378,-121.2317732044961,989.8684258468245,3.909218899494824,7.550271077406926,18.837756462182814,50.0,0.05,6.133588563283306,7.036134481629464,85.57212549685782,2240.2932227392275,6.133588563283306,95853.32640300061,21.884321096575484
37.385011830001055,-102.29868135321607,625.9282030574976,1.7136114372525428,32.591971294617686,14.918385845401499,404.6166871816591,0.15752037341643654,5.555352119358589,5.399003405590906,84.76588900620658,2029.0923615957245,5.555352119358589,85998.90895318238,19.634454098900086
32.33464893673218,-87.61716359165915,1348.6107451399253,1.0129951199121943,19.512107574797003,14.864090133732663,251.21684780244408,0.06446680217631726,6.651428638612531,7.073230628476184,84.36873349001294,2429.434310253227,6.651428638612531,102484.14792662398,23.398207289183556
37.9312224238487,-99.6810791678372,1923.3672235316074,0.6361682507096307,47.49787486068738,6.638190150760047,736.9716012332485,0.387127434795817,5.220395782729288,4.528770999995794,85.19164003387627,1906.7495596418726,5.220395782729288,81219.56105988126,18.543278780794807
27.340720832296693,-83.55598985353848,2197.645104490615,1.5049096871255172,81.30954300640053,7.461890714539867,1097.567544233014,0.5471706359219869,3.988308353645857,2.515957317150148,81.05551213852091,1456.7296261691492,3.988308353645857,59037.98294824825,13.478991540695947
34.65704998085287,-104.72294880869215,1356.6899527983626,4.739160577538847,43.99678944752857,18.494524535730914,533.5689212030913,0.12122070769721821,5.456133293592246,4.8669935182998945,84.31585612850091,1992.852685484568,5.456133293592246,84014.54015730675,19.1814018623988
39.02962371410553,-89.7238163803824,920.1176298077158,4.947180737454037,5.0,16.728162391462583,50.0,0.05,6.854490623518334,7.985481576398859,84.07871708575567,2503.6027002400715,6.854490623518334,105249.85156430947,24.029646475869743
35.733547963018836,-113.93333053788537,534.1952654648335,3.8476504685004853,28.497856527541288,19.290879020012856,322.0554634049163,0.17712294837259385,5.814801906376947,5.81779655440431,84.31962059395734,2123.8563963041797,5.814801906376947,89541.38276620896,20.443238074476934
33.64269121570378,-83.53405042117232,602.7565921994902,0.9331346230604581,37.204836656740184,14.246779843282326,427.4671629880911,0.20526057803125988,5.365819377238335,5.041542218467936,83.86856468061865,1959.865527536302,5.365819377238335,82185.55438074656,18.76382520108369
47.852361333592754,-94.5324176840966,1080.8282030219962,3.1042945015072787,36.572433654684744,17.622123112087923,350.7123898078895,0.11322448776536924,4.888119484548237,4.614350402644199,84.64778324019242,1785.3856417312434,4.888119484548237,75564.46840070907,17.252161735321707
45.12755429157425,-112.98052301848357,839.6470577535249,2.959513276978008,21.845363739042444,11.48093832782607,312.78290396870204,0.11812143187903211,5.476717340399465,5.734574631700726,83.13809561769897,2000.3710085809046,5.476717340399465,83153.5180911361,18.984821481994544
38.96174299582656,-108.23679663111841,2014.70122364363,2.317575870491069,39.41525136746483,12.528215232925799,494.9429484848023,0.16881249579644952,5.822435544684955,5.38047332966961,85.69428514418044,2126.64458269618,5.822435544684955,91120.64363494652,20.803799916654455
37.66505666837479,-83.57512973658106,841.8352554597755,2.794613501341525,12.63498493545103,11.023302600953569,273.5176630197816,0.09295249136696757,6.2446975890505865,6.9413254871119925,84.7104746661202,2280.8757944007266,6.2446975890505865,96607.03559907476,22.056400821706568
38.895851515790014,-97.93953327427788,852.9058709626863,2.36901621531972,17.991642991668794,15.470236704600909,107.14339267746905,0.05,5.942225563303574,6.382297869587807,84.2260287868258,2170.3978869966304,5.942225563303574,91401.99745452203,20.868035948521012
28.831490587738397,-112.3343022187741,874.5992017330504,2.9171062060492576,46.624357548866804,21.8183310518068,598.5326501793475,0.24364916315966728,5.3439429947181605,4.668626231316281,82.95372514404582,1951.875178820808,5.3439429947181605,80957.6585496933,18.483483687144588
33.48330583834365,-71.76735572000393,1848.7334522904648,4.39965034516623,16.718061844163135,14.997145983506263,415.34358788415875,0.09791974271981264,6.560041147999574,7.104351162311906,85.22297532781185,2396.0550293068445,6.560041147999574,102099.46932334836,23.310381124052135
24.947028789381584,-85.38324892988805,1449.194889820839,0.4064065053850525,44.68780889886063,20.14645676862059,531.6683728742639,0.2115217609862031,5.957413601291234,5.28532999772765,84.30998954774174,2175.9453178716235,5.957413601291234,91726.9635031071,20.942229110298424
35.413104899683844,-72.31471904285101,1370.4630281856194,4.846794711817194,10.349652056190955,17.189877622409263,121.24180357706095,0.05,6.483240606288032,7.3101937362440905,82.86677490969461,2368.0036314467034,6.483240606288032,98114.4119562167,22.40055067493532
37.03259001498392,-100.93632755054146,768.4074981253037,0.5111776186069728,66.76686590825125,12.97121517849887,813.1517244329806,0.3491540366033121,4.4633606894798765,3.270000594793213,83.91500768638014,1630.2424918325248,4.4633606894798765,68400.90561639491,15.616645117898381
29.46599366647703,-98.3445816026471,1808.493980189745,0.24133004724697066,21.063141396727016,16.48732337089525,160.04122827608012,0.05,6.620337109629832,6.968288855116873,84.94362392886185,2418.078129292296,6.620337109629832,102700.1596226053,23.447525027992075
47.13669233197233,-75.51041832600896,132.48230191475744,13.065595312539422,30.974001707538005,16.581107674959775,588.3671222142999,0.2596819849830185,5.220019604542632,5.13222925243976,84.82736030822974,1906.6121605591961,5.220019604542632,80866.43835590365,18.462657158882113
45.82691066249381,-95.64733562674922,1922.2139205269432,11.012273159964,40.951038699627304,8.693511336023313,590.418491058497,0.30008674102594624,5.4102080880015135,4.94137422010831,84.73051345171223,1976.078504142553,5.4102080880015135,83717.07313844498,19.11348701790981
41.33143765094174,-85.80693875709397,1152.4122845569486,0.21818972385287658,24.823700854980302,13.928172503568202,360.89969579348656,0.22984722005252145,5.773978415028447,5.925453507609679,84.13879708761162,2108.94561608914,5.773978415028447,88722.07363046611,20.256181194170345
36.8012790903687,-110.38266461524138,906.2380049563376,2.0497580398006665,37.58130729928348,11.815383288898804,356.5066786783465,0.05,5.368370386352442,5.029791823321741,85.53872929995285,1960.7972836152294,5.368370386352442,83862.05402762299,19.146587677539493
44.87925983154444,-99.87677069005741,1118.9096535430242,0.7213355284218053,45.35642104136226,6.9385857996539855,670.864033389902,0.23781697588543668,4.875944441648437,4.303045606490248,85.85669475571741,1780.9387073120918,4.875944441648437,76452.7554861681,17.45496700597445
27.13565625176311,-117.33370724624082,1484.9433906477368,2.324904070451795,52.29103818506273,9.507164989929711,847.8167291902607,0.3381026666403413,5.319835572134927,4.436544611276575,85.1059839235133,1943.0699427222821,5.319835572134927,82683.43965379223,18.877497637852105
42.972235062597235,-112.87707806264407,77.44566701347932,6.205499970961856,49.246953847513225,21.545403926145035,804.4050599480381,0.35818516589742333,4.32101050323149,3.69563637008696,83.11882308771644,1578.2490863053015,4.32101050323149,65591.10329648023,14.975137738922426
26.99569953520436,-123.94905557554792,1923.8364913852326,10.528151334115075,31.907411651551868,19.543382791172668,513.5370860823423,0.13145606065991616,6.520717751814127,6.368446723181946,82.41290742406422,2381.69215885011,6.520717751814127,98141.08769996688,22.4066410273897
43.06105590118573,-121.87968721097235,1010.4899794194946,3.5203437287595096,32.36062806721516,16.944276112257427,340.1002351814719,0.0926038109856025,5.41488615809926,5.271259570799179,83.1840903495426,1977.7871692457547,5.41488615809926,82260.21328935248,18.780870614007416
30.618421638032565,-71.22667354844582,787.3780173551681,1.528834159553374,77.28395404445058,21.511980025955314,1113.2876983416072,0.47038773444185844,3.909117402411468,2.5761565351174522,86.93048512196509,1427.8051312307887,3.909117402411468,62059.89635876173,14.168926109306332
45.05017394443654,-110.91290046261483,347.22796611322275,3.2362378976474018,52.09800322848726,7.458805023565002,796.1305412464824,0.33596547092903434,4.144179375800752,3.461690957461617,84.42254387074102,1513.6615170112245,4.144179375800752,63893.57791266625,14.587574865905536
46.65701025180955,-88.18122168678389,994.8505548706506,1.3088891881241422,18.407174186236155,7.923250645191382,78.25608009841605,0.051487620362011335,5.363869113050955,5.745507224128438,87.18966274128958,1959.1531935418611,5.363869113050955,85408.95310171765,19.499760982127317
27.571103265722776,-78.68861626482098,1117.0939582614146,8.42095792911758,36.799786947779936,20.68919540949013,403.06905812074064,0.19012922722804776,5.982044003477349,5.637487190291342,83.81970248461884,2184.941572270102,5.982044003477349,91570.57626697762,20.906524261867034
35.104214521569446,-94.26433520122553,917.8403931609772,7.151571239462491,28.967423501992535,18.155973510656047,494.35966120223964,0.22291291382339296,5.72103805871069,5.705179544228999,83.61177949426062,2089.6091509440794,5.72103805871069,87357.96977896275,19.944741958667294
47.54369707590445,-115.73019699546637,1509.1192017278288,2.859394497081214,32.563983789384025,8.168747454595769,543.5003507185692,0.23614124529764513,5.239801474984576,5.093360097944573,83.88891519503389,1913.8374887381165,5.239801474984576,80274.87539491424,18.327597122126537
35.601778463355515,-84.68171238384701,954.9275368323359,1.3746065526680566,12.869087161254416,18.680230818961324,50.0,0.05,6.4864661406604185,7.19943508186371,83.86173887992004,2369.181757876218,6.4864661406604185,99341.85096904267,22.680787892475497
44.72514054034909,-91.58642385462252,2117.047792370133,1.2154657646646068,27.585381781052845,7.33505462573323,465.6974908616571,0.2272787756785753,5.682897884826461,5.722123107362024,82.83952363219841,2075.6784524328646,5.682897884826461,85974.10710657864,19.62879157684444
38.12955653115168,-84.51246817524174,1338.4466633207226,0.11896197684164228,67.60800391749044,14.63254810658358,956.0423947602278,0.2863848644885503,4.409599192736971,3.204649634804499,82.27672759774998,1610.6061051471788,4.409599192736971,66257.69989023374,15.127328742062495
33.007917790070444,-82.43368236571729,1786.0775616516044,5.921462257609137,45.42337341575905,11.659787854882213,714.0281232813419,0.3747283923824542,5.476906209750681,4.8308305602006545,84.75200494077129,2000.4399931114363,5.476906209750681,84770.65008994845,19.354029700901474
30.858805332620886,-71.32784014502377,285.1151916853795,2.0948689810279233,5.0,26.616005586380066,50.0,0.05,6.736385435128744,7.8478890319249865,84.93594884184402,2460.4647801807737,6.736385435128744,104490.9553482966,23.856382499611094
28.877354186066093,-93.02758287855767,904.1762798336973,1.3763383846324357,56.90102286496304,18.761222782380234,861.1326697575728,0.30484718822043066,4.728281380370591,3.7906293278895875,87.6674719509996,1727.0047741803583,4.728281380370591,75701.07129984947,17.283349611837778
42.28315659306473,-105.5513799147075,774.2225581113784,2.2294141781373598,54.6133314123649,9.778870410481474,848.969517221671,0.3423992590098557,4.432166640870865,3.624212269616078,83.34943063996346,1618.8488655780836,4.432166640870865,67465.06561904201,15.40298301804612
33.27697216375267,-88.98291392738719,1274.3871344936724,5.97734104758658,28.532864522484502,13.569430802568023,364.32660976921187,0.18543339862499708,6.088612901665221,6.0902565126268104,83.4710167697039,2223.865862333222,6.088612901665221,92814.17234419419,21.19045030689365
36.27061109281803,-120.30420170089819,1901.394068132065,0.46581704511182037,47.910743788097875,10.777389902123641,672.5256676506989,0.13045568364781038,5.165064554141662,4.465842873452725,82.84315605832347,1886.5398284002422,5.165064554141662,78143.45670720203,17.840971850959367
35.81581152002836,-75.54054481063434,218.42716818831434,6.8232798661078915,19.530814205290387,24.76676012852105,208.57923592360004,0.08550179877107497,6.134327555640961,6.522534184423836,85.68859114406034,2240.563139697861,6.134327555640961,95995.34940501109,21.916746439500248
37.854696701595145,-117.55342538773738,206.0358157961282,7.972925381042446,26.53539710720557,19.76613541156237,536.659454369466,0.2632278579580642,5.957581328914764,6.04249009016913,85.2224811821944,2176.0065803861175,5.957581328914764,92722.33992464354,21.16948400106017
44.77385149498925,-106.29648675416581,1878.1830725388377,10.261886104873286,61.973834492057364,7.71625858869805,855.6064889562266,0.4062286095331849,4.525566761249041,3.4674130353880206,82.6845981271882,1652.9632595462122,4.525566761249041,68337.30141729282,15.602123611254068
47.537744246002305,-79.94974944618947,507.62768498246845,1.7732668947942167,30.10885928234525,9.075222965336112,329.32159743511534,0.10235084933975847,5.368831353486807,5.311051910054726,82.64670286954058,1960.9656518610564,5.368831353486807,81033.67278336785,18.50083853501549
33.78202100577161,-91.74513157014155,1487.8194970670995,0.8568067010012206,5.0,18.50092342138558,50.0,0.05,7.0647244464368475,8.230403980098927,85.42877213789384,2580.3906040610586,7.0647244464368475,110219.8004705472,25.164338006974248
