latitude,longitude,elevation_m,slope_deg,temperature_c,wind_speed_100m,air_density_kg_m3,turbulence_intensity,wind_power_density,capacity_factor,expected_mwh_year
32.9889628523367,-79.31397820625963,956.8525382603121,3.131221019371994,14.362195914737118,6.163377503200406,1.0946991207783145,9.802768744285592,128.15072871120978,12.0,52560.0
46.81714335383799,-82.71549908864525,1146.776869312551,7.156498052397688,9.074195777973296,6.497585642643215,1.0897826082646698,12.199592759941384,149.47408880113395,12.0,52560.0
41.56785460347372,-93.02943662139904,2053.822795821189,0.5345320361155944,5.206706844030748,8.987790028137894,0.9882743425539711,9.758761504917508,358.7618695555254,21.618787382399624,94690.28873491035
38.36780362072888,-72.37345424495561,829.2104388225433,0.5560505350319797,13.514396280846078,6.330884765231066,1.1150253097389826,8.3508340276301,141.46465849383776,12.0,52560.0
27.744447370618477,-113.17437616146626,2089.7662498529676,3.255102284111597,9.138068289696651,8.409882228718127,0.9701641409450972,9.447162596738607,288.5260064646632,16.88218907950892,73943.98816824907
27.743868488068863,-118.09973264328045,229.75994572452575,11.703232127799179,20.298279779232185,6.66660797960058,1.1704863246782347,16.276006650956955,173.40080198024,12.0,52560.0
25.394006692036786,-77.88605378440721,1868.7802805565411,2.14455839965103,11.169116309049718,7.497476065269584,0.9900157210762581,9.431683318791949,208.62068133544855,12.0,52560.0
44.788227498598445,-100.28590990177759,2037.1633666702726,1.583695682907893,4.34055155039883,10.068258307889286,0.9934140597140014,8.050190191865877,506.94792990768474,32.642700696872375,142975.029052301
38.42676028183701,-78.26368187281874,452.7260137528662,3.73262181280046,15.7556158329317,7.483181156966329,1.1576366749415419,11.625570160330216,242.5498768535026,12.0,52560.0
40.99374186710509,-75.7731289194476,1044.2247470458371,10.662756956993402,11.436528957593449,7.781565473500197,1.094293970140943,14.6300482916162,257.81307465487083,12.0,52560.0
24.49402786309926,-120.62728994457014,413.88946369950037,7.254249731490984,20.16845485887322,7.146672498257538,1.1455348687903166,12.356060998909914,209.0691528781338,12.0,52560.0
47.277836451887865,-76.29290279875272,1701.7178270062382,21.600169756638753,5.606342102396212,7.799585088303924,1.0308285453979822,21.17359192367724,244.55184385471847,12.0,52560.0
43.97862337921012,-99.7907710100512,1294.127687986743,0.09130860571175019,9.041646858316506,9.957722659711234,1.0705033752258128,6.769983117727135,528.491642685694,31.7816387067778,139203.57753568678
29.096138656278626,-96.43664559377146,1532.069565165804,0.4790015296656589,12.078741012121588,10.012752572957071,1.0286883153192414,7.654216386385391,516.314431549668,32.145802743266394,140798.6160155068
28.363799212970413,-90.16400440096665,487.63898135578256,3.7609790436459622,18.565026347974182,7.288871477373208,1.1417013483554166,10.260886548386917,221.05655409302415,12.0,52560.0
28.401708236482413,-73.97533923657531,523.9551516847584,6.872024030491741,18.335756618946725,6.993756687955074,1.1376337509360932,11.88961798426543,194.5826124728881,12.0,52560.0
31.301813831028905,-122.96773090079274,118.76363471357716,1.3432581287426957,19.896874042409866,6.283106873051481,1.1876776911373135,10.332868936625532,147.29633607629702,12.0,52560.0
36.59415435917371,-98.25045271083788,786.5207337658368,1.0935973681385212,14.302629289652867,9.474798086211697,1.1177150516256402,8.917045444155518,475.3472597563684,26.345289469631002,115392.36787698379
34.36668044741078,-86.86300970874973,1352.1922939741464,6.185398007192422,11.576842101931886,6.9989527108839,1.0534696856039798,12.737123511479137,180.58897159362934,12.0,52560.0
30.989499364753005,-84.97382428429566,2061.8850953136425,0.2321348034871833,8.331839618692245,7.863527087570198,0.9763229351136329,8.150555307583328,237.36444016787107,13.187969479099038,57763.30631845378
38.6844694733371,-86.60324869699616,1607.2873249516601,1.844224059748117,8.750935208288908,8.44208167269271,1.0312534797560011,10.374080616344218,310.2302048095149,16.903346820578186,74036.65907413245
27.347852655649003,-116.74050301196142,1056.2432496914084,2.819334589046691,15.45818470515685,8.083191336768666,1.077471645198197,10.1686340613158,284.5276203415297,14.237453441404977,62360.0460733538
31.011471564845237,-107.83263822792921,2288.425872258048,3.2870932316920496,6.9660032969981405,7.6351650894522765,0.9537606872388248,9.988360521481383,212.25831755274336,12.0,52560.0
32.7926842390486,-104.62936162748127,1731.8035773704798,5.2168695193397845,9.771373264062541,10.271569881884805,1.011891403177638,11.114182004853047,548.2951270759218,34.10763675900537,149391.44900444354
34.94567962120886,-80.56039078530674,2233.793182812869,1.753063209231075,6.113537016760128,7.281605804089911,0.9632241110674423,7.90651157398949,185.94257566529623,12.0,52560.0
42.844223073432325,-108.94696688961413,1275.6593763877543,3.7940610863033117,9.492776819643778,8.461192943569399,1.0712075520391493,10.88473551594556,324.4430128766801,16.926630745365898,74138.64266470264
28.792170771800635,-112.62193195117104,636.1921740076723,3.5215272056409606,17.545195724413777,6.622417781074071,1.1254500347393257,10.064670641940921,163.4353316433217,12.0,52560.0
36.34162652192668,-72.2978069719428,145.72751354803833,3.1728964991751902,18.223146962133768,6.645395772127366,1.1906761041418636,9.301347547287667,174.71339164593394,12.0,52560.0
38.217949652689015,-123.52138260387268,1748.0819465315642,4.091978521669731,8.04612342500391,7.633279494789854,1.0160566353991063,11.782941237976324,225.95471811962383,12.0,52560.0
25.114809905279945,-70.11767379317317,308.70113525317123,1.201444025053813,20.613350216896986,5.7682403223403576,1.1582725504403633,7.220607183958527,111.1503429191985,12.0,52560.0
38.58107644563452,-87.45164986170064,740.6048052872819,0.3537896460172441,13.982048234585953,7.741835683718919,1.1251783622861475,7.705278713091426,261.0497156357196,12.473730592604802,54634.939995609035
28.092578968494998,-79.26265782974768,1287.2807607636757,0.5080242736404132,13.848541744869447,8.250686808806105,1.0534541224962328,9.538077062719688,295.8393481808163,15.635579159978866,68483.83672070743
25.56123823164671,-108.09055259730557,1363.3114789157994,1.0174141346822083,14.15175965701119,8.14469987060977,1.0426091933151036,8.989076009913628,281.6545752511136,14.982275818380892,65622.3680845083
46.77325289408,-123.22697500597876,1449.3880088293838,2.7741725199325753,7.271696078799696,8.300321412119413,1.0569900875067142,9.607072798776237,302.22170288212527,15.995212825280765,70059.03217472976
47.175168793789425,-84.15504599767738,415.6876862322875,7.341409961646052,13.353323244469449,6.8211812761039905,1.17253164486967,12.706050228767806,186.06871168035715,12.0,52560.0
43.40153635479507,-78.95619176196351,923.775023475524,4.833173057525517,11.436888952708333,7.786796707827747,1.1103917594412906,11.11520083977392,262.133631562009,12.0,52560.0
31.310730460160897,-84.01428887450996,1488.9222605383807,6.224358404003872,11.67324729872145,5.843848808224287,1.0356230104533914,9.914619986859218,103.34003632237848,12.0,52560.0
26.34413073615321,-116.28608448575471,2328.168897828408,1.7291400141898814,8.127747392183592,9.240463152321116,0.9451117862514572,8.618369746096375,372.850218720534,24.194078765532314,105970.06499303154
40.42159263629176,-83.31489219812367,1751.762107725259,2.074448383570906,7.362949562760917,8.48799741959735,1.0180686193950845,11.18449501555904,311.2882815971958,17.064472547317525,74742.38975725076
34.56365984975043,-82.47816976618739,2215.7969418836196,2.001401960145582,6.33612039377315,7.3138833288101,0.9646214735184229,8.409652214354749,188.69961515836454,12.0,52560.0
26.92891763627469,-88.43881215381703,1834.0646987877415,0.8521451311278986,10.916936516391143,6.351507527715582,0.9951599357405967,8.12932586175154,127.49505456749426,12.0,52560.0
35.88424584267048,-82.62973962903834,1428.286385963913,0.25268223697618947,10.665007931415378,7.562676837495339,1.0470565654667983,7.501664426214688,226.44710729245372,12.0,52560.0
24.82532450676524,-78.32024225740247,477.0156185445,3.5753399678738447,19.690308936703428,5.949736735778413,1.1387633306330378,10.040785712742542,119.92141014947555,12.0,52560.0
45.82368964989077,-90.86537783117726,1606.7118515041811,18.119020401564182,6.612621996007681,8.392226718718087,1.0392092406020415,18.171664843349355,307.1175453419087,14.563165199373854,63786.66357325748
30.210719558400406,-119.21534544563733,1503.6433669845787,0.7300688875017346,11.914923930572407,7.654755860641707,1.0328776305882688,9.022131135090712,231.63965425252468,12.0,52560.0
39.900534824495566,-97.66809827797061,1453.876625688294,0.1912388234801276,9.306579798521566,9.247351631994107,1.048798085887389,8.351519388836397,414.6808753182288,24.324820177781284,106542.71237868203
31.481065826145862,-119.80693592773332,1185.690365812013,6.048005104638556,13.441538057284166,8.066350464870625,1.0681025557323303,12.557060200911556,280.2942703434438,13.518288207339763,59210.10234814816
36.48163250826746,-101.99267632424873,1278.202717494476,1.1645441577884066,11.386293942552907,10.48849603827172,1.0637486090454444,7.437597095246292,613.6894608735382,37.49106282087057,164210.8551554131
37.12104670423871,-102.01624958721611,815.9732145410877,7.079455085213764,13.96784670148186,10.446610491341497,1.1150459585211192,11.839264471668775,635.6074492421184,35.908051096711525,157277.26380359646
28.436506932612648,-120.43546841642696,1255.9642084886816,4.868727539294413,13.933262669284115,7.306616649362394,1.0571766434840302,10.650369365642085,206.1894928140246,12.0,52560.0
47.270031066349404,-105.16369116564812,490.18305551477823,11.650975294506484,12.87789234700651,7.77341272573887,1.16404688417688,15.537361468810204,273.38561427022626,12.0,52560.0
42.60318776066675,-118.006102665269,1936.3150657176968,2.10326459443066,5.6011532774937915,8.14628119524667,1.0013782803244033,8.310093320009955,270.6738890928697,15.163674486007888,66416.89424871455
46.54797459754054,-80.35529865950201,462.1491521829246,4.3384806203420725,13.26271270764029,6.763563491813551,1.1663951691449128,11.701872937315256,180.44399358781098,12.0,52560.0
45.475856410263575,-72.82484659791858,222.21976993693008,2.5008685247459295,15.02392445729935,5.720021421758666,1.1929808313647963,10.92421982346869,111.63398695361703,12.0,52560.0
38.349599491466044,-120.09491033607131,1058.2655427300344,3.9833784570115376,12.14552689617998,8.187637818219294,1.089714822915554,9.203380257044223,299.06027803006356,15.24664203700563,66780.29212208466
46.12498164055481,-72.42377880624812,1586.7717060244272,2.388432018934749,6.6418752716869935,8.849124435705672,1.0416520563105605,8.84401173748857,360.9055713257152,20.638754847771754,90397.74623324028
26.123820049246067,-95.78086363581576,1061.7660433418284,0.836135482840915,15.792257725175208,9.291325200065915,1.0755041786654085,7.863363479754039,431.33538652520895,24.85759477167234,108876.26509992484
28.703588698059484,-107.82345339049081,678.6748340441145,2.8362723206624407,17.31687438631747,9.603507637053202,1.120590902903635,12.860626838010461,496.25712485776666,26.62396341710475,116612.95976691881
25.085454933852915,-119.84944793508717,1348.447417659249,3.008059099632551,14.383679013888631,7.390466073352511,1.0436637893066276,9.288955333530067,210.6425496450184,12.0,52560.0
31.807927938318343,-96.96628952419744,845.8655582810359,6.65565766640018,15.38242826881828,9.295046907478095,1.1055789521846406,14.006545130427469,443.93002954412947,23.35672073137638,102302.43680342856
33.32825495254757,-81.09616059749956,2240.2251025013866,5.319969254086012,6.560172899227409,7.066104646099439,0.9609140352493153,9.672023158323677,169.50977044398394,12.0,52560.0
30.512376762573503,-85.81733022759829,2215.8954322565014,4.360096577607912,7.5509143776889385,8.74030372546433,0.9604350600163768,9.428476787167511,320.6399141020772,19.5678214027102,85707.05774387068
43.8897002196463,-121.28779538094541,1215.6449315335872,0.48138720717868383,9.539220344904589,6.741716520440035,1.078901423108742,7.464906886089369,165.29633775170097,12.0,52560.0
32.56207984064614,-120.0633008901332,800.3639057634553,5.100676558968588,15.429192613225426,7.658314721164637,1.111492644339839,10.045578761645327,249.61818834864334,12.0,52560.0
30.74242823249714,-102.2448427378376,1774.375145216801,2.775030718342351,10.131020658950051,9.601640515899351,1.0053097914708868,9.343539950015213,444.94490989455153,27.484677068335483,120382.88555930942
37.02470599579796,-108.05431332141106,107.3768054896986,8.98102258357938,18.248327368322425,7.067477898910502,1.196014505265872,12.538079706881831,211.1056361285581,12.0,52560.0
27.382181399394305,-111.45124655497341,1149.95023438389,10.096466483792604,14.885644173878369,8.302869624027545,1.067382651421717,13.074669978994073,305.4743852492576,15.147777339411379,66347.26474662183
43.25272753809695,-108.82575705892947,820.4496783633938,0.22694427823755625,12.101483668390554,7.6472874386831755,1.1217348584477642,9.526332962710526,250.8317241063763,12.0,52560.0
25.7892154483145,-80.61193186196823,2210.8754065440803,6.873476077055674,8.997982926241168,7.217526893920367,0.9561079929624062,13.592637993249202,179.73894394485112,12.0,52560.0
47.685286478412415,-73.82168510387989,48.56720490898445,0.15370525924316775,15.403010827022369,6.95915925965369,1.2162737817979115,9.231378953596279,204.96120969132818,12.0,52560.0
42.53387446311978,-102.12445449551142,1335.6994042096708,1.8302114553232443,9.225641235806041,11.034569365655571,1.0643856152388382,9.72692561989514,715.0479537704628,43.50916204902171,190570.12977471508
28.76917635682014,-75.07000588484516,1782.77932293857,3.1261651122342724,10.672571155322538,7.871643054547947,1.0023505685167022,9.986990746276025,244.44762537336834,12.7848133044209,55997.482273363545
24.132530810966458,-106.63923213261438,1174.342810307218,0.641148269598385,15.714183894866753,8.158997709923693,1.0611649239193526,7.78825213295994,288.17965975873415,15.38800076230493,67399.4433388956
43.571074282916015,-98.27240273743526,223.25921178727756,5.486629033427188,15.589122444401532,9.001181387940766,1.1904981447223504,10.148188414350201,434.10747866165167,21.63996150630417,94783.03139761227
40.96457625234281,-111.79443411793602,2334.458108266407,0.03355920131366529,3.7038784746987155,7.846113033512921,0.9594583670471034,8.455730364907424,231.71802600237197,12.99199832803007,56904.9526767717
41.496172032983694,-89.41429372250442,1252.8648266751131,0.7385724305191167,10.033959430054214,7.95412083527408,1.072138812690583,7.034786987255313,269.77243720416527,14.097835551196312,61748.51971423984
42.5104883204627,-71.13501978056033,1481.7632614792471,3.477598334525861,8.356273934985706,6.664078414231501,1.0487463055377817,8.893853885705045,155.18893194431004,12.0,52560.0
25.777071641618168,-91.41137281365755,583.1312828438674,5.012477996701606,18.768090810451344,8.354573933511515,1.1279069609179047,12.390982705466735,328.86389880364777,15.716054626015401,68836.31926194746
32.603177485062545,-104.67803945786837,1170.725442554193,9.93849568834495,13.194694099156079,9.277308070428534,1.0709735932601763,16.243876263073474,427.57736071720603,22.63116402296447,99124.49842058438
26.780857428603113,-89.01785791651147,1041.3757908608059,4.889859629248301,15.71748802625423,6.4063661487866685,1.0784497326930513,11.405869943348758,141.7768038025958,12.0,52560.0
44.714482221014244,-117.36228336286908,198.2521039647213,4.456275761566667,15.396142709907398,6.0212673941864665,1.1948485308106411,12.001514039693573,130.42072196004744,12.0,52560.0
38.95915504386139,-76.01240966566847,272.661641442972,2.0057535968031477,16.67628363818375,6.4114638208061985,1.1790671446459888,8.90843417714911,155.37463800356417,12.0,52560.0
31.94155259646358,-96.83346665788883,2013.1845966926835,0.005141004433104115,8.338426640904824,9.780874153931201,0.9822266975369875,6.397875579354642,459.53093402893927,30.031333769339,131537.2419097048
25.525400406864566,-99.73511392985932,590.7714862516848,0.5120574548956863,18.79775096043052,11.153314916323163,1.1267575552030231,9.041840415279712,781.6500814382383,45.18743866205274,197920.981339791
31.463575721175893,-92.36330142350997,484.0006861667407,3.05904145474786,17.656923166646788,8.190499023999365,1.1457661438850815,10.518572060772792,314.77271373254706,14.939143161892984,65433.44704909127
31.80439972864193,-90.26167140937227,1221.6892539753314,4.497319301141225,13.128544557555433,7.27593601039508,1.0645895346662382,10.784393845341027,205.0306599862778,12.0,52560.0
41.51054828011354,-120.1241064637683,1849.6181726427808,2.161349257891579,6.449126480109253,7.590867390859033,1.0091185589224545,9.005959005008814,220.69190904941289,12.0,52560.0
39.301379312525114,-87.13867005393627,167.43271421799125,5.247405380248955,17.20498992093452,6.52559404382011,1.1917695961760513,12.303095922446689,165.5855613759342,12.0,52560.0
45.29310582183184,-110.9356892629614,1392.8028487390488,2.9514260116003825,8.055251161016157,7.942799200159094,1.0613757831569166,8.58797596684726,265.92546595457344,13.629926469642356,59699.07793703352
35.33315820388678,-85.44655784464416,303.7208539605646,0.3082853538420471,17.57772741507058,7.290236125936302,1.171062684422514,7.256434517636439,226.86888261041418,12.0,52560.0
26.87026190251924,-79.58312110325338,106.77730096497193,0.85285333298959,21.298257623454397,7.287175872233897,1.1837103800268156,7.30198419168124,229.0304433033413,12.0,52560.0
41.11787489335188,-80.5862405921639,145.5306061460774,7.330281436338441,16.79145389511797,6.533768771209761,1.1965835339074422,12.500136416966058,166.88000689884427,12.0,52560.0
42.25884116680554,-94.16494775997398,2005.3105775360905,5.1626677865510775,5.2904841847417945,10.196182991912966,0.9939500978650897,9.792129057399537,526.8020408029354,33.60207354680637,147177.0821350119
37.470652741667905,-95.91082581521944,300.77451103478654,9.006122815043046,16.954157111290908,9.55297432566455,1.1739926908905263,12.582583072407534,511.7421966996012,26.19342354638875,114727.19513318273
42.50321231890946,-116.28469808767177,127.46024730125484,0.5002454552162968,16.484274820519634,6.037959827648094,1.2004296132661674,7.45324059845714,132.12267634486372,12.0,52560.0
35.851094312745374,-82.13130787823067,1062.2017314001312,18.51069996647785,12.871461317775603,8.799742153796393,1.0864295225455765,18.793689981085958,370.15311064601815,17.729074973720046,77653.3483848938
36.54558790516786,-109.34389345587742,2028.704463222019,0.9398864815064998,6.86409684911753,8.347802208465371,0.9854965105569197,6.779082553219128,286.6431359201336,17.066724572278666,74752.25362658055
34.26098444060519,-97.17844716783088,644.5319360445386,0.047399235076683366,15.854513051551212,8.932011058552323,1.1308987880688806,8.13308553149073,402.9410365135994,21.53490617570911,94322.88904960592
24.610059041858285,-108.6491989819141,1023.6760297116809,23.844422789751874,16.47492610917243,9.188061257382643,1.077942843006785,23.803418054648738,418.05881356164343,19.913511437766104,87221.18009741553
26.58939424783931,-116.77326839801657,115.0156275017279,1.3199867517573465,21.33308796063784,7.943995395234904,1.1824120020389983,8.954581697834522,296.3847029006192,13.546676153593394,59334.44155273906
24.754300456481623,-90.00388436784623,1088.8068636410046,4.410715614750089,16.040868681209485,7.754233584742149,1.071054669348312,12.496014742611639,249.6883510429187,12.0,52560.0
39.27384987033073,-121.0660701195632,1394.719131916378,0.777652573125032,9.849530247402516,6.983570406124633,1.0543990679711155,10.06738936692733,179.55916017008036,12.0,52560.0
31.54454354583184,-83.57315735718521,1378.7587879301045,3.4721793603109345,12.264084208669821,7.240907565432468,1.0475232390503055,11.016589672883986,198.84408713483828,12.0,52560.0
36.205696587952865,-106.8503130558997,811.1755273749891,9.375086384698015,14.271237859364206,8.926040368802012,1.114514576804251,13.71467484198307,396.3075054579278,20.087352293111483,87982.60304382829
45.78159537422623,-123.9927265777578,770.9689699782625,1.543715755990778,11.639707567862558,8.021820929711007,1.130285553668729,8.953229919488994,291.727298512529,14.098846273238571,61752.946676784944
29.983013499572998,-96.3990264811896,273.764213069103,4.437730180845363,19.362510671713483,9.420706061727342,1.1680857789117285,11.579197835343129,488.3094187590593,25.157201283759985,110188.54162286872
33.849190152855115,-121.46999693950943,892.9800031381187,0.8325448514471537,14.487362935314753,7.250985506777988,1.1027184282226572,8.029522179463454,210.19662954227798,12.0,52560.0
42.13322732503317,-109.08684387767143,256.79731191765586,3.921135193529684,15.819247930984114,8.498985805767678,1.1848038121334417,8.093656214356855,363.67861040398355,17.924772641204747,78510.5041684768
29.49115597179894,-85.82326967739132,1844.4983484146828,1.6406064012159713,10.08566311797222,7.311460550620641,0.9967933913730137,9.574768705653135,194.79938326605085,12.0,52560.0
25.847517835891033,-120.61476043241925,2319.7328286406823,0.9490117822433288,8.327347677388596,8.23636729900048,0.9454389936355744,7.212124713424032,264.12568210438593,16.109127651571153,70557.97911388165
30.95403486993043,-78.67572141277587,2328.7772068667623,1.5027440624921131,6.741126297820298,7.313522176981322,0.9497217114114018,7.747076963666807,185.75739786586038,12.0,52560.0
27.869310894096106,-123.79372417643651,2078.8692165134376,0.7881544217924884,9.165991432690543,7.775960680240502,0.9713841977561957,8.473161390670437,228.36166781572334,12.510733265031547,54797.01170083818
46.312743656221755,-110.67151106309728,1449.8853154282936,9.287728496145464,7.4068650105637115,7.6881039534513755,1.0564164474008915,13.458487244623113,240.0285487384221,12.0,52560.0
43.39488910954601,-83.99118096778814,1688.0603594404342,2.024592231399401,6.853171110493594,7.401173489549039,1.0279675947125835,7.520264611260885,208.3776722538817,12.0,52560.0
39.201690156250166,-106.92141191461744,698.7898103793855,1.1256301541653195,14.046754090848639,8.08869734452978,1.1306081387555569,8.87396796945896,299.1698810950752,14.601131676528105,63952.95674319311
44.91505416450522,-118.49781104443527,1521.233600010837,2.379785392815149,7.398082150583411,8.315517074749222,1.0472434031144844,10.587238828722347,301.0824328334538,15.866405331408949,69494.8553515712
43.28812984557875,-104.54736838477689,1104.4459276669083,1.5458050896963815,10.386885480324924,8.723478943732514,1.0903375435962315,7.5734731694988895,361.90961565842946,19.890444887084833,87120.14860543156
28.47768141326486,-109.39876253523562,1167.2012686690994,5.456867548896831,14.453487964005948,7.396290445543553,1.0667438040820756,12.80110052635661,215.81021871779444,12.0,52560.0
45.421415963759465,-78.49355728333003,1823.5082136928759,14.192286063480026,5.432525928714906,8.914125338011853,1.0160770520894882,14.64316664793208,359.859403769094,19.751334755761878,86510.84623023703
36.94421380597562,-107.07921245040227,690.965686321459,2.3052532729765063,14.770941740278559,8.987870859256414,1.1288277095539923,11.923940937031048,409.79639826749025,21.078207031175914,92322.5467965505
43.3785637239375,-81.39764652409562,776.9342758329574,7.894086649180814,12.324825227821007,5.469002669249524,1.1267616009926529,12.242939472928308,92.15660104578254,12.0,52560.0
45.50619119816383,-75.83890418022033,2220.647462886155,3.337581183721722,3.0242578632339203,7.10158702506749,0.9755983684254876,10.177289106425302,174.70579462569748,12.0,52560.0
31.632083399324735,-100.57385934286741,153.81382174531393,0.6842716613402661,19.587492049730695,8.081059684509892,1.1839872823138726,6.140122709821355,312.40788370399446,15.229104691650516,66703.47854942926
26.64124618866424,-74.86307023186282,1175.8096302237502,4.692775389451514,14.952768362058226,6.609288080074288,1.0637793822329367,10.741101953907737,153.5626573767154,12.0,52560.0
29.4704439010066,-103.6248250859876,2192.4659049707107,2.8815349814499,8.004071399873757,7.544998015088391,0.9616941373537128,10.003099602131769,206.53057893750596,12.0,52560.0
34.250586927030156,-71.93976550953417,1472.6639586072138,4.206226205300427,10.888840170247668,7.257540365985514,1.040556022807849,10.420341198260862,198.88583440683334,12.0,52560.0
43.63235438213984,-119.17836567561906,1320.4488366248743,8.817748957213423,8.987600665608802,6.522003573081971,1.0672711359563196,12.614952081865207,148.0429960880418,12.0,52560.0
44.657533998152246,-86.90095960882489,614.3911465658654,2.322379262160909,12.916392921159133,7.2501170048238395,1.1466630886690603,8.257550135063168,218.49468816967732,12.0,52560.0
24.166851132748576,-97.33404181532585,836.9956639733869,9.257724856872093,17.727970676335104,8.505485279314797,1.0978401514794571,14.911266857568028,337.7585926652682,16.272277417697637,71272.57508951565
36.257935261861576,-103.06696450539506,2047.8752296151692,5.555896021152924,6.8353680437505115,9.920523499571225,0.9832522988912284,11.370506174689293,479.997245784474,30.239040932928155,132446.99928622533
34.0178640755707,-89.83355854757555,1350.9391536089304,2.6824513932581877,11.689005855675209,7.532890816495626,1.0532162388341826,11.458373687775039,225.09848345011744,12.0,52560.0
29.330587451297525,-85.99171705174612,1245.086421141136,3.6975147622232805,13.730305237763925,8.452445415515093,1.059329475281352,9.586730031580062,319.85134797334706,17.18196220518194,75256.99445869689
26.876768816008386,-123.76438343888331,256.99971822526885,1.5756155839758976,20.39497104584587,7.731714041308396,1.166307164082692,8.423615718338878,269.53197725423007,12.22661044161484,53552.553734272995
32.10276411368707,-114.98453320765127,58.14701236319303,16.4412372305223,20.02028869171472,6.844111689697622,1.1957575729723962,18.843455431828776,191.67453088813676,12.0,52560.0
46.629832893900456,-85.49551326574678,2313.570749075177,4.402671556475975,2.1296256373787994,7.366831864110701,0.9674703704399257,8.694032979481308,193.39709724155787,12.0,52560.0
31.756870368498127,-88.01518766677685,917.2270781426831,0.17934873051013517,14.96957642059446,8.833179042210496,1.0976468990170087,6.651453206122573,378.25420022492324,21.050078178747174,92199.34242291262
36.45097492184078,-71.83343472305143,1455.6470877968202,1.5817932114104007,10.330824996666845,6.262242766914328,1.0447818985867043,10.266057892470037,128.2877958168966,12.0,52560.0
40.87245501348427,-82.90395932645771,209.72187418573827,3.9053779253668703,16.47993225084029,5.711656379023174,1.188752308686353,8.936906040152289,110.75098390560679,12.0,52560.0
32.72711045710305,-72.65827378250775,1645.8120000208507,0.23192889475631942,10.30699486274398,7.3336714978441915,1.0207410186548742,6.0,201.3028524635013,12.0,52560.0
47.322769985303054,-86.06281291712043,2239.508766720187,0.0966961726914321,2.366116404087961,9.187829283967021,0.9756288572551998,10.30025032930257,378.3496992835792,23.28717033223566,101997.8060551922
47.09873507861067,-107.90518073347008,1390.0833021338588,2.391524294382183,7.529879663613647,8.179764801867105,1.0637164773414327,7.762333399180264,291.0840037826896,15.548369035643127,68101.8563761169
30.04277509980874,-118.31029419845375,320.15446725347715,1.6180033708020953,19.066240666536515,6.702382412459272,1.1628135405344369,9.19174530047506,175.0522490330143,12.0,52560.0
35.93396414141725,-81.78151137937348,1404.4972353868745,2.3071396052586435,10.79282734525358,6.338597813520867,1.049638942598961,9.46718599442431,133.656329076701,12.0,52560.0
31.221079435602473,-89.21594204030055,1843.9063671890726,1.2190053608714368,9.570237966184823,8.497284779980474,0.9986837710395277,6.0,306.364554655968,18.434613759065613,80743.60826470738
30.83617186505922,-121.397955330762,987.2713570461644,0.7199423345461893,14.825520298205248,7.882166645968567,1.0889152596258576,8.111184972926344,266.62503523863137,13.326482680704586,58369.994141486095
24.88528673650879,-104.55727484134717,2114.0138401006934,4.673693711983926,9.850330938443204,10.012984415969722,0.9648063212449632,11.342312126565288,484.28471859297014,31.22625607759503,136771.0016198662
38.629544015517524,-72.33280996384855,1563.8654289905276,2.8908899297971087,9.02794422140158,6.933997880631668,1.03575637471351,10.159705215700898,172.6548303115025,12.0,52560.0
36.064296557492675,-96.97833813164914,2160.212425528302,0.8933453358291918,6.219436479582388,9.39750259559134,0.9717374312482274,9.620232022061717,403.233215845959,25.424399644521785,111358.8704430054
25.235490029999745,-100.63262665493595,1503.9426407686626,1.5402355124199574,13.4056971463881,9.23697832916752,1.0274664654973953,8.459151729565454,404.8810352624067,24.201523919760337,106002.67476855028
30.687515141678674,-99.28422132139812,332.46537337148163,3.584069603302794,18.79895321726751,9.66824204369266,1.1621680068618494,11.00544709249227,525.1476944916592,27.73507652122269,121479.63516295538
45.79838126319969,-112.72033290372116,757.0662724303501,0.29988287710273265,11.718087986457995,6.553266773359227,1.1318713632210782,7.3527348445655525,159.2724350641562,12.0,52560.0
29.74948537600734,-104.08981277330106,500.27197684084746,0.6381078009927456,18.073522526152715,8.270596517018195,1.1418973330820799,6.690303780900317,323.00375083661163,16.49818867161184,72262.06638165985
27.477476930189354,-104.03008417669247,2183.007064566132,0.30426677448040446,8.658714533546403,9.33051918834021,0.9605926234243493,6.625286013870764,390.14557240175486,25.53612181796679,111848.21356269454
35.74686624666151,-121.17282890987649,1829.7521601442088,6.6920107291866655,8.297427165136295,7.088552881897961,1.0049580033766023,10.260673891277502,178.9742983242123,12.0,52560.0
47.655610898654416,-82.55134806003241,1629.8281180058143,5.583912118828475,5.92434802236879,7.029826195795678,1.0388130897580201,12.561850432766517,180.44347447363634,12.0,52560.0
29.80932651627601,-101.50876067719054,736.2998407232596,5.5985387050983695,16.63940300077764,10.133319171988566,1.115439344470733,9.541635012188754,580.324798598343,32.97549460004541,144432.6663481989
40.13125313774108,-79.60228611191314,458.0265574795082,5.039709092456236,15.212464713800625,7.003247541039645,1.1590809642674962,11.352672064252905,199.0591797270803,12.0,52560.0
42.278870767889224,-78.08120793952565,1820.35358941361,4.427208016137644,6.394217233151574,7.22679064482771,1.0129765605497105,10.337215776795668,191.16387338020076,12.0,52560.0
29.70330105581759,-112.55232104627247,1148.4959111922096,2.5926334274750595,14.198034216101465,7.597212636149421,1.0701262573669779,9.432401768344278,234.6215342485698,12.0,52560.0
41.47719236668463,-88.50291196281306,557.3791341184973,4.111998350534452,14.212567485283628,6.628998289623901,1.1493369107490612,12.103527764560312,167.40216848835806,12.0,52560.0
32.82679518526208,-98.49678257519899,1487.5603080333547,0.15646694215453788,11.226599596221247,10.127152758700651,1.0374229024366566,7.567767324634394,538.7507882385487,33.40174721839411,146299.65281656617
39.17533993424591,-76.4715361522398,115.9945680895157,3.8857808595967334,17.551430611189133,6.572441890533108,1.1976543088134826,11.06539038961766,170.01285118753893,12.0,52560.0
39.204713058261476,-112.35000332447147,796.2852048252433,6.0181086913052235,13.460874853570097,6.306666785236164,1.119677127587424,11.655941236440468,140.4308315637142,12.0,52560.0
36.8585924177942,-87.39808718325762,1135.1656471269005,2.7754566331833828,12.131428391900338,8.15783743162001,1.0796283367802293,9.482851293150793,293.06868706581844,14.95577494103283,65506.294241723794
26.1669544813058,-91.18138539835297,372.1408351803859,1.7696368282470676,19.917068644525944,7.021726788604637,1.1522575298545885,11.821745046212008,199.45794541169562,12.0,52560.0
44.04725989414171,-108.05372021112103,2363.477656666198,1.2997458360677974,2.6049560917602985,8.532005141254794,0.9597886118466784,7.050237406782234,298.0567230691853,18.4500960619455,80811.42075132129
31.698721559321662,-116.62355120283668,517.651727723282,4.117860678127078,17.38447316586381,7.83100459005399,1.1422220985903362,12.01767460940118,274.26664760645355,12.0,52560.0
28.4764442495965,-88.81145293422706,330.240449502972,4.721040718025198,19.47562402810322,7.826544716199424,1.1597887980392667,11.620312309403086,278.0091735757884,12.066984793567794,52853.39339582694
24.978603397314334,-84.11573726085415,504.41299985081343,8.190766969202267,19.479940981700818,7.044686318635098,1.1358450339994355,12.33903018796322,198.55190927292844,12.0,52560.0
38.1814306365178,-106.95612343677911,1850.3654969201436,1.6762328027887865,7.4433778275238005,8.429556983999728,1.0054498898622624,10.960921902603207,301.1235264222629,16.65805637338374,72962.28691542077
40.261544684214776,-89.17903938279505,1032.703469066986,5.874745967460928,11.725315780333652,8.290323626220468,1.0947147964950439,9.307115445610313,311.8785061326297,15.99394526548789,70053.48026283695
24.39810789426855,-102.66293098897881,1365.6899366110404,3.296266912110892,14.486428012053192,10.287222369857654,1.0410931586923404,9.35164015850765,566.7010013745529,34.72317721485325,152087.51620105724
36.29023339918274,-85.48682830273864,70.00179362753858,8.576739216913765,18.692919218479947,5.942757797964452,1.1995066094291613,11.695864885025367,125.87420522622423,12.0,52560.0
29.435898604750513,-113.24237515572113,101.94651440448864,3.001513187851197,20.557551332147916,6.016158700137865,1.1873770686498142,10.295408070556471,129.2755855549034,12.0,52560.0
39.484146969826796,-75.92838985764658,1081.0648085882985,2.9161738752401596,11.668367057522172,5.794849663285974,1.0885211289559342,8.414027403719484,105.90912699466216,12.0,52560.0
28.184794296119794,-108.4798817908587,1963.639478819864,3.449834924609709,9.76272483824488,8.406527051086886,0.9833105180768021,10.589577690855407,292.085860228861,16.570338065701694,72578.08072777343
40.58250571445918,-104.13955666116775,2126.8685313240053,5.534238099064102,5.0640370977182165,9.528497587299148,0.9798349008896639,11.096819160452597,423.83439138721144,26.324311990876872,115300.4865200407
33.2816483112129,-120.8630345876611,226.36163087762372,13.37441051935146,18.657335721370387,7.496603290518448,1.1775452131782058,15.449421580423575,248.05111487285666,12.0,52560.0
46.48151972968163,-117.97834053465107,1301.3041830004343,0.3056384630083259,8.247718983092906,7.574311961401879,1.0725831248062359,8.649759773044968,233.0400308845138,12.0,52560.0
27.300502659503838,-96.14345725353428,2193.486653344664,0.2196608662954715,8.648929282080863,10.612022251557729,0.9593712795551845,7.809450571051605,573.2593846431444,38.8402775913965,170120.41585031667
32.1855924252062,-109.54999545668954,943.3751554669695,11.093577781059334,14.684071339636324,7.321896917907638,1.0952619294543655,13.349784856964753,214.96058111393964,12.0,52560.0
26.723364509774136,-78.8840678099215,1994.3666787995173,3.019031970913824,10.016790574270654,8.257867960924004,0.9786891365693215,13.173066770110267,275.5615223514986,14.78109602227277,64741.20057755473
46.192646838685505,-123.20655701263249,338.19565747065815,3.8170402648106125,14.1130320035704,6.469414553779535,1.1803173625392351,9.705623539251395,159.79520513713473,12.0,52560.0
45.05614448114355,-103.52892137171544,2246.238885409361,2.6343925398806998,3.005723343200767,10.320619863141287,0.972551470945731,6.919504627746003,534.5642924733019,35.705912776257975,156391.89796000993
30.190599065163735,-105.783340474469,1808.3874957245002,0.39335182706622274,10.09249530610388,8.007597701811784,1.0012301686493357,7.225492668574068,257.04589358037197,14.4291562998083,63199.70459316035
39.8396171048203,-122.95630793044954,2260.375854832826,5.845612933395863,4.485859739556954,7.668328954342148,0.9656598790921213,9.98663573399024,217.71903305100935,12.0,52560.0
43.613332804829184,-117.28410645397244,1630.3490158549655,5.50101643978032,7.133906063421453,6.0189918642974956,1.0342638038831187,12.291984603116811,112.7645520896014,12.0,52560.0
37.3248194783871,-101.6632955543937,884.9013581586363,1.4941412609457427,13.493146007532054,9.662141215450085,1.1076252615851676,9.282467948077349,499.5546411118353,28.104491957835748,123097.67477532057
36.71161388054416,-97.38531243983789,2252.8711906088392,1.4625124466727057,5.469288692183719,10.308853612090124,0.9631539497521359,9.355962830152036,527.5903362461156,34.96455271137756,153144.7408758337
29.80445498161084,-102.16835364823707,675.8489276158448,7.276721170288899,17.00356993982168,9.305390248589532,1.1221826493290237,11.922005743168645,452.10293626163013,23.975038955476258,105010.67062498601
26.23446642734158,-95.32936536574694,810.5706025069235,0.3004343853303481,17.266236456755987,8.355845449109275,1.1031014196037177,7.845040334729903,321.77821905123915,16.862370316922277,73857.18198811957
45.53317819087984,-91.8628895550932,1687.924034844142,8.518063104439523,6.212502333671196,8.922172230947847,1.030342369833028,12.665720538334513,365.90081014073354,20.31583465402951,88983.35578464925
45.61003337191993,-123.46411365909688,1841.4527928704192,1.1864160320448203,5.268273231201505,7.359464357928603,1.014422722692727,8.614417798264329,202.17506529243298,12.0,52560.0
39.19443497455843,-98.93886138951079,2231.980291560986,3.5956184777579145,4.849787758266556,9.904125528482274,0.9678218268313507,11.15977120909255,470.12551806311063,30.119520580680636,131923.50014338118
32.136714985168815,-71.97104099207023,507.4297335537786,10.995124986644898,17.314407103126687,7.0102973653535265,1.143899303252455,15.000365486993356,197.04577217682836,12.0,52560.0
32.38102979070386,-95.97225687300437,1919.2353238217531,4.534336981512073,8.770279119858323,11.428392997440682,0.9922199273988024,11.320737584452283,740.5142982955564,48.2109382145747,211163.90937983722
41.422936292885744,-87.41271755721652,1777.739607084773,2.140676907593746,6.9066814696256404,8.426412560895582,1.0164616215700841,9.88387683445529,304.08090259118404,16.90261111274346,74033.43667381635
45.53064623886185,-107.1593516724883,171.83104388356293,4.678726229146335,15.30981986504007,8.608771860052457,1.198971685314819,11.868566662345886,382.4745371184796,17.867729173572524,78260.65378024765
45.290074182362815,-82.20446557975083,941.5910760802925,1.6862537932767678,10.763431288809404,7.51619091824024,1.1106267064683228,9.357532325814367,235.79333548257742,12.0,52560.0
42.717013100582975,-82.26223997868979,692.9817878030346,1.2988141722012683,13.027005343006898,7.2211800912831725,1.135430942715208,9.209906190535463,213.7741843997378,12.0,52560.0
39.40875950770291,-95.8500134266765,744.6872099625923,22.83511325403037,13.709248887913573,7.539098761919462,1.1256941228597717,23.12763544185001,241.18411507008048,12.0,52560.0
26.019359159881173,-71.29525354292247,2359.413573340188,5.557841168456016,8.03771081199452,7.043024043155305,0.9417239550013043,10.536649599469875,164.50198208146645,12.0,52560.0
27.87908913827073,-117.22028840281672,1549.8102440822283,4.139396017341262,12.337411794025414,7.054871136722538,1.0255191192910773,9.45674651446295,180.04498215087173,12.0,52560.0
45.5653005246499,-123.08482609596263,1728.069255548529,1.7558164891936983,5.961994309313853,6.097332939473393,1.0261745815390753,7.630383974491991,116.30837474249847,12.0,52560.0
38.55429743183016,-82.41145656511682,2344.3499768097217,0.20164138627678585,4.367610909592621,6.722017456247977,0.9559792995002048,8.340482308110378,145.18354631503774,12.0,52560.0
24.220729238799112,-80.41360098229634,917.74024224918,0.12619745765096274,17.227339774865186,5.806147041339202,1.0890447327289003,6.0,106.58100565928686,12.0,52560.0
26.43531702878477,-117.50880962748889,1928.379600917678,3.231371247669826,10.499127285858501,7.437819888174997,0.9850552942931217,10.493407663873509,202.65978897781596,12.0,52560.0
39.92404245859334,-109.65852702023527,1054.183692664699,5.742488392478892,11.697685106433806,8.401107716410715,1.0919693076275037,11.314461322086672,323.73532838868886,16.34676347689479,71598.82402879918
24.121478012309247,-123.05217237820204,2089.4901389196516,3.083390185151546,10.226615762789315,8.250944788511731,0.9664706081362198,11.211601750876195,271.4374073196396,15.219145867366642,66659.85889906589
27.85939323401997,-108.16133501784951,449.96494832090156,7.350000962964985,18.942392339868597,8.15198694453567,1.1453854065451046,11.603699805221002,310.2502043218346,14.382355033872145,62994.71504835999
37.169610944798066,-82.25033880839175,2275.4931014129857,0.13599187947391178,5.196158108082667,6.84594025652666,0.961377949517123,7.837613185183339,154.22808833276017,12.0,52560.0
40.60548474462464,-96.03013150352074,540.6766660178936,1.8275730764177978,14.574294580505244,7.80388872873741,1.1501958958411633,10.443187845802722,273.32227263227196,12.207086461644089,53467.03870200111
39.64707022806241,-105.20283796891245,796.404806614617,1.082358031007626,13.327450091893574,7.691960072038007,1.12018243403444,10.309177594738358,254.89999445391354,12.0,52560.0
29.382463427053434,-103.92607807505817,1819.7375171741376,2.37156405052389,10.266835868839145,8.704805458682005,0.9992113156461359,8.60675559141215,329.53728312242055,19.47607166131588,85305.19387656356
41.092301312340865,-123.92690421136471,957.1372369256679,0.30051689834657863,11.929486184743734,6.580746111572254,1.104002586635035,8.39844761811254,157.31332220213923,12.0,52560.0
29.6939780999232,-107.81077151147727,1467.543076704143,12.327919033918395,12.286548109798181,8.253284559631123,1.036111123972449,15.750054193571895,291.24387328015433,14.102204475995691,61767.65560486113
31.809592755822425,-89.09122795155176,1078.0849325452398,1.0105747366145574,13.988612577981836,6.919738050554847,1.0801163054221217,9.054728928714113,178.94084740911936,12.0,52560.0
41.915793722832575,-71.39350003391672,1786.8404502736807,10.220000388758944,6.704219181508142,7.658353767897246,1.0160540979977757,13.816909442076618,228.1881611442613,12.0,52560.0
39.59118957713315,-78.25871534286944,563.4283806372938,2.219759035734358,14.742072843036292,6.856004385822907,1.1463899708357443,10.869515499188976,184.7207326918335,12.0,52560.0
44.38136185186027,-122.72587190914143,159.13000962376728,16.9410895142973,15.730811386699315,6.584488628522601,1.1990353547316948,15.897009528232523,171.14655006192885,12.0,52560.0
39.782709415208245,-75.47772734755867,733.8319659858977,3.230268960600548,13.662195379522142,7.908174344665738,1.1273533492980676,9.432805094599027,278.7781742719124,13.176598688559599,57713.50225589104
37.63940648005132,-81.7072856818742,1148.854622386864,10.684917780008497,11.815050321663419,6.451018886108162,1.0790279400144323,14.948467547332635,144.8397060265857,12.0,52560.0
26.248194427874218,-81.85968932716706,419.887724218575,0.021453383017211034,19.606215326326286,7.219542882090547,1.146911200475736,8.561541804149538,215.78879969617438,12.0,52560.0
32.8251792734264,-99.26822901380714,864.417549382205,5.5170971373750355,14.96594092167885,9.932464683315679,1.1046967346920915,12.933569119162737,541.232868775556,29.97398465181667,131286.05277495703
30.36485682436141,-102.50771418045684,971.9595835386931,9.334266535216823,15.058785451459418,9.496065896922447,1.0900556299183457,15.038430392971637,466.7129222689682,25.02184009851001,109595.65963147383
29.855751441098008,-107.6425506430076,156.59258797809105,0.6019920815713916,20.103719039802055,8.248433039483992,1.1815123752887953,8.018545298574166,331.5298511681266,15.998449867754246,70073.2104207636
47.35225331405869,-120.45247761646425,1408.271250678407,0.4042605791973847,7.344696501711951,7.955726188998207,1.062051292178793,9.802401839755156,267.39604474477005,13.41723811123449,58767.50292720706
33.43434539200225,-111.67529037134025,2124.737358571664,2.2105688897554123,7.221272230969342,7.107845026903268,0.9725539278816542,8.4694912413203,174.62143278708402,12.0,52560.0
45.409117324250715,-110.68340371118667,381.14813282826475,10.852989098070092,14.0903760057552,7.1713706127150285,1.1743656154206978,15.62885831819226,216.5607928954437,12.0,52560.0
39.14732702393431,-97.85983823564911,1442.7830718956034,3.1269218765385727,9.599103461446088,10.137313758701556,1.0491385546048193,12.048780100028335,546.4765328806283,32.39228681328549,141878.21624219042
43.075471284999566,-83.63800204377853,1602.0793076878142,2.9985015840861093,7.464882768373245,7.224096483063619,1.0366436131510572,11.257033878677628,195.41148883835984,12.0,52560.0
36.063290234524615,-98.41426926651089,1018.0165393979063,0.6085327507322327,13.072913693255177,10.318902204102558,1.0915045436808535,8.492044110668287,599.6475198638177,35.29345654827044,154585.33968142452
37.84569323103262,-120.87639972985333,1688.6122579269625,0.003159291684962142,8.514618483128437,7.600084798714671,1.0218344386844485,7.60376104888443,224.2879047391385,12.0,52560.0
35.82042465165273,-72.279350746637,997.5410735086086,6.645875193953882,13.268626163452529,8.500003893176219,1.0934715794022989,10.153215560861184,335.7645782112091,17.418008804501014,76290.87856371445
28.685831707153067,-73.09288676891794,1221.036745386295,0.3665956389031967,14.06803001553631,6.216716674269813,1.0611916980255207,8.592604948838963,127.4814729723843,12.0,52560.0
41.338850766276124,-81.59976466998594,37.50024603953621,4.01884679367758,17.373343293879948,6.001947535199741,1.2096126378596046,9.073047402641446,130.76541739696577,12.0,52560.0
30.73853669858054,-70.4682933155321,1666.2938716405595,9.84240749029559,10.780675760582483,6.760684609279985,1.0164707555691483,12.95368289784063,157.04963138288778,12.0,52560.0
24.583583194354894,-94.59795402878581,1593.9955758884441,0.9360693951759143,13.060951586362869,9.525589206873153,1.0173859313748819,7.132746676221543,439.6744993764751,27.286818918135836,119516.26686143495
39.49133510177202,-72.01050908632686,111.39408803670005,4.377758062075102,17.484234941248193,5.3206896245557935,1.1985864641766524,10.074184038057075,90.26993924518106,12.0,52560.0
28.250656305769176,-119.91732780669545,896.4352556004168,0.3278720719774532,16.146191574666744,7.426023093225757,1.0959371229293664,8.163159945802093,224.40086611197688,12.0,52560.0
46.571006024469945,-104.25323959388595,2350.0957810841683,3.7028917406742594,1.9281235061540052,9.147069263838318,0.9637637565891644,10.550072541803402,368.7962509508094,22.851408176916046,100089.16781489228
46.8942858480621,-111.82941152763465,1021.353018913308,0.7161799829263222,9.803596132101523,6.983354360993895,1.1036691109252015,7.709100027259036,187.93217199212336,12.0,52560.0
45.956745365290764,-113.42501345674941,1214.6300642137833,5.326521136664762,8.92519600513007,6.412375635318642,1.0813837618072335,12.479053129673076,142.56296332449384,12.0,52560.0
32.883808806130666,-116.39664075979549,2185.6337764201303,1.4337419413816508,7.021054699640018,7.1976955448223086,0.9658910495387666,8.610398855241032,180.08542431996685,12.0,52560.0
24.37095879669282,-90.38966335543618,1727.0832645605003,2.4899423410774215,12.326212773629154,8.769000925330552,1.0034197705400651,8.54869848472783,338.3007852072949,20.02962758118626,87729.76880559581
46.27964550210541,-81.80861978964552,1405.326912075652,3.6594723974595276,7.684144876914468,7.330693370504882,1.0611500755338004,10.467234159167841,209.017176156838,12.0,52560.0
34.27641955961555,-92.77188643130053,1918.7751415917526,0.7514599441817734,8.20442328256482,9.0575361074548,0.9942721652331147,10.807139366761643,369.40732922755853,21.977520566736192,96261.54008230452
47.199715657048074,-116.06401368223668,2077.191714165216,5.413571498656966,3.376935017894281,8.676946688904112,0.9919269639381626,11.65033557903632,324.00408653754874,18.483500486157705,80957.73212937075
47.12687945014207,-80.19931642359256,1107.3936107346951,1.4418159629806881,9.217574500549208,7.44242944917881,1.0944603877250705,8.429662824940085,225.58708437606998,12.0,52560.0
44.47222693121664,-89.65844581315866,1150.7579085377683,4.343240665580125,9.753784469408398,7.3470314719312055,1.086638084375443,8.772990772005631,215.4718929521039,12.0,52560.0
31.066773409670056,-103.03905186914224,938.8012268513692,0.68924594392774,15.047160615990768,9.923588727041322,1.0944882807601213,8.15025278119016,534.7950653620218,31.076348305351484,136114.40557743952
33.242345486446204,-87.5969640410526,2320.760613243936,4.660517100553801,6.102732674602523,7.347127143594673,0.9528481280514194,11.078224010438019,188.94976488150095,12.0,52560.0
44.42728011640457,-109.96513112088702,1679.255685211034,0.5487262326556307,6.596281853812425,7.581273089652085,1.0300286473736349,7.864138670086695,224.4118213948462,12.0,52560.0
31.606128123750665,-105.35962074131263,218.07089757521206,2.216021695893027,19.20973617742353,7.357108573586149,1.176481974721034,7.331151451646617,234.24847794054358,12.0,52560.0
28.06782592046622,-74.45576447087254,2073.843903484984,1.135855035762992,9.136588802950234,8.12160764904919,0.972092823235146,7.6608345540536735,260.3776820513153,15.144655922877172,66333.59294220201
37.363230299000406,-108.3127566937433,1163.732659190318,5.519265545168606,11.808634955157974,7.885962765893057,1.077099632360119,13.057005480166472,264.1131643620501,12.116304930490857,53069.41559554995
46.46771457985874,-98.62063351947143,183.63429728552018,1.2154355483508337,14.957879842329255,9.466503381478645,1.1987508279680026,10.450062533487053,508.47277848845727,25.881563552842195,113361.24836144882
40.70471512019935,-75.93237858061521,1328.3270672886804,8.538711244549667,9.818623060208111,6.592356135349997,1.0631127033759742,12.059259743684281,152.28996783517064,12.0,52560.0
37.68146808214476,-85.78304708555352,1012.850983962171,8.895842907009534,12.618453671583547,7.624108911660154,1.093925817765813,14.144813888845027,242.3958340395854,12.0,52560.0
26.332235850498446,-120.64102578710605,2109.0435835730473,0.8748202401379805,9.446067743412183,6.948011786490886,0.9667845203006418,7.11060480235858,162.13670090880856,12.0,52560.0
38.76017344078007,-116.0456356089356,505.50715659034194,3.8060755317655794,15.338905028223925,6.918776242108088,1.1519980409120012,11.96882485745329,190.76978982162723,12.0,52560.0
47.76129240250232,-123.57655409831649,1986.9857705913953,0.36722293379123677,3.749697655700933,8.072950562021541,1.0017573034472727,8.514616777747827,263.52959857146095,14.576677105271903,63845.84572109094
27.362016365676578,-89.93022332762519,1347.2990850213776,1.9872773494237221,13.70760058016876,8.392492421183176,1.0462704445112065,10.331936207994074,309.23371285773516,16.525168618050365,72380.2385470606
36.43991165672968,-99.82563502783741,149.97252164805633,4.997578802951964,18.16819137309276,9.339144740828297,1.1902994957495725,8.940435265152132,484.7832130600218,25.03891257723416,109670.43708828563
45.05695372627093,-116.74915805127712,2332.9918171546533,4.3084590629000665,2.4849629791908026,6.302772184106591,0.9638781526241827,11.398239960049905,120.66657058442928,12.0,52560.0
41.778446826100904,-72.2715574629344,1240.0242809656158,3.9201254260004585,10.026320266376032,9.388267341098627,1.0738485223247498,10.34286637917887,444.2928994360154,25.15543519359739,110180.80614795658
40.72837778388643,-95.39837490693652,712.2869130711663,1.3281571432395123,13.507765186407072,10.288942196705348,1.1308935206796378,9.81920917089272,615.891063048169,34.62553027716684,151659.82261399075
40.85961801569062,-110.93776211790399,1137.1882839344341,1.899421194713288,10.918984891686208,8.150143262386635,1.0839695199045891,10.237494074545392,293.41533175344637,14.7103024583148,64431.12476741883
32.627787629274124,-96.9674071576458,2061.7015247716236,0.4345575174901983,7.841454562588021,9.345975264686713,0.9780491341644139,8.339676137863819,399.2128932459326,25.25379813215284,110611.63581882945
31.046204262347842,-87.30050203230418,745.6694360364511,5.077927297814805,16.212122105076944,7.226409261871283,1.115825122359758,10.325760811773785,210.53960365364318,12.0,52560.0
43.42466773148433,-119.88308222942752,478.56982363834675,2.803820709474736,14.10118073872462,6.58396838095129,1.1607043432895277,10.617927844300235,165.63603412455254,12.0,52560.0
43.442721472300335,-109.16599398741383,327.1895676954979,4.934507795329962,15.004046152136912,8.402749918568162,1.178215697184883,10.888519277911824,349.50961187304546,16.466077894297634,72121.42117702364
44.80973564592249,-80.42386349226435,728.9053681687028,1.145097720164867,12.183647097211038,7.295985069838578,1.1338682967130445,7.63971668786575,220.1833254382242,12.0,52560.0
45.91777326135531,-99.1780969982563,1876.5144471553035,1.5688427214674157,4.965581338661588,9.657934046749432,1.0111300856333698,7.837122955131227,455.4385027367982,28.423574351215304,124495.25565832303
36.272217572662505,-94.48483433025608,1142.4707491647227,1.6271559597732048,12.263510233212912,8.62163184170136,1.0781698664682615,7.203696276289066,345.4821514134813,19.13918734371092,83829.64056545382
36.03639107249279,-100.62793588068865,561.4062167906252,0.10431817570416778,15.820645377508411,10.582769739610074,1.142388483617147,7.450241513946824,676.9893881893595,38.58599517777814,169006.65887866824
43.159084295202604,-121.62940309727773,415.5202990712031,1.6684175671116028,14.559152917012,8.03239630440143,1.1676407907320563,10.324280995556215,302.5621834964012,13.831868301504889,60583.583160591406
39.59913433866636,-115.04951188971158,811.8961540947023,6.504395220371968,13.248882773831877,8.279280179100924,1.1183957083056755,12.116032891869702,317.35345850121274,15.207684132636208,66609.6565009466
40.84720505418488,-99.94075150793789,2257.020007467987,9.10371406048864,4.203718438936614,10.832543894299446,0.9670475396056538,12.826507189185536,614.6235562914652,40.23118599985772,176212.5946793768
43.09902406646643,-112.7039848679719,836.403575964258,2.9210568181699386,12.051871324274524,7.168864144044535,1.1197695264338372,10.71846121671806,206.27647409998636,12.0,52560.0
45.36012820362159,-121.30113245237735,2371.735300772032,2.4315617998569405,2.1615497342813264,5.252524962849987,0.9603406467274282,8.459965133846099,69.58244588224494,12.0,52560.0
32.11188376443686,-78.44291814120152,1174.8484847215477,0.12523876565657266,13.317343962339653,7.483634832371565,1.0699776746646412,8.189563588593277,224.22420024236,12.0,52560.0
33.01399086335866,-71.01560342513775,446.41012553055907,8.454619605159454,17.41734198780905,6.9349386816559795,1.1518873224817598,12.857215315825055,192.09138112614477,12.0,52560.0
26.255566556180856,-81.17028480417608,2140.913418468552,0.05238235020563338,9.277849522334428,7.5898960766312085,0.9635287521915343,8.966386160829403,210.64064278849273,12.0,52560.0
37.878723383908174,-77.89561422794799,1115.645788060888,11.58355356141547,11.94250825646222,7.294871580716126,1.0829121636518668,13.05745809174588,210.19200315719183,12.0,52560.0
24.86261457112181,-110.93323496287955,1709.0177975407682,2.687235862415871,12.28710884341885,6.858990145752387,1.0057958618338052,8.592104222471935,162.27827611330432,12.0,52560.0
35.174352435179046,-72.12614332228722,2361.233568037781,1.6738031950966912,5.280292861219602,7.908769655697542,0.9508335290325306,7.038387126144574,235.18048007524774,13.779348747306326,60353.5475132017
37.02347123298184,-113.36601195951486,139.41733376153812,10.319600878566636,18.05645462753622,7.11574332448348,1.1922521826215795,13.880244460968855,214.78252942511006,12.0,52560.0
30.876990051078828,-72.62279024046106,250.1330522944098,0.09877352211406208,19.236104670909892,7.211741677980006,1.1718889478147434,9.512977117627354,219.77432198625036,12.0,52560.0
38.17999825365626,-70.27975812583864,1734.6870446813598,3.483595769902805,8.137878255814966,8.073310545854858,1.0174056265514066,9.48362081035745,267.6819665427338,14.337034163444958,62796.20963588892
24.732005998537186,-85.56696848971336,690.7435078432234,3.184553350347485,18.435937153379502,7.598526104673163,1.1146691002588387,9.297911284373711,244.51417774133108,12.0,52560.0
24.896356529981148,-71.01823848324162,458.6373247412358,0.9903618325791886,19.779269092558238,6.6586349563486245,1.1409272613181674,9.640286408568478,168.41609015025583,12.0,52560.0
43.742413455831795,-93.2448519033764,113.6812739709562,2.240675783047504,16.195188319424723,7.718936305950306,1.2035989689378344,10.62666493997486,276.77329447345085,12.0,52560.0
32.64457539387031,-109.98474370849112,71.99517452716029,4.225246899553491,19.774656334675946,6.8969709894213205,1.1947941095354124,10.428862859009547,195.9919684789958,12.0,52560.0
27.049452303645236,-100.40222217405648,1863.2757354251023,5.195056695877056,10.705509896355816,10.303569694456375,0.9923084918402142,11.938691842386104,542.7250301284429,34.259565483169496,150056.8968162824
36.53383824131531,-91.94770948954556,339.951557139529,0.0028684630905723473,17.000139184768233,8.490105052798967,1.168327620527251,6.7093756288008075,357.49818436125645,18.20003642069741,79716.15952265465
42.47984527436666,-120.05359565054118,1133.1750660113391,11.049186992899257,10.456996021621967,7.715787562048722,1.0862655886292858,16.28308139645005,249.48636275243473,12.0,52560.0
29.179704659924237,-90.39346371066871,1462.0344201271696,0.719021197290398,12.473882081259713,9.406447474110498,1.0361311578562205,11.009860271098699,431.1830122961405,25.16266787847264,110212.48530771016
38.949371419656,-71.0163968148361,1039.477285353854,1.0641020927680558,12.078324861980075,8.776132797568923,1.0924612075865345,9.263920205087304,369.22031413441715,19.91115456687676,87210.85700292021
26.048339159850432,-113.7341869116787,84.51383256023479,1.2232399560111735,21.678415256683465,6.533524459490027,1.185315424128609,6.2327460279953435,165.28997120805153,12.0,52560.0
25.240361308046584,-81.1998637204273,1884.733576159223,0.1542155102067452,11.119490150630687,4.76180809257768,0.9882348145197014,7.422652991246706,53.35139998838888,12.0,52560.0
36.75251115763555,-74.97346513590055,45.0214744091353,0.525230889378663,18.70411780625452,7.006052538017908,1.2030228972772072,9.050528919630384,206.85406838162217,12.0,52560.0
36.97524291864256,-73.04011398770808,1833.297948618412,17.176040449003064,7.907639432696763,7.051797898385666,1.0059105437473999,17.799844672802205,176.37171422658358,12.0,52560.0
39.298317635956955,-72.15267736210585,2146.064695215732,1.51461158286743,5.3341165379185185,6.924118005184914,0.9765467771869817,10.435405214820575,162.0900804416687,12.0,52560.0
41.42619200934388,-95.84117950904051,1050.15901211607,0.4900316277314279,11.271188324500415,9.055045467845671,1.0941413951411505,8.999807693961895,406.17702996533126,22.407035070274258,98142.81360780125
47.42044990710083,-71.2253729684588,1294.5910859727599,0.45263564893937963,8.006318512033193,6.995705519450652,1.0743845859583576,7.423810788444671,183.9180411081126,12.0,52560.0
36.391208359228685,-83.10524881474029,1155.2204744300159,5.08415538579394,12.1513146456513,7.721158687805795,1.07692136282507,11.089211004401866,247.85713844771584,12.0,52560.0
31.750955350589905,-115.26974244320405,946.3165123237843,7.712204886035703,14.796814320880321,6.164638189923868,1.094443044308315,11.554723066854514,128.19938654821163,12.0,52560.0
43.084468674448885,-98.24739425072963,2132.0703941814572,1.1879801458843575,4.282237032576592,9.38872139653045,0.981959686826503,8.493686233435685,406.33386456576727,25.62206824936397,112224.6589322142
30.49997403028978,-85.21011652991179,2147.561755394577,0.08452484822450224,7.964637258545604,7.798695277473807,0.9672283444384431,7.385203020415639,229.38492502789782,12.936362599444791,56661.26818556819
34.53531409693527,-110.6436229457695,819.2429478468522,1.0097231567243705,14.723948083838309,8.008221542191263,1.1116781494899084,10.01554805431427,285.4679203340064,13.736092511143838,60164.08519881001
25.882953152214384,-89.40678008836008,1483.8660145549811,0.23270217890814454,13.331917967005799,8.236586062958983,1.030265812359483,10.678835775542082,287.84654106683536,15.244096255002933,66769.14159691286
24.60841784197098,-88.00357413148257,2226.0399979071567,0.43655919990350245,9.261234659965766,7.201398245588311,0.953410581635633,6.544509520059199,178.03297854209364,12.0,52560.0
47.1035619522702,-115.21421383433744,2309.6992274804165,2.259072995307825,2.010736049436442,6.885187035310637,0.96835721326487,7.0475842537329925,158.0348335023408,12.0,52560.0
44.06352289229294,-93.48539312755116,1231.3225162044732,1.0450350315410355,9.393008035085277,8.316462411253339,1.0773983253922812,8.332814112702959,309.85762468633146,16.43725573286131,71995.18010993254
40.70338094624875,-82.33214680715518,1097.7230365766977,2.902234229154275,11.202647496665188,7.433984327539727,1.0880985579941063,7.919241698898146,223.51319294324168,12.0,52560.0
33.81487066594248,-97.05963411505914,683.2924719098913,1.169405175986527,15.755783968757909,10.549022351389523,1.126019716067919,8.757097029997016,660.9256955628051,37.86429949785788,165845.6318006175
28.1590636817003,-123.3464316940902,2302.1150581931756,11.289624289254354,7.739590546330858,6.076817843598349,0.9495073855280144,15.672497910119723,106.53615200056088,12.0,52560.0
27.754489024106064,-123.51192266971822,359.8980446454243,9.455458353639825,19.514265024895632,6.706777407241537,1.15553341799102,15.466245288904085,174.29871774195783,12.0,52560.0
30.00582955595029,-104.72041542561934,1399.9943909935855,3.3462794271061997,12.598284787253402,8.334257593878846,1.0435821235534124,10.249441126722058,302.0629042560541,16.09475401892459,70495.0226028897
37.18143995294689,-73.98552030468377,692.4696366943605,1.750449300108046,14.690750193949771,5.9330631071379765,1.1289376881898434,8.818483310245334,117.88997598569654,12.0,52560.0
41.1503021448015,-111.65145390140512,684.0397310277559,1.9195492947491652,13.550670970393014,8.053607381534022,1.1345782215950735,6.777667676961798,296.3301277601793,14.871100411926285,65135.41980423713
39.84473704122555,-89.74436080092889,983.8252379553286,2.1231085739669715,12.143627459900365,8.078724276732592,1.09961096116776,9.30528732340314,289.8927959783721,14.420866551737452,63163.395496610035
30.718413526702626,-112.0079029825607,2397.1271872412576,5.20163119062935,6.401712818541668,8.091666939720735,0.9427701649753436,11.206523427036965,249.74099071291423,14.039594198665378,61493.422590154354
46.91676673591666,-106.62982055838438,150.81981027877652,2.4032857664986422,15.020051117552343,8.548535728639402,1.2031817489824936,10.20871963695448,375.817010313982,17.793591384976644,77935.9302661977
41.709526000698446,-78.20572716151986,1396.929527324405,7.7720957747891,9.10556503584404,7.000179489928237,1.056892219618199,11.81307174303855,181.27095908293003,12.0,52560.0
37.30449726027362,-84.64148211742287,216.52173612395967,11.536390512888662,17.509520405174158,6.435883580506032,1.1835822563707654,14.399771187450165,157.75858005431283,12.0,52560.0
38.681297909624455,-118.84843902508662,387.75957537743517,1.6375681539393374,16.06905317484805,8.424558403064932,1.1654093842664666,7.208938185998581,348.4094703202271,17.556785237100318,76898.71933849939
34.07040149826696,-100.85009086673259,1066.1598014194988,3.2902406630632397,13.381920742002919,9.834343265043422,1.0839727240368515,7.224593029577065,515.4949890173855,30.375971074353107,133046.7533056666
29.94554374802778,-122.42483276315572,1234.8951126045304,0.3995312354873509,13.606966199964482,7.80707681552895,1.0611033035823112,6.90952223233627,252.46026194686024,13.112145939558427,57431.199215265915
32.543344287630276,-98.03193208343751,635.9259319075671,0.8949201318756318,16.421441122265513,9.689252881906716,1.1298538092067347,6.652561102021759,513.8816748031215,29.035027745169003,127173.42152384022
42.188306651144856,-88.22856336814232,773.1679714811105,2.134096975245469,12.70450017576988,6.112430837275241,1.1257765522439447,9.684512939652015,128.54763100412998,12.0,52560.0
24.34544372711414,-117.60085832569982,226.98150820912068,0.923708640128178,21.334477832611032,5.285028152599576,1.1667540225858488,7.932464316076678,86.11746286089786,12.0,52560.0
26.78574337216599,-108.40021329890506,741.6630855493163,8.368016187457897,17.514298475054304,7.572073209700807,1.1113629936948677,12.37492515638499,241.2516812390181,12.0,52560.0
25.104063408522066,-102.51682222288352,2320.409085725695,0.6892611764394783,8.546326463089208,10.771210256059002,0.9446241258624679,7.232261050453433,590.2317236028024,40.8849430076055,179076.0503733121
24.977491255655284,-74.34532466857331,2268.4035683805064,2.432730946492362,8.896331213020375,8.056397694602136,0.9496065326175588,6.0,248.27694192875686,15.085646367133041,66075.13108804272
44.53105401626417,-70.36422916715995,817.0103305260243,3.7225652472012953,11.738621811964606,7.787261483056334,1.1236303172584237,12.043512046817836,265.30639986373484,12.0,52560.0
40.887788625120564,-121.57478985423674,1378.6323683434525,4.708854947911273,9.461869202403118,6.640614632105291,1.057926235983279,9.624988341414618,154.89957489639977,12.0,52560.0
35.3801718980958,-82.90557213124883,2184.8370308440476,1.9319947682904113,6.276926245506976,8.644003137221528,0.9685594994416824,8.664292777154358,312.78149909093224,18.95780474515902,83035.18478379652
26.348019855624035,-103.92690041427346,34.71749788533408,8.133257966756842,21.887289056000785,7.541460198855264,1.1914994360009066,11.134084181706934,255.52310457792044,12.0,52560.0
35.79878100280398,-102.80725794360808,1949.4268974034687,3.360274957642313,7.563804314737995,10.055870959563034,0.9927616554268872,11.182481386714148,504.74738076803357,31.726152637767942,138960.54855342358
35.36332249873358,-83.26969143926078,2277.119535637627,2.315759671314505,5.728286036554161,7.525012840534921,0.9593485182255258,9.561570527233492,204.3940030780254,12.0,52560.0
28.156844877840363,-74.40497266414793,237.35524771386582,0.27843210284509423,20.128815050364697,6.594155834744789,1.1701029226350732,7.175420919388014,167.75353757144612,12.0,52560.0
34.412439581711354,-72.64985589686239,404.24549275835204,2.4996330706373007,17.25079516893648,7.838597843106897,1.1583801192834042,9.029104308769552,278.95634922653306,12.797166087862959,56051.58746483975
33.56411362553696,-92.83538035393067,2306.576200595826,6.875579245427799,6.0913087087639575,8.206968666361046,0.9545793328074292,14.139163453806525,263.83375446626815,14.156870927534952,62007.094662603085
38.780402353253194,-104.71545739777285,1299.3455418640242,3.813281977156972,10.569806042839895,8.29782208772774,1.064059164767222,10.20040586803665,303.96819028185394,15.827800067320194,69325.76429486246
39.24224762082345,-81.47234936362592,53.78799004270241,7.139035015579084,17.904597773496754,6.224383590211376,1.2050730140954875,12.065340764208363,145.3022745390886,12.0,52560.0
25.08729623452907,-110.44592530383579,633.1641570571994,2.7249666975446587,18.674826187298084,7.232726456569692,1.121501904699132,8.505322235159676,212.16617199478722,12.0,52560.0
32.99070275103531,-93.54000244299004,1090.865944759886,0.5043473408004601,13.55759350613009,11.009316643410433,1.0800610999117328,6.029111023913513,720.6085610481853,44.116550832869386,193230.4926479679
39.020637977141675,-104.63676307765685,1669.1232082389472,0.05493489263463296,8.279069357423813,9.827549885571434,1.0251487155758632,7.840914527285567,486.51098116373953,30.151556373411754,132063.8169155435
36.07527020592211,-88.54192201977469,1764.921699965583,1.445139623837143,8.58788873842987,7.444166155660399,1.0119967877211375,9.257665909091827,208.73597877982797,12.0,52560.0
44.55575618851974,-111.01845870375062,2389.1032007625854,4.7891868430927484,2.2986539388685667,7.153563601333341,0.9577762559912479,12.193013463048853,175.30786430100846,12.0,52560.0
39.80864715885468,-113.6539809303194,704.2766545333465,6.2475446103537795,13.831745925143517,5.904539179012839,1.130707570077317,9.05033092481268,116.3799939069227,12.0,52560.0
27.910426249954313,-74.4150893195264,1300.963842446971,1.4025035890149902,13.82108907033188,6.592467987375155,1.0517958205171767,7.4913865609813595,150.67650352423732,12.0,52560.0
25.693649937610317,-118.502601120725,1289.3100439058599,2.7379703265722446,14.556044755281743,7.39669726866932,1.0506031893557928,8.945892887275606,212.57992628288724,12.0,52560.0
39.41806267695158,-96.67827298231369,985.4357174844253,2.1866327368625624,12.261966892007976,10.541722649732392,1.0989404147062118,9.307802623829694,643.6931791537064,37.64146492854497,164869.61638702697
24.636271452998923,-112.07394971999751,422.60530734496007,2.1140768402037495,20.073486720030566,7.948847386185658,1.1447110974306118,9.094405674288142,287.4606305982215,13.545821677206419,59330.69894616411
38.05861395056312,-121.89778198041395,2346.346620377545,1.0524715020847089,4.504336092565795,7.6776776397907565,0.9552697506532691,8.485456478426102,216.1651361508598,12.0,52560.0
46.56552579419898,-122.05498381226298,2050.894904266475,0.5864484886324619,3.724972836141456,7.243908228553053,0.9939249334596336,8.841584363463411,188.90454575841736,12.0,52560.0
37.81138026902109,-114.53802430628532,1206.0326073402846,0.8760511697883306,11.420390275251965,7.55440649434744,1.0730257480015355,7.441678968938067,231.30296384360477,12.0,52560.0
33.31607822895653,-77.19440085667598,1455.724105987991,0.22768858323498337,11.270831895385095,6.986815787027007,1.041319077425276,9.257582880621424,177.57904166705993,12.0,52560.0
39.438917242616476,-108.74614782524056,560.8813074719963,0.8832388165397159,14.803036982383082,9.001277104807905,1.1464978776382089,9.050086219963207,418.07640169557527,21.91533541673803,95989.16912531259
34.9980693717964,-72.67520478893402,1314.2132275323577,0.03697394931022545,11.615299823266934,7.1811918365199805,1.0582287878041763,7.63838565263244,195.94724498221194,12.0,52560.0
37.09480294358244,-92.59239617858356,1674.0289168291124,3.9474794500347845,8.827385615950595,8.459777399437845,1.0225370503670925,12.289577260287569,309.5464761887037,16.564218058771157,72551.27509741767
46.59515541063661,-100.42283375248664,1246.0975275600813,1.5213854129524698,8.544868211448533,8.535594216584554,1.078696546461215,10.780530490457602,335.405804420064,17.54638403751944,76853.16208433516
33.26646330721859,-92.67520292784945,2376.87870599216,14.469170040329287,5.7587887718814645,8.529087509808313,0.9473440252214573,17.80097645043014,293.890424279478,15.738965965003558,68936.6709267156
47.06857353177394,-96.09828719778154,1474.9931418695883,0.8612821778119764,7.029469089250288,10.112058500872743,1.0545880247338641,6.0,545.2197259317909,33.62945496398001,147297.01274223244
45.72841540694553,-83.02608229710444,902.9174359693624,1.6975433478591686,10.86397076210017,6.457952100799594,1.1154445042900931,10.913260119977071,150.21123988070119,12.0,52560.0
28.698987234943115,-108.74521243746598,1857.7218257256948,1.771678357793469,10.243972875162898,7.691855270260766,0.9946079506292369,10.016717241642402,226.31599175018835,12.0,52560.0
25.66467122100397,-104.93527885358367,425.70077756430805,0.03394964985343089,19.746393968312958,9.340289225254455,1.1455648930977713,10.428060155167582,466.7353269965809,24.67784058645227,108088.94176866095
26.41867203305824,-75.71890766320446,935.1476366209143,7.310573530644132,16.463512570357043,6.161111812728002,1.0896177732374754,13.871301628466725,127.4152628361534,12.0,52560.0
24.437323815637193,-72.8913482898781,845.7623018986543,0.13006987492214483,17.59422904391692,7.899971137643199,1.0971820900237543,9.972053137950029,270.4738157218071,12.98472344703997,56873.08869803507
26.26663105814228,-75.80185571573037,1047.70088635651,11.26564985193242,15.833805364418254,6.862018611153265,1.0771880503400044,15.813775731375907,174.0272294368362,12.0,52560.0
40.39216256199256,-101.34980832630507,1880.6359857103687,8.905250899963502,6.598535317140019,9.883218298486963,1.004715083668428,14.961582378352716,484.9624252453939,28.950220254417538,126801.96471434881
25.708527563045497,-81.8602628376284,1172.3318165489097,3.0673636157698394,15.253450831792895,6.498571626644297,1.063120499792867,12.233366658343233,145.88351774571248,12.0,52560.0
31.655415127050272,-98.27787040174067,1909.7543916329912,3.137503861617041,9.04484911208697,10.373935153632374,0.9924197275065654,10.142368003024071,553.9824158089148,35.50262906559458,155501.51530730427
44.27700746326691,-97.13284798411048,1392.0435894728807,4.2426994745967255,8.364636224182645,11.49714040032811,1.0603078670008828,8.658943031864279,805.6965290509635,49.796785163238674,218109.91901498538
24.55852645765982,-112.94727411090666,834.1252544849817,1.9578877276494335,17.627690535792162,7.873017631018196,1.0985997509901642,8.805779556571489,268.06071559759687,13.089603723651276,57332.46430959259
43.547243582134456,-92.07896362404011,1947.7494099666644,4.167668473611293,5.249330465559677,7.830265023518383,1.001223243736464,10.968535803426901,240.3423548647695,12.25532973335185,53678.3442320811
30.764514594561597,-113.94866152131921,587.129415916358,0.18320577188921114,17.247869126133374,7.936223336563033,1.1332670021350912,8.199788564379396,283.23302494788754,13.680833280098632,59922.049766832
26.83595586291975,-106.09550625037153,554.0314919235133,0.2222522289332589,18.625024289583,8.297352613841529,1.1324107788412436,6.637476977968644,323.43918884762996,16.714949596963077,73211.47923469827
40.72169196873962,-77.8283691125235,1220.716959250509,2.4442815785290595,10.459190653875059,8.250718275591115,1.0747369354088363,7.509287796883461,301.81960987657436,16.143014060694934,70706.40158584382
39.09462832271721,-112.81790630261382,640.8212053897716,3.1906748695339227,14.426684270846206,7.808284308859435,1.1370212156752522,9.02500971935856,270.64837691758134,12.591475918392433,55150.66452255886
45.05932832464927,-120.15745260063463,41.627143183894844,8.75051808199452,16.23243864350185,4.056379798776334,1.2137870292190833,14.219598316377693,40.50683679741303,12.0,52560.0
41.64170505129326,-120.27358999890792,1562.9481149711476,0.44220981034667933,8.12979979478514,6.674348881843575,1.0391807545628593,10.16173361119557,154.48553191358624,12.0,52560.0
43.28354232923637,-73.19763589283218,1236.4032951043073,6.91847364069203,9.596517530603245,7.953356955628002,1.07595596067275,13.25096532094846,270.6549184820153,12.53841261777883,54918.24726587127
30.768829741711357,-96.62629635006093,1080.3323984937235,0.94312902375702,14.287356686524252,9.667427431654184,1.0786990579927105,9.834790158791176,487.30746688361415,28.01954786689964,122725.61965702043
28.25854905071335,-101.89174812188101,2321.3850647915906,2.0040533451412306,7.594124896036451,9.433869822675641,0.947712285492755,9.105453319288468,397.84705933698575,25.902320226590557,113452.16259246664
42.0147540393806,-80.2125566255724,1379.4540578317346,1.5227140084870738,9.118849441195414,6.891148810205158,1.0591053568056141,6.823129455845087,173.2942105725153,12.0,52560.0
43.364033742414335,-78.86539989283213,2074.967155138735,2.04433778146564,4.540986946443292,6.140635193289392,0.9880422654472691,8.680337971820137,114.3893043963278,12.0,52560.0
47.77212340801616,-106.06168421175735,351.8915621682812,0.652408153526579,13.557013604585466,8.309030087870466,1.1806725924588954,8.080927597869092,338.64953295609206,16.443314308707805,72021.71667214019
33.902824245874235,-86.54462489641506,1374.7113822480378,2.801251768888405,11.580884432749503,9.013829018682321,1.0505568790658577,9.084288077130223,384.6958688393017,22.018176309782096,96439.61223684557
32.9284340590268,-82.35936794399812,2085.791511619549,6.470739094657039,7.606720712574665,8.05429324955059,0.9759382821375999,11.948077295243776,254.96153889664305,13.583444553912734,59495.48714613778
42.63391105780792,-88.64886290923846,1407.7917023261573,2.3302462330427236,8.76307646870068,9.197943827448508,1.0567698808722341,9.927851451697174,411.17120261100945,23.473364210986087,102813.33524411905
32.17928496607243,-115.81386596079463,1728.8737439422637,2.698193470215958,9.972972046524688,8.070563394438675,1.0115364579469226,10.642534308021771,265.86618537684893,14.027408422327978,61440.04888979654
46.33817581448555,-76.70231349007892,905.4636913930535,7.555749820613511,10.665765107296014,7.902908272119331,1.1158795516191358,12.199706055128507,275.3899879984952,12.44822837846236,54523.240297665136
44.60190604423228,-94.88889415225553,240.02985054821852,4.897492800077417,15.179249083441006,9.913211659305334,1.1898099453294002,8.653984393272939,579.5497677197142,30.841325170340994,135085.00424609357
34.29585665700044,-108.7464889760198,1109.80270240243,2.696943790140939,13.05242678848529,8.300970413384162,1.0794793347714962,9.0387130109352,308.72438552133264,16.142258922718767,70703.0940815082
42.02090562699594,-101.03767798636453,958.8609501964809,1.1919837690879775,11.640562610722334,9.82251550774823,1.1048917989527762,8.767642737843167,523.549710542534,29.867805723320185,130820.9890681424
42.10902897803238,-121.97116111845901,2083.6032340618945,8.648745477800981,4.8656719022189225,8.198574585277983,0.9858287331294714,14.656616793240678,271.6355031360299,13.964823221310207,61165.925709338706
26.474972852062383,-117.09519273398945,600.7088195988839,3.44172532818382,18.453255226787984,8.079078034816956,1.1267423027457364,9.383665786289367,297.08451330014054,14.403838395864991,63088.812173888655
45.6612697603096,-82.66047547214352,2320.827461533557,0.9997349509181301,2.3766543027057754,7.195223335424659,0.9657258709985603,9.21489332463016,179.86915998946523,12.0,52560.0
36.126056938748576,-123.99937172321023,2300.368725134701,1.2540226118024203,5.359970567567222,7.0045321411447015,0.9578292320331809,9.10051904664397,164.58698468585382,12.0,52560.0
43.8349791865858,-101.50544526195623,609.3633105100241,6.500909427626465,13.193326380964116,9.838327111230006,1.146246742306843,11.953226296323946,545.7728069975244,29.23509801248558,128049.72929468683
31.68119042473468,-95.78445022137822,848.3636540360228,0.18059855648586556,15.405460948363459,9.824847689552337,1.10515695661197,9.22499911708103,524.0484555157722,29.777581741200567,130425.80802645847
45.49255748390881,-121.0497413199475,2151.4226632798463,19.359616098150696,3.443696775148277,8.046423608294777,0.9825649456366944,18.822760222787316,255.94105032586032,12.0,52560.0
33.34084028961992,-71.45377919949402,2320.5608857327356,0.5586655144541239,6.074382598717612,6.515584480207193,0.9529686845507152,7.644975569100254,131.7979861515984,12.0,52560.0
24.26010363552716,-111.78923211251771,1075.3850647497848,6.359885001505754,16.269658520843144,8.857750733241765,1.0719550395688007,11.801650013190379,372.4919902597565,19.973548374037446,87484.141878284
45.729167434062326,-107.57326913964083,783.9729686253368,2.00862205063146,11.577411958029284,7.760659237962214,1.1287601140702437,8.436997424266435,263.79557270277303,12.416860323757765,54385.848218059014
26.190880242867205,-107.58710433822853,1272.10375153867,2.7107979185260174,14.510113417907819,8.189419897977027,1.0529805907570449,10.23609350038113,289.16770518899847,15.001728034529737,65707.56879124025
31.663527302169957,-111.5575002456631,1656.8907111504489,8.502799058487554,10.559597542446323,7.065004127095785,1.0184417664044898,12.245848669853173,179.57400364490744,12.0,52560.0
46.80148720921932,-123.92041360733919,670.869346592452,2.1303167007172856,11.934337757679494,8.9675546351083,1.1428216622565437,9.549755069724531,412.06958675566904,21.492532255550955,94137.29127931318
46.81457152650135,-84.6153811192482,1772.8061555933932,3.0843808661978867,5.318791608489237,7.641954079913228,1.0228807728325047,9.730421197174625,228.24868844227106,12.0,52560.0
37.76250931495886,-71.7903430108386,142.94450993284568,0.2022254740803895,17.81358014591527,5.943622065613399,1.1927468987311671,8.37924644218028,125.21946945808918,12.0,52560.0
39.164093092075184,-111.88815190260756,137.32089277931112,0.009400934015444617,17.426846715701576,7.395675352552948,1.1951334468303396,7.453950886333621,241.72408286816255,12.0,52560.0
34.76269252747967,-88.19545164261518,939.3647382463977,1.123089983943091,13.935003812277715,8.009079834631883,1.0986532959368234,8.266948036933663,282.2139877550634,14.179366083824979,62105.62344715341
31.037058520753547,-83.93759834422939,861.266197104515,4.565032442889185,15.521285261146843,7.072429988479996,1.1029917315637268,10.85423058732997,195.09594017022806,12.0,52560.0
31.88794908887798,-78.18502952911166,771.2070525738225,0.517087137387955,15.806372957893672,7.716668992611363,1.113955169541396,8.552741689826348,255.93361570537735,12.094261915479391,52972.867189799734
40.14044294584892,-101.1780233612651,1188.6270351520059,0.4830787797656962,10.826104905333288,9.436765953730813,1.0775542620661351,8.28480496939003,452.7711072756932,26.13539531981955,114473.03150080962
42.05698870650432,-107.64173109541682,783.3459259015395,2.11704887268451,12.682827832639465,7.845624624927882,1.1244799003558894,11.316664151426407,271.5215333506953,12.273415738624228,53757.56093517412
42.99789704942037,-106.43406276275633,477.5738459540588,4.174645008067622,14.235187809449538,6.957111411669662,1.160301607541932,9.315902702351032,195.35645821805196,12.0,52560.0
42.95083542706929,-85.51844801268031,756.5375268308702,4.980179212711048,12.575524210893992,6.278714579300313,1.1285466937583373,10.911062973683372,139.6695585723248,12.0,52560.0
26.18894647316857,-79.89390880869566,2340.2721692883592,0.7862531984193564,8.101683042319273,8.784118396579998,0.943768735962936,6.583397092511233,319.8380530654545,20.64894606664141,90442.38377188938
35.86608731286196,-114.19284574114346,998.4499324477397,0.3317361728463257,13.249474211454976,8.464045325165015,1.0934241595217415,8.64553947810866,331.5069295122574,17.509013352100677,76689.47848220097
25.38141024039946,-103.96918555948068,1078.416408922839,11.280199760539043,15.915078474343128,9.44390826652524,1.0728746854009206,13.42982401267125,451.82918745810537,24.918042836889427,109141.02762557569
37.18869317576966,-75.2952293755459,1392.1770760837132,1.2080240618749205,10.490329590766827,8.49792876458083,1.0523443784134299,8.390842130073061,322.89933336429453,17.842041157664305,78148.14027056965
34.59673203296105,-80.43854993648408,2360.3510288258594,7.678730404757623,5.458874217156525,7.411152279721947,0.9503290929508541,12.160761052456984,193.41993811982942,12.0,52560.0
45.30490038619919,-70.8176462508263,595.0110379171159,7.965472129386082,12.838463656637547,6.8662054222866225,1.1496505293465278,13.116352629553054,186.07422777924285,12.0,52560.0
32.42196030124989,-83.27059397716764,1641.4514230671925,5.922817399891561,10.424703371221877,7.45732401971909,1.0208652753715235,10.89034133888072,211.68372857647236,12.0,52560.0
26.80960839426254,-102.7674591444922,1724.0435706293033,0.7397010860087465,11.612856057945422,9.78556638556243,1.0063107074957944,7.729453814372469,471.476445566544,29.74661257039139,130290.16305831428
27.43180036926806,-92.10555696428956,1465.432111967497,6.899427811341201,12.977867217414598,8.19202494023232,1.0338753291162297,13.862684443707797,284.1920821286481,14.114479887615014,61821.421907753764
42.27625516121933,-88.3052302706447,230.8164483352129,5.865691316737147,15.932224761622924,7.793010023571636,1.1880147699294326,11.860894938611718,281.1302306291622,12.0,52560.0
38.837233519590264,-119.7633859188753,1630.956016469632,3.632526334808652,8.563093845305126,7.498400401380776,1.0289398936709608,9.50625477845847,216.90316639866592,12.0,52560.0
26.426944226946965,-94.59716420839129,172.54541226609763,1.6451402559885446,21.036644258319328,8.824840947865907,1.1755317844229798,8.68608374741965,403.94760800513427,20.470055594122872,89658.84350225817
26.01856334675994,-85.69667526247909,1438.8195059287548,1.218003430553254,13.561513960399491,8.159800273051655,1.0351419051929944,10.705228001056847,281.19557402938494,14.664690180268392,64231.342989575554
40.82325915501888,-114.96464958394274,1780.2032017877475,0.5199300446659835,7.071803042767851,7.7585181332350235,1.0155535920140184,8.029760172898275,237.1423883237406,12.504300667619152,54768.836924171876
25.746312152740643,-81.84588725901992,522.1083396754821,2.851416915606866,19.14345631612491,6.323260994341537,1.1347415079427847,8.883718201581255,143.4466033327641,12.0,52560.0
43.724641422968546,-92.47626985223798,2023.0603779518021,3.520422288397985,4.744245305398627,7.607494959611206,0.9937106975861605,9.290257992887119,218.75348942030683,12.0,52560.0
40.94981345175591,-72.58002357232989,92.24205716855015,1.7810192332340269,17.16160362146193,6.491476168285509,1.202652494406453,8.409659762752923,164.49040194294105,12.0,52560.0
25.952370735405594,-121.70919589682785,2028.2746155067684,2.5801647552914186,10.04464108633771,7.346608431512341,0.9744804931428895,8.834701586262785,193.19853683406575,12.0,52560.0
26.036105138044604,-109.67238857200479,1115.5831405297808,1.8071743003940717,15.495669615407934,7.9063054495987455,1.0695899151228176,7.548727162217352,264.30663766621734,13.634607669657733,59719.58159310087
47.67934988402821,-91.5160905178095,537.8592970373139,4.097799053583273,12.469039252567653,7.8337423176567444,1.1590656810014957,9.10963931581359,278.60306932645886,12.743816705180514,55817.91716869065
32.98249909814689,-107.98576474087974,338.39198508564385,9.261028492231416,18.07489836004207,9.61529836674886,1.1642328432905835,12.561432646105207,517.4854536020956,26.81610025781125,117454.51912921327
32.89541152960538,-85.42109514015291,2288.8710588460467,0.7161251604769144,6.398150188042104,6.65757134651269,0.9556448972900871,9.139560318429865,140.9983522640733,12.0,52560.0
43.507189614180064,-83.01371474381573,192.94409844315297,1.9212426420495206,15.790178525087065,5.273526258396865,1.1939735655319352,8.695260840502264,87.55239978824841,12.0,52560.0
46.73396585721261,-118.46413794041038,493.8423394475031,0.6073336189077885,13.016756206151198,7.213685674382121,1.1629716984155833,8.115806144431826,218.27841641417754,12.0,52560.0
47.664025531748905,-96.25185893283455,847.8171868906494,3.922717274693305,10.613889219131433,9.112346484734209,1.1238926168000678,11.877735995121858,425.19240378418107,22.203812553427557,97252.6989840127
42.081076446214595,-96.51990999808298,1496.1589405274667,5.220634989836032,8.398723422970823,9.868419098047502,1.0467379303558726,12.686389573827721,502.98000571497994,29.364588352835536,128616.89698541965
33.03023005274198,-104.05883840836078,1316.6265829571141,10.747860209732853,12.191171486434719,9.850691447332313,1.055781711473747,14.110166194074429,504.5965615595881,28.824180565929453,126249.910878771
26.00401720076805,-73.62205742123771,319.03151194130726,1.3077540959688352,20.28460576812174,7.717845852159638,1.158140743226773,8.027616244761209,266.20710667087155,12.233356972829977,53582.1035409953
42.651525982258484,-79.31465872684606,709.5526012969508,11.999861350599417,12.947226597540748,6.045295870534124,1.1334826155123618,14.162600433951404,125.20957782109718,12.0,52560.0
37.40170199365932,-86.3506933768796,588.2292151847373,0.26140947532200454,15.25011411079378,6.768383996970071,1.1409663892996775,8.988176608843087,176.88777751601765,12.0,52560.0
34.18132822192743,-85.42636167031013,528.2319936870125,3.6954156768739965,16.576209571299696,7.376381883200211,1.1439555801307808,9.971600725897654,229.56693875032371,12.0,52560.0
45.752505242273664,-99.06732823409158,998.5235208223692,0.23531899147647334,10.283107302383685,10.51657066433998,1.1048579053694314,7.677397526498535,642.5380705452185,37.756400644562355,165373.03482318312
26.668739575347633,-74.26629586078491,1695.5948571681433,8.968752586471535,11.825808984386848,8.938192222275797,1.0090926270867395,12.404854061717858,360.2882576958265,20.521025585613025,89882.09206498506
35.82300250298062,-86.49184692832259,537.5379786770216,3.018465620907348,16.027871377043688,7.803874163538893,1.14484552839117,8.887479681730742,272.04933586471896,12.595914662935964,55170.106223659524
24.272487474418057,-84.63502267058591,892.6957336930958,4.426759508039955,17.362079355516006,7.193369760910883,1.0918442064037142,11.040125534615868,203.20193212079317,12.0,52560.0
35.247855407859035,-77.46869119548336,950.3834758819662,7.125033419594108,13.72334252235049,6.577558368764405,1.0979972778804956,10.696494132691749,156.2303478669593,12.0,52560.0
25.351278616364098,-109.20013417552168,2343.9665400562762,0.6515377380121029,8.330817174753111,7.804123848798038,0.9425644998556785,9.584765075352788,224.00284886944277,12.42328773341045,54414.00027233778
26.851629990433725,-80.41817119119804,2292.1059293721837,0.1574237868503444,8.191875426636779,7.097985249501125,0.9491681370420951,7.4538406995323045,169.7142982171845,12.0,52560.0
26.820629922650518,-113.45700744034943,1924.3274469499406,8.44393180123649,10.407846341505198,8.042553267255439,0.9858674244440185,12.886795947639742,256.430901394343,13.26420609999104,58097.22271796075
39.581047250785524,-105.35153457877605,595.1482315496606,1.512955869233827,14.554796435466379,8.953820597743398,1.1427733288319601,7.303399971771631,410.16185208626456,21.933379056485528,96068.20026740662
41.90507710237016,-105.87703546942849,181.92880753817386,0.5523563459814219,16.336904024059912,7.271164783584577,1.193282618317397,8.316574681698016,229.36401376610564,12.0,52560.0
38.00085036233183,-71.1596247069864,774.231847775087,2.5279166107875928,13.95435380464993,6.823478392403659,1.1207318180034573,9.122764835243885,178.02835056394287,12.0,52560.0
47.092141163389,-77.74698991761196,654.9710276525175,3.648259450761021,11.942531485068194,7.6851532380496534,1.1449776694114622,10.128858951828853,259.8511335065131,12.0,52560.0
32.99689390856889,-86.13682747412597,1224.1034043484174,0.12584132210502286,12.75631140133883,7.648714793425518,1.0656618515149179,9.841555471297282,238.4266655307103,12.0,52560.0
30.857090070764656,-84.73893487276894,1870.9924259613474,1.2857588593500187,9.51691842300252,7.892942660645031,0.9955297606764044,8.984692970558298,244.76036676724183,13.182763025273825,57740.50205069935
44.846379076547045,-93.64806910226116,2062.808594531682,0.1333993987795837,4.169234709845794,9.168630503672926,0.9908639042162538,7.126448618292786,381.8540712005993,23.904417091540623,104701.34686094793
29.366300124466864,-72.85710397613997,2030.7765232770103,2.181222399721943,9.005450822997878,8.60434756865828,0.9777655506994789,8.455149547177284,311.42865616777726,18.684943809542585,81840.05388579651
47.11734094657467,-97.20202734435247,876.0278357109013,9.018992162660757,10.608630701762191,9.794512133750414,1.1200863172680133,14.125552720692975,526.2231162534388,28.23954124698215,123689.1906617818
24.291707392555594,-103.45204366702569,1655.6177374364254,16.217207092932902,12.778781357614768,9.419805309546081,1.0106957638967184,19.28875620495185,422.3925310522346,23.221154590057644,101708.65710445248
47.27709184098334,-115.19609180569408,764.5453901076437,4.053933818744484,11.229600107059136,6.5428390090149495,1.1327931336721195,10.77066191614795,158.64241599924543,12.0,52560.0
25.035837886813827,-81.54489477790287,164.95519289973487,0.7052197024627647,21.499517476557443,6.773419190971341,1.1747458234416488,9.249587114943383,182.53148022724946,12.0,52560.0
45.3874347287537,-84.34002766791806,1689.7253321350026,9.45143817947902,6.245417588563875,5.7400258391676156,1.029992281140947,14.402548175691457,97.39698578182036,12.0,52560.0
36.664826618071196,-103.24482791969672,43.389575116095074,2.904730139213734,18.74021456388207,8.347896786108242,1.2031071104442792,11.445715379557265,349.94960705634577,15.900796340524407,69645.4879714969
47.83115510686321,-122.63955564620161,993.8545581512028,0.6677585675163058,9.687526119033823,7.0723669026108205,1.107811598647878,6.061146933238545,195.94322933605315,12.0,52560.0
25.771117553649574,-78.69414430322742,803.9226609389402,10.190193360114234,17.445128768271484,6.1880817941714135,1.1033077256578148,14.914778743233974,130.71782115789787,12.0,52560.0
37.2925028256317,-123.38342889348003,1670.2385416748687,5.666503803455912,8.790817902261281,6.7479846097478005,1.0231473759301353,12.580385534757824,157.1920035078055,12.0,52560.0
47.26326085485837,-86.00021190003125,1843.6642251697017,5.262676696339587,4.759036392524278,8.105562536183307,1.0160035626949473,9.551137570441064,270.5295546687281,14.554720792778513,63749.677072369894
36.55434826008357,-71.60611607479292,743.7452336116555,4.940212719736509,14.571224120304993,7.276067080212725,1.122449179877594,9.901325811034205,216.18560583452103,12.0,52560.0
39.105567315246304,-100.36628827999701,1951.6722943787513,0.8942736717112059,6.558296039153602,10.316931639446072,0.9960530731522476,7.515624904672939,546.8952391598993,35.51540184516884,155557.4600818395
40.697968535630814,-111.31143613021855,719.5218900017423,0.9479897576953845,13.473478099300301,7.649356218116249,1.1300431306554548,7.69424561896437,252.8946729425757,12.0,52560.0
34.90898555442656,-85.93696545765738,1082.2567367680158,4.6627665196969845,13.03376391306394,7.414215197808256,1.0831708323082643,10.21959945069556,220.73058941569724,12.0,52560.0
39.06139392201752,-79.8750803311584,1750.3040942936389,0.9924238955158602,7.779757257632912,8.287122175062146,1.0167411073053687,8.886577712975445,289.3287639942956,16.07469753478307,70407.17520234984
38.02354348615441,-94.49276293179625,1669.1501455549967,2.309797335754749,8.578036080823699,9.172614992217387,1.0240574404233584,10.424687982853694,395.16076418505554,23.116372289269933,101249.7106270023
45.62779225178373,-71.78009513616811,2369.936964103036,6.09307436204899,2.092040539846666,6.499119813413271,0.960799573825192,12.953424966551637,131.8762035844181,12.0,52560.0
25.090713128194988,-121.2098890304701,555.8832376339178,6.129028287338149,19.137486635738,8.155467701817429,1.130174047169321,10.67202929900155,306.52221190344176,14.640972111935437,64127.457850277206
30.74311655021353,-96.74103769155548,1596.316634224206,2.415140605932249,11.199165229590708,9.986617064564966,1.0237550218566929,8.43544076511577,509.82513296092935,31.67186555274364,138722.77112101714
46.809875617837406,-85.2034868445823,1471.0429416963502,6.28452312501843,7.130779664470676,7.0134165089447675,1.0547176503751727,13.349700083030525,181.9261429754132,12.0,52560.0
45.36633081338199,-77.41741455794434,2197.9343216862712,7.296018307453028,3.202494825867774,6.61669360644858,0.9777362487699885,13.15370370697419,141.61680586696508,12.0,52560.0
34.93576206685711,-114.32019695697934,392.14189711480265,4.254244307317423,17.166419997254053,7.259896153189052,1.1603958367804015,10.65198439463325,222.0073699404793,12.0,52560.0
38.88318234723688,-80.7998119847612,1809.2796293369004,1.0372900132720195,7.479367519807532,7.3494213838907685,1.0104418637294277,9.190378018629172,200.5583654729601,12.0,52560.0
30.657148391547185,-94.15381791119856,1372.4793067196686,1.2808859628614593,12.567979642217836,10.014744636652896,1.0472133801289514,8.732767039495146,525.926223891665,31.897453716336052,139710.84727755192
28.514907833370273,-102.58610117254199,673.7047700952149,1.512418310751869,17.403299029417628,9.342523982690906,1.1209281261184492,9.536952606108258,457.02550268219153,24.921779512220073,109157.39426352392
35.12876171855957,-116.88738845672894,1149.1550956702742,0.49683301774802413,12.566440910410481,6.704662290407868,1.076150903464079,7.894819774841926,162.17126401904227,12.0,52560.0
32.48045347262527,-77.27402901891872,814.3883010261187,1.2761935435972884,15.369534152055706,7.773851383743538,1.1098412698354176,9.088282047485452,260.6991263758014,12.342742913102247,54061.213959387846
38.00774668442093,-115.50724675829537,1398.7658986365368,0.9404557672370608,10.205080602854501,8.033998072874827,1.0525544614713256,6.751618199898842,272.9039052337405,14.73652920921846,64545.99793637686
25.865631287159637,-107.27145560270864,2135.821453738905,2.4302915079264906,9.425381891418679,8.761491467764607,0.9636367383642283,8.632833750965377,324.05407001379933,19.94516381122641,87359.81749317168
47.385475383987995,-108.33754127402841,1374.9458629010408,9.562936010431642,7.534682207397358,8.681875392807372,1.065670578080457,12.925348194110573,348.68528893449803,18.205635823199465,79740.68490561366
47.66905786751047,-76.94364215369387,1523.49935561727,0.44140431019471965,6.55828650604324,7.339313988873485,1.050095486118321,7.815574546268534,207.57029375596463,12.0,52560.0
40.75588113647388,-87.67403831271952,1254.6198761330086,5.095692020588477,10.245516402259785,7.68365519480418,1.0711090653759898,9.945599306617389,242.94462897834416,12.0,52560.0
36.86631279225889,-80.9792045516659,141.77390534023266,4.649826659608069,18.08946273028094,7.358671853671807,1.1917829705962073,10.149643644777143,237.4463457300178,12.0,52560.0
31.428662790871865,-110.47473346520505,574.2033653651043,0.4026162056629444,17.126180970547814,7.9116330717550225,1.1355039951353418,6.4242728485200224,281.1622968932282,13.952825713981351,61113.376627238315
43.531080472966764,-90.25679862122206,1190.964116048357,10.233648144647228,9.794891161819827,7.736165406667087,1.0811736052565077,14.798629458462218,250.2895280926092,12.0,52560.0
40.4335481412931,-93.12571691023757,758.3599753123974,3.361693396450325,13.319775705737687,9.341844213436,1.1253673047631214,9.917999815176522,458.73529894379527,24.820079687020943,108711.94902915173
27.90280654427739,-79.02715965343336,452.59736267164226,1.8085009528016756,18.913573860686927,5.287458487780382,1.1451372933749995,7.038851442349785,84.63860074461536,12.0,52560.0
45.86225242785222,-75.07129873401193,1219.8361637658832,5.65118721117645,8.922307289049035,8.724092192157505,1.0807087309146213,10.388916434049863,358.78923447048345,19.191719312250115,84059.7305876555
43.740893830156054,-123.34353434022111,788.2873084058838,1.1902048956571418,12.14800800051788,5.941042612554321,1.1259161257655101,9.118044650468885,118.0494711492073,12.0,52560.0
46.79519791900618,-87.6029243708252,634.2961907527271,4.730278475554742,12.155663479781785,6.836104888306915,1.1469717578617817,10.186540749669897,183.20987628488234,12.0,52560.0
41.41726820132064,-121.20086684753463,1124.2852935081064,0.1620848572543249,10.82910777855517,7.231947082778086,1.0860161076673338,7.260921162186879,205.38654537717088,12.0,52560.0
38.721964702458955,-94.36163208582278,337.2165342355721,7.315554104408646,16.360111383848878,8.384089596795697,1.171293144914459,12.299821250235496,345.1463922726844,15.967753191550553,69938.75897899143
34.03783287097485,-108.46783263164137,2228.034844719469,2.378067144340596,6.42044107039073,9.05026300846056,0.9628586526466405,9.839157328818217,356.8750142470892,22.154373317520765,97036.15513074095
46.385483600496315,-107.43406362580437,2085.1309930477887,4.0500273455548905,3.5735689615643764,7.849227135699034,0.9902436223875585,8.706393458885941,239.43781911314912,12.950696276428328,56724.049690756074
44.7855333480098,-104.94024081357274,1704.136994062474,1.0001982732204444,6.339518031222214,9.451266343864592,1.0278177868728542,9.260273141393723,433.86652128262597,26.031510227463073,114018.01479628826
25.085248082548546,-90.45020775132105,272.78890966052575,4.521324777475139,20.837692117272283,6.97198489056199,1.162359750751872,9.752442928556231,196.96083613194708,12.0,52560.0
24.632807387934047,-105.96130185388645,1866.5878656378693,5.917856189385628,11.410630589792571,9.191513072883174,0.989443933854675,11.529200151731617,384.16891607051207,23.013817309402977,100800.51981518505
33.03512080507319,-84.43425126812485,1942.9384408994651,2.5638373659087557,8.431833113081252,7.454385634471735,0.9904979136402021,9.495798250715442,205.14415047925934,12.0,52560.0
43.45327993876399,-102.15552117901103,1847.2797901601236,3.846480269152801,5.88033727741006,10.089115373933337,1.011468174361772,9.675408819603952,519.3755391573105,32.461768518826105,142182.54611245834
47.694627103558666,-120.30892718326223,291.23881134379394,2.437621345386504,13.944179000869635,6.405098101198856,1.1876521350422617,8.234181111875046,156.04024217047353,12.0,52560.0
27.610005386484676,-81.67696850585821,1552.50093782128,8.980714122856035,12.401992757126918,7.025248564026578,1.0249483054203878,13.045604616002905,177.68757102730336,12.0,52560.0
38.25913716845125,-108.56905047199388,2005.6930138835685,2.7555783866191135,6.488100766163216,8.4860765300521,0.9896462707833321,11.603743402861701,302.392370115134,16.94437028291077,74216.34183914917
33.141380559144515,-100.63058850163982,1394.101094902809,7.375801103659997,11.69297926283979,10.776358345478439,1.0476544566389507,10.79147062563964,655.5474655483433,40.05738632808088,175451.35211699424
47.27794554755047,-86.98603030601731,1558.449553042852,6.464884632260631,6.465919017477747,7.1208780544169725,1.0459425494075507,13.909706402282229,188.83325551505325,12.0,52560.0
44.21085415525701,-106.04736751396955,1110.9050810346087,2.1139549509845645,10.071313267215249,8.168829985522287,1.0906954276740737,8.9567075652989,297.2713592741007,15.168653696830589,66438.70319211797
44.11988891306731,-120.94437456807735,1278.3234213240453,1.0458979993607294,9.094092798135536,7.73522304316542,1.0723718744095236,8.669984500122805,248.1612353002448,12.188412186754967,53385.24537798676
35.248635835079284,-103.80826346130806,101.81692287710601,2.084056957929426,18.814507712213583,8.597564699474448,1.1944841675416378,7.946381201095983,379.55678574781945,18.756796751550496,82154.76977179118
33.95566805610396,-72.99977653450762,1540.7319922964173,6.999800187361854,10.56890762939031,7.950595105072376,1.033062909717023,11.274356812404136,259.5946181468671,13.013127316588392,56997.49764665715
30.561769726336948,-89.34634254587786,213.84436668095887,1.0331794093334052,19.548402882013164,6.467705526312208,1.1757126107001825,8.01641606555442,159.04568676434036,12.0,52560.0
25.35301191962225,-87.74012597197083,1055.3347345297316,2.973018152596563,16.062088016934936,6.219963371831169,1.0753404269903353,8.528976926504443,129.38366802991018,12.0,52560.0
44.75333703012127,-89.85676370356745,716.5191324484306,6.561583780560082,12.274884096273034,7.232449377877183,1.1351992775563855,11.686248719491003,214.7327658870564,12.0,52560.0
43.50962421912186,-113.25442449619041,1318.1185215038772,1.7445889604870377,9.038401605240178,6.928016432437413,1.067382902985818,8.558334306124097,177.46674091388073,12.0,52560.0
47.993224158867136,-101.40997133847688,337.53087854523284,4.111232169276596,13.576847481068462,9.492209389254407,1.1826184999427973,12.687676672488838,505.72753749419894,25.571951332137555,112005.14683476249
47.919284089773726,-83.44925088838082,1666.1112966964972,1.1274976069271159,5.627546992888899,6.979939430302375,1.0352832318435938,7.277329541339716,176.02896934856736,12.0,52560.0
37.33036093446306,-118.5258635321294,1912.1274578897594,0.46289812747612036,7.328126972322524,7.972666998387992,0.9982004892013977,8.400967496583977,252.92901773096412,13.88717636993745,60825.832500326025
42.45569796433225,-108.99595009115554,408.78359038871247,6.326984088569484,14.81058906836805,7.430520016139894,1.1675621648131695,12.09360599142388,239.50117183008925,12.0,52560.0
46.67437751717827,-109.0787681428439,268.26514789747955,0.41686079117788805,14.388095857461641,7.57267375811648,1.1890734419755242,6.965731816324528,258.18227607238526,12.0,52560.0
44.39153737625787,-100.67097790989668,366.32684903391475,1.2664194382791731,14.48457769291915,9.75660117184324,1.1748363079691968,9.58404465751091,545.5606287375281,28.986228318895503,126959.6800367623
29.936354441836745,-71.060087989122,2107.563597318434,7.727105823626336,8.373712083538374,7.615287773560648,0.9706459172073186,12.158271078717847,214.33337122148853,12.0,52560.0
34.81305924744224,-120.35486247907362,1277.0904429801276,1.7014629977516935,11.89353956788656,7.289509232950599,1.061999822871726,6.030010216751336,205.67870052388756,12.0,52560.0
27.09982596363588,-95.99014630344787,1132.0811704978562,14.454397746969873,15.077565187922099,9.760644149256217,1.0689939576041696,17.4644581827074,497.0278150990216,27.05745209597884,118511.64018038732
46.89722465420934,-114.31430717134063,273.97412946360316,15.595308772331462,14.286987826955581,6.300933237783616,1.1886819091738248,16.01685620247604,148.67922599238858,12.0,52560.0
38.54819122682112,-71.58346654787383,1565.943296081569,1.2494076530185028,9.039882855464251,8.354505270102639,1.0354481010637666,7.492314656444183,301.8982198890802,16.940190880562415,74198.03605686338
29.487427332083104,-117.88161074471694,2085.839028710314,0.16736598218065607,8.638737628113185,7.323190102866917,0.9723582786823579,8.92590208877927,190.94014362877817,12.0,52560.0
40.12081642574056,-102.20554587247408,1991.082368989818,4.8839778735428325,6.0172608583389255,9.1227947121977,0.9931152940328374,10.51379294522356,377.0104437043253,22.63956197185639,99161.28143673099
38.8350777709895,-84.15421081893126,1510.0102073743071,2.398529009739311,9.289415424457308,7.536468117778304,1.0416647917445159,10.540443986505386,222.94697717816274,12.0,52560.0
32.59590523278817,-85.95406088651796,199.16334563098323,0.42478943600792657,19.02624835637765,6.1633754459508845,1.1798752397986154,9.70707297604314,138.12171535665536,12.0,52560.0
26.725382212791096,-101.17265360772765,287.50492467891087,4.917474515814366,20.257355788089207,9.984941107901726,1.162615651099493,10.176570557101863,578.685622717683,31.218758291440988,136738.16131651154
40.11775669422719,-105.28769493055322,137.35538932138275,0.12668475257512082,17.140540655803548,9.8291915468951,1.1963072680421702,9.02792584669111,568.0232875190892,29.87179256890374,130838.45145179838
36.48738482169104,-102.52893155814499,632.8005352520769,8.166939912236344,15.256981341980229,9.024406163576007,1.1348421980171146,11.993610985670347,417.024318204868,21.384928819055794,93665.98822746438
42.53564140165534,-109.72908178943348,342.87429184169906,0.5970291572572383,15.182061828453202,7.654882701695951,1.1752840152676314,11.037956594912954,263.58971136768395,12.0,52560.0
36.483924026687845,-112.91202130983281,638.9143358007926,0.5447081455792934,15.221336777188892,6.0065518312580615,1.1341481081652376,7.495276481910117,122.88969434576217,12.0,52560.0
44.452356007644966,-97.91585633181994,936.4381726111288,0.7727485259717845,11.04566416203974,10.117295947942468,1.1102164778384105,9.694954044735075,574.8718399065889,32.762655511016796,143500.43113825357
37.24576413058765,-109.4991771723492,2264.299026089303,12.902228227907699,5.240476604287885,7.506240863624683,0.9625704042756856,16.75388496780251,203.54947999640368,12.0,52560.0
37.46251131684927,-108.4770700955485,1472.695022280427,4.72583738272435,9.925076471262658,7.761354404325124,1.0440947455138057,11.214807816165331,244.0745286658858,12.0,52560.0
45.03968646380028,-88.53517257237391,2007.2376099254502,6.465276846710752,4.444668401307213,7.004000156639702,0.9967400610218564,11.074514314326432,171.23414101601992,12.0,52560.0
33.68358878909753,-71.69898408820582,1710.6365716953508,2.027566725714431,9.631103933098638,7.91833216000591,1.0150400956738854,9.034863045098968,251.97319874202404,13.346902860173714,58459.43452756087
27.216365482815377,-91.40359116979374,287.75745065338356,1.6397768624296176,20.108545651235087,8.305148746688442,1.1631705520573647,6.399560381924308,333.16214413796155,16.83397269547324,73732.80040617278
24.690784231520134,-119.84310877849182,1771.4905671699983,1.0688206863683551,11.963821327523972,7.438373627399353,0.9992032435856785,8.910596457879713,205.6164263092327,12.0,52560.0
42.123294136166855,-119.91848485188038,674.7353381107162,2.6206938114522065,13.314599730485645,6.479193789289267,1.1367860426520537,9.991954684105385,154.60076765785755,12.0,52560.0
38.88742923248315,-72.62314607433945,1541.076675847401,3.2103193136137906,9.087311175170646,8.481986495837388,1.0384419770778834,10.08639089104192,316.843622333707,17.291173377127677,75735.33939181923
40.89791443438136,-107.94629732340398,831.4894972703127,3.9962427600383266,12.741688686063718,7.605742904222579,1.117731172766836,6.829778250471927,245.8851441607556,12.0,52560.0
29.11113987621386,-119.02838275154633,2394.4599865698888,1.1888749637064182,6.899898117716507,6.01674718065225,0.9414077074920727,7.194561244116077,102.52577088022052,12.0,52560.0
27.272915414082476,-91.65159229387939,647.2525212023312,11.876679272292684,17.934610248561274,8.263229724673144,1.1224498958138789,14.228298383957213,316.65507172437935,14.557862259917346,63763.436698437974
24.349071976029165,-90.32296597232563,684.3305204427618,0.7441546179935846,18.58929528453468,6.900063160998963,1.1149438985700844,8.796483490623007,183.13958174731803,12.0,52560.0
32.41410141135833,-88.98073971359085,2234.999968238508,13.484982754574913,6.865769767161455,8.561432088326304,0.9604917817922791,16.43819633951653,301.3720039097746,16.34040378341961,71570.96857137789
38.158024484511195,-109.56029049569277,78.65368303444795,0.059870319826860134,18.080670556439955,6.675758482077822,1.2007938646395595,7.831653641530701,178.62420680568118,12.0,52560.0
33.41385708239358,-123.18402305241835,1678.1197911382085,2.624374423645522,9.907124128452676,7.822068274699587,1.018123181551809,10.336919298112061,243.63245270942906,12.357300770740622,54124.977375843926
34.499398128569496,-71.88917004945853,1746.2768099513899,1.6220674664898294,9.172519701720814,8.394090391619706,1.0122283218067827,7.741749629530418,299.34321150076937,17.185174681701884,75271.06510585426
45.699808667849965,-110.45177553268047,2010.5810142367504,2.384977906565873,4.226571314224508,7.069508176666158,0.9971096852941778,10.16326875077232,176.14914618606016,12.0,52560.0
32.35813120855921,-87.49458044516243,2339.1655593195715,3.382067193501538,6.25756728151481,7.325770001376477,0.9501292907959225,10.598930841908793,186.77233559256865,12.0,52560.0
36.335747739835455,-85.84198702654967,2341.9325675928326,2.287891397720813,5.0476802724923715,7.561877714009643,0.9539309755565686,9.82580051803798,206.24142720496144,12.0,52560.0
42.807672305787435,-91.05959947770776,175.35868300818407,2.143526686624782,16.105546210214662,8.42559208079014,1.195171441462519,9.067667494672081,357.4386401485033,17.10021955331262,74898.96164350928
33.517026775710484,-107.103000712463,1975.9775881519079,5.2778850376993525,8.08902643837541,8.203125507476882,0.9876492703570043,13.363623612417125,272.590565392722,14.322041317366274,62730.54097006428
38.93008080546896,-109.36080229674045,1558.2176421045676,4.631873369182509,8.971669905731904,7.607021028772772,1.0366822292428062,11.37095884769736,228.17050769049075,12.0,52560.0
44.69672900992188,-91.72591273405403,1560.674279807957,7.165548922929953,7.226935618175695,8.60301868725143,1.0428184594921297,11.137326317853702,331.9948244069888,18.003551386578224,78855.55507321261
46.78849496778341,-77.23083578496866,325.47282534297364,1.1505095290665752,14.010614557607136,6.4223562380976125,1.182534182772938,8.988272288323126,156.62709116793852,12.0,52560.0
27.529763542296912,-72.87637863813663,1567.4454561406549,3.761601282802815,12.336398200466997,7.482025451345941,1.023302826367789,11.15994082217075,214.30471269550026,12.0,52560.0
46.238103003875864,-118.28108656219709,2358.3085418309697,3.519784925315458,1.9787178478514207,6.442736836315704,0.9625961619760035,9.406140636480103,128.71385772619576,12.0,52560.0
35.81079103390891,-115.63925491972313,2190.128195503884,1.8464774918186335,6.115993516804021,9.089800927937603,0.9684783561557964,10.415013191408498,363.6830326125929,22.365670372148458,97961.63623001025
30.197865319175,-72.9842420257137,1065.1309727155442,2.6625758760830402,14.549854567954235,6.2967451489578306,1.0797072119983393,10.055985972509037,134.77965966867984,12.0,52560.0
35.01925814971827,-84.22709766992119,115.07617642090453,1.5062405052662038,18.80376549655909,6.283058668451747,1.192647167555689,6.092770297961307,147.90924846393858,12.0,52560.0
47.520781806851446,-76.31833345919225,882.2585062004875,0.6118793647128102,10.450214420741641,7.151773775142782,1.119867671148188,8.726733991633198,204.8226670799042,12.0,52560.0
35.822834255828866,-113.05783775669147,1986.8089416093214,0.9621824235484318,7.332296073595412,8.960357631447176,0.9889835710201573,8.090074468833802,355.74197597384523,21.794138741890343,95458.3276894797
31.890038646900198,-92.2703629600923,1689.5678614870951,0.4460225281929104,10.295581237007369,7.508504927879591,1.0152943923124627,8.91222929436583,214.89306598791342,12.0,52560.0
39.20162050360142,-86.13846190145642,1113.2379003136161,4.5962920371566645,11.560086447037879,8.758030898748535,1.0846843233270118,11.890833030596177,364.32819905564736,19.101467055412364,83664.42570270615
29.763494850676633,-87.27395818586348,151.141653678018,4.3238053785466635,20.164101622728904,7.277033577431476,1.1820354666745312,10.82847768369818,227.7527599143249,12.0,52560.0
25.820719874607935,-101.9598086931983,1036.0094522194604,12.031735369825856,16.03772732430086,10.148777226630719,1.0779575461321662,17.217343902629146,563.3947815240066,31.225367828832468,136767.1110902862
27.093113325855583,-123.16867584866934,1136.2793565285626,5.232571872671619,15.05438986307195,6.573858927634754,1.0685339632098787,10.925094862126777,151.78172183827752,12.0,52560.0
27.07310013498654,-92.52199293256979,2229.9621682880434,0.2137965240577883,8.498296949775778,9.000897012549784,0.9555252488404637,8.878059302099324,348.39310343610236,21.954973392001357,96162.78345696595
27.645664644295064,-110.33251688430113,1545.7849265255395,8.625123571866554,12.431591047558243,7.336430779839457,1.025688010213963,14.14100523148475,202.50686760708734,12.0,52560.0
27.33185214358584,-99.68627070828393,761.7339416380644,7.941624345296643,17.23004070709586,10.804991670631802,1.1097613182933332,12.648159444506707,699.9594748602228,39.94032349316529,174938.61690006396
39.38099387527715,-72.29062518547386,1270.257469392717,2.343061146620918,10.564157021060556,6.621980972417084,1.0678662926389129,10.340365857545889,155.04246624635002,12.0,52560.0
28.365122025579474,-102.45209284730852,177.21163261674096,3.5262342561256905,20.42719359662571,9.06783523632563,1.177318037447683,9.402132969080812,438.90917873450854,22.421178758575213,98204.76296255944
32.29601479977272,-78.65071324012095,2334.712400846374,14.931882558568734,6.302921154989942,7.127340244593632,0.9505047057739093,16.45204743231578,172.07063068406902,12.0,52560.0
45.522921837744285,-113.81880728954044,876.9425665951279,3.039750178947089,11.081468049105947,6.597018173957398,1.1180992698953813,8.248863678964678,160.50679016214104,12.0,52560.0
35.37507936630894,-87.68713310664845,1157.3243046932632,9.4290872225395,12.443530361947742,8.011844284101745,1.0755439760314114,13.947143273167757,276.56401802444617,12.779049059950289,55972.23488258227
40.021385724504654,-71.24162446029706,865.5758586838758,0.346760293987862,12.80012913054535,7.542416390614132,1.112907918457101,8.59835818741793,238.75954944331443,12.0,52560.0
28.135676908839116,-118.49777255286142,1644.3779176765563,0.8480819143028613,11.693029421288927,8.24765359166606,1.015953514072408,9.923964938876793,284.9935800772556,15.516213454627636,67961.01493126905
28.6149364514081,-123.55072311973163,1596.1125368244313,2.324670072252985,11.838843843630984,6.135941586615422,1.0214827683917689,10.344170048578853,117.98986351479316,12.0,52560.0
24.980846790395493,-100.58652919783883,1722.467099059343,3.515563705512973,12.170943368525295,10.937143978102446,1.0045376955975358,9.767583555330864,657.1250613346243,42.28235504649318,185196.71510364013
28.05444151373195,-118.99822391522618,658.1808864763716,6.7762344562913635,17.634582227022186,8.83249699944511,1.1221314127772846,10.651925048973688,386.60211014436993,20.044118078924832,87793.23718569077
30.68616813676701,-83.5872451174835,771.290985170477,17.779734585329656,16.166403647947035,6.842556779326603,1.1125576758535656,19.18726123422176,178.21644173836174,12.0,52560.0
28.248251622641924,-74.61437215217782,318.0979300089749,1.9696611975274751,19.61693693315357,8.144588964887193,1.160911357414486,10.514700525414057,313.6003790659159,14.600052571502612,63948.23026318144
26.128860810169336,-100.56286747372702,1580.113732993748,0.19430641968768272,12.680659358986711,9.97910082210806,1.020479964732396,9.022805820377343,507.0475846726766,31.44512459844042,137729.64574116905
26.89526090641442,-110.02957132360619,114.71716305885306,6.461250605789953,21.24311874972256,6.02587203705809,1.1828153211117716,13.178123393302718,129.40368996811836,12.0,52560.0
35.05869043278542,-100.54222077364307,1442.4839585458326,3.7092117680228287,10.82748911888938,9.918555903257309,1.0446386457019354,9.971259623375806,509.66103156986395,30.568163878712404,133888.55778876034
28.95200924173902,-84.93381783609995,2089.8762059468886,0.8852951267402015,8.775139991796964,8.273312909839303,0.9713997638962338,7.971234314233347,275.0466431808381,16.198565325329994,70949.71612494538
32.74247666515381,-123.51107527465997,2140.180512929328,2.7314288701189646,7.336173922877888,6.897745171248819,0.9702873999659954,8.75457569939322,159.21787877361095,12.0,52560.0
36.082014500516564,-92.16948456782634,1088.7098696805087,5.4239956788598604,12.643136431761977,7.835245680378638,1.083800981718619,11.187321647379603,260.6618062733117,12.234676034265549,53587.8810300831
40.569475887104765,-90.88224901608153,1113.1427779471155,5.885871813046082,11.150300566185878,8.371538580378772,1.0862603359263452,11.437214132665066,318.6542940912183,16.085881252796238,70456.15988724753
24.943491356186374,-89.56483466761948,203.18665555908132,2.7695371825127677,21.297832659789602,7.119805981933353,1.1702119487528082,9.909735463754599,211.17330152262673,12.0,52560.0
43.18584957381702,-110.93080768103263,1616.420760554425,1.4566086300485046,7.345720564528342,8.177462794662782,1.0352558110920673,8.718808229586493,283.0566822413271,15.292155399246179,66979.64064869826
39.069609347781785,-85.44115293758117,1974.5974204873723,14.559226963421947,6.431532672741229,7.7043350295514905,0.9936746969389464,16.57518290238104,227.20595815157,12.0,52560.0
25.962216766772926,-119.06485973808407,602.279029959217,4.354995699334283,18.597660790212817,7.3831212852614385,1.1259720821638897,9.680964556033997,226.57794591067514,12.0,52560.0
44.96588697856265,-113.23940183079276,1022.6960982874078,2.0985997588737613,10.374057316706757,7.074109094114007,1.1012689718444488,10.389102671586045,194.92999276363332,12.0,52560.0
46.100937612763516,-76.61661748065798,2016.4376215013433,1.316590563889078,4.0710929871628885,7.625874490429479,0.9969434684027596,8.8817760130259,221.05965929982645,12.0,52560.0
25.46587103651673,-84.10894986076542,2107.5467130362454,5.253707236501389,9.714958410827508,6.871274372611211,0.96604548539717,10.942891620758495,156.7037721618436,12.0,52560.0
30.64506355553289,-123.25774008338736,598.7683530288577,1.109255741144959,17.213870815166985,7.941034037028213,1.1318156001578903,7.7686383407879305,283.38499599348705,13.822368239049862,60541.9728870384
43.34883071503347,-110.58768194003079,1330.358110208447,0.7535677242363887,9.013202124239278,7.306165127904819,1.065882672470155,6.853844902072529,207.84896064544682,12.0,52560.0
41.9582325692078,-112.42204991836911,478.1336985132684,3.0186768759145153,14.54372803815805,7.964302673257234,1.158979459811421,11.380763156607921,292.74468101692867,13.083125197588759,57304.08836543876
28.428504464553058,-109.37645828600348,262.4714586521446,1.3698902090607596,19.896619908721213,7.234180516609094,1.167528444036382,9.487500575194625,221.00673016740163,12.0,52560.0
29.024383760081047,-110.63177240488614,2188.466793312859,3.9651902999736306,8.161884112098534,8.058979080945154,0.961634164982541,8.430412768900219,251.6633505113065,14.496676908368576,63495.44485865436
32.89133046699317,-120.62358002988633,1972.8078600724198,0.5019747830854694,8.295753699467529,7.111562929050309,0.9873120788223654,9.21695563070287,177.54957077629808,12.0,52560.0
35.62855164458451,-99.2172121037717,1828.8830662915539,4.256160660484968,8.338136108875323,9.489555968283033,1.004920664178581,11.660673800570711,429.37767073190685,25.80286308847673,113016.54032752807
38.8381145167271,-84.43239236154707,136.06383877527418,1.332372366259804,17.53218261233022,5.350137772144414,1.194878979261826,8.948674766516998,91.49320106754598,12.0,52560.0
32.853927349674535,-91.23648686525843,2028.0745266504127,0.0009718557914497478,7.975374635195163,7.5051556718957,0.9816777105419638,9.91831618837698,207.49997513184042,12.0,52560.0
35.10083318719555,-87.6649298957037,1062.5449006548133,0.542985925861179,13.094480639912458,7.2342741339512,1.0855378096629398,8.585855126064166,205.49433051078668,12.0,52560.0
41.93930251521016,-119.61794435904308,834.900393444146,10.849159372895109,12.40880688477208,7.307879602196672,1.1185730269057457,12.809307390198038,218.27726229041693,12.0,52560.0
24.88039686937435,-72.61950165045349,1320.613739240396,8.080304686438806,14.612198503745319,8.02258908720298,1.046389175873394,13.286385613121269,270.1511920356471,13.02105564414045,57032.22372133517
30.0584866642565,-78.72144097247666,237.42071768206287,1.064251349643587,19.557929694630676,6.4053612619627,1.1723758934505777,8.932427571841426,154.05215254869037,12.0,52560.0
41.12039006122926,-80.5251228012342,1820.8187874587093,6.027018190413927,6.73897025687897,6.8153180750017395,1.0116706382932157,10.89225469571457,160.12809547111053,12.0,52560.0
45.48496410449278,-79.55887452774456,1406.1954829941442,3.7518105966915014,7.9173378706873,6.330020422958797,1.060156917250831,10.93935696226781,134.44835388701244,12.0,52560.0
36.28025861077599,-73.63363256083089,464.0844305581387,14.14871609362638,16.331415833418372,7.285847184499254,1.1537630199676607,14.488031336746795,223.11398506519316,12.0,52560.0
36.77072364636757,-94.61028582986032,467.9926354503285,1.8711006774496732,16.16082709338776,9.64635922527294,1.1539028444482533,10.31134059940115,517.8804785001594,27.68893580256573,121277.53881523789
26.572128272154625,-113.1847710351482,458.51179074296465,4.576036584198774,19.277290773895825,7.986469869727813,1.1429029557449788,9.691875906192722,291.10115786931533,13.662241397946037,59840.617323003644
34.73789680376291,-90.69368517596277,155.6656823736029,0.2625756097277781,18.64463686462951,7.727000351711107,1.1875513378170492,6.975610015696228,273.9398373830534,12.557219222038537,55000.6201925288
36.78281439492056,-83.8843993419313,1418.9603095046098,2.0183627180720896,10.451393824496174,7.824337679429644,1.0490429621623742,9.07442790407428,251.24997932336495,12.68839820355171,55575.18413155649
29.819292087233514,-84.15246075888263,2020.0286626606494,13.2767366293128,8.93404039786605,8.694903887608099,0.9793198678141879,16.48560949124004,321.8762454349819,17.423859876827173,76316.50626050301
30.461837542785144,-95.84175269498847,61.64574928998487,3.0972629990121607,20.491574241424548,8.579527457227858,1.1933426336351038,10.055066675719411,376.8124697259813,18.082856775154454,79202.91267517651
33.054819914510944,-120.30322915598678,136.63105503163104,1.3580325799993795,19.263767695456934,6.978799292672991,1.1877231477518049,7.923628549072774,201.8493476057492,12.0,52560.0
24.481708746665433,-103.9599013247731,1383.193258514931,0.5125653262834449,14.356327824910784,9.262995117778386,1.0393360364824387,7.700232046339801,413.0287618698103,24.633364028695684,107894.1344456871
31.72989997399628,-74.27860314297871,1970.3997312188046,4.863214590049644,8.658631620488288,6.501889864491224,0.9863354129093866,9.558277937176832,135.55434928790828,12.0,52560.0
29.074752167917072,-92.439758873099,797.6385595533479,4.1409282409548664,16.49174299230479,7.740364357489606,1.107779589010846,10.214941062617076,256.8665641463888,12.0,52560.0
31.859936452269952,-94.93007506419147,852.0822691623788,1.8732280443306888,15.32952544934474,8.98002612608482,1.1049510738538662,10.413962284011506,400.0790895325248,21.386412105068736,93672.48502020107
26.87429116366203,-109.48191022336155,1439.3046640423267,12.058955183555419,13.301884666647428,8.01370077231946,1.0360185255216732,15.230257584960599,266.5857259105993,12.471528853469454,54625.29637819621
45.37265473775748,-104.10375832450474,672.6266761154699,0.0898120227829574,12.35244352197994,10.542591532470544,1.1409066593821073,9.085184319381119,668.4397380872844,37.707250689657016,165157.75802069774
38.24621888529717,-75.65131118572886,83.32791126488823,1.4480357297651734,18.02616686682152,6.409186721106915,1.2003520221186126,10.615303043130535,158.0110305001692,12.0,52560.0
40.29845565946775,-88.01099543355087,1769.8438730817986,10.156749547916837,7.291400063668885,8.498043824284252,1.0160575226726722,13.388427505905742,311.77780787803783,16.593562875727184,72679.80539568506
42.94010972657612,-81.48110055537403,1509.0467928006583,1.5481562898682577,8.063686325223214,7.066631091667268,1.0463288277988758,8.705005870254517,184.61860066617106,12.0,52560.0
35.96261277429738,-99.46534715434663,1402.1992777524688,1.1627614852894037,10.798020501195975,9.904797306271703,1.049915101665799,11.303088324448636,510.1066253965047,30.09073637970501,131797.42534310793
26.086086914098168,-89.96665014936747,1785.208227000539,3.056170957732659,11.462924563767316,7.013437782358108,0.999267227657761,11.56691466901553,172.3631786541921,12.0,52560.0
36.89055700364514,-110.58728512786679,1627.0493933976493,6.944581987895886,9.170536538520562,7.30100242866742,1.0272198302818993,10.15986376176271,199.88530989866325,12.0,52560.0
38.0841868325011,-85.90511516469175,509.9991318644043,0.4354521733150627,15.514749159063243,7.453748991449201,1.150676201038273,8.725849283262125,238.25796383493875,12.0,52560.0
41.89054738042392,-100.90952798001979,858.9048917251757,11.460269617140215,12.279406435521771,9.931840075343928,1.1158379246720114,14.876833761091762,546.5882303212094,29.481586555693408,129129.34911393712
34.359829109512305,-100.10254220000374,320.1421371951275,6.3404035240484715,17.771198443975546,10.279725718503176,1.1679915508791967,12.795985847459598,634.3870174146005,33.778264936341166,147948.80042117432
27.06192726709353,-88.93659447284838,329.05969193455684,0.799907216627028,19.9070636682646,7.320710308132584,1.158244700294248,7.58596980899415,227.21133346609156,12.0,52560.0
30.810621739169388,-73.44084644067796,1629.3458763285635,4.979289769109773,10.980738220277804,7.1420959482164115,1.0203869386369542,9.980043815017057,185.87112862809488,12.0,52560.0
32.713975113567244,-120.54365728313446,2063.468254618346,1.9442635830616,7.804997938219751,8.977695434862367,0.9779611776531791,8.355273291484627,353.8231326234079,21.880519232719596,95836.67423931183
39.50201379195843,-79.46386518326159,2311.303549589511,2.0586296767469934,4.2815745648754024,7.447847916201401,0.9602382877846389,8.548863550610076,198.35420995535145,12.0,52560.0
37.69867931205388,-108.21131203774158,1515.4661397676778,6.116782605254397,9.597599367777772,9.087703091164098,1.039832796107025,12.648458563323453,390.20776176422476,21.78838951302012,95433.14606702812
32.54632142154831,-100.0283494566556,458.1611495990776,13.16415285382334,17.487136675941045,9.46440648297069,1.1499908729301769,14.481050304515348,487.4662482999363,24.853493006957937,108858.29937047575
47.676365971031515,-122.81668024614952,271.4478221684551,0.5417024465448241,14.068403275679815,7.2598035713937215,1.189945108015779,7.577884787975712,227.65203806109474,12.0,52560.0
38.53859566456529,-107.7435117969471,1954.5853122574836,2.183257526177647,6.710909427085511,9.132782093547506,0.9951503073125344,7.163139647104859,379.02510135735406,23.56799074213134,103227.79945053527
29.693443001663866,-96.85791289797295,1397.4404137367983,2.622955574547081,12.707324617080051,9.856216280206521,1.043510270151868,10.782314732823096,499.57121507317135,29.713570272419496,130145.4377931974
26.44277934288969,-120.9664918232383,1491.5183500126532,1.8884189686653627,13.118056097057176,5.711580929010393,1.0300680412969971,10.658287500516586,95.96324424822687,12.0,52560.0
27.66861934042397,-97.48083061330908,1879.879771236208,1.8051302600258528,10.42013557045556,9.970567647223442,0.9912676087703401,8.690590038978968,491.2703715373979,31.437593664596555,137696.6602509329
29.902985481228196,-73.93602604164492,1693.7998020032348,0.21473688597851398,10.866305543612134,8.263717883379773,1.0127257575608972,7.7713028938112405,285.7513607377478,16.175807646719278,70850.03749263044
27.856352958229337,-118.30876622217852,2006.01064179751,4.6275760410532785,9.607030261746141,7.841268247805936,0.9786914512145085,11.320411907371444,235.92541778830366,12.24262392433909,53622.69278860522
28.477608577231337,-82.72020068392277,153.78909499451078,2.292325087866045,20.533982856863535,6.896123829771337,1.1801749755024393,11.144773461573534,193.5225418646583,12.0,52560.0
30.84228404865233,-101.87776311769639,1799.0991154566814,0.8666275543174488,9.95272009266421,8.858074275431553,1.0028750855427764,9.01030942966717,348.5256928547103,20.674169171304676,90552.86097031449
28.160966287074118,-88.62061941568575,2045.029562426587,6.772006462719784,9.281532739318244,7.287462442180042,0.9750811003442056,11.226153546661733,188.68602336843782,12.0,52560.0
45.522370191034206,-109.94722370879762,701.0014010507881,6.489297310131878,12.13728053638501,7.920040361287614,1.1378722954577976,9.9509912996954,282.6478668852064,13.129797360778365,57508.51244020923
25.92560989587941,-115.38741782276665,1544.2645121039418,2.6651769051570535,12.956729958612526,7.711418785706244,1.0239966302539245,8.260954627898048,234.78556868759964,12.13237870633742,53139.8187337579
36.58827334968611,-115.33501882935377,767.7057119319936,1.4178561942104475,14.417283723502205,8.031504136322697,1.1198090798166171,8.938577056901227,290.07122632787855,14.171893480062167,62072.89344267229
33.849523847751875,-120.19343493527019,2299.9711382282403,4.065468994308034,6.045316016304996,7.411103859469075,0.9555255379302865,9.652888368743868,194.47375580942278,12.0,52560.0
47.57708680580655,-113.97507793533288,99.54810239649895,1.3595642569853474,15.12958534387904,6.805820796811818,1.2100788133160716,9.049699801380118,190.73271471274785,12.0,52560.0
26.688933652033256,-88.1321532105957,1399.906968322433,1.0767914794973914,13.593878094455427,7.614889137942334,1.0399698694711743,7.982566068214954,229.6050925045132,12.0,52560.0
33.548534377097795,-76.38870696045056,416.2784419778459,5.244965059908911,17.437769035003587,6.221212047812091,1.1559690313080355,9.877203318392052,139.16858668765798,12.0,52560.0
47.26729039860885,-80.03721297807726,1715.0840883216376,0.16464337319603628,5.5293083504875185,5.831328965267591,1.0294153788204727,6.686348066173937,102.06181396003966,12.0,52560.0
44.77217102145553,-87.00274726677786,438.6188745364158,0.3982581395638998,13.93663544634485,7.399427978009258,1.1669413835028475,10.113780294986215,236.38150205733925,12.0,52560.0
43.609729702782715,-118.03667937580046,580.212163318091,0.02724527390154285,13.43580810925664,7.161924468322007,1.1492960426676015,9.083132463361299,211.10140567024055,12.0,52560.0
30.189667849078557,-108.3838779000187,1196.6025302889043,0.6639500415978185,13.763484463543008,7.715837825456602,1.0654865554285098,10.474991567152241,244.7187530542746,12.0,52560.0
28.10130209736158,-107.27042873258668,2197.30718099257,0.2859410799204786,8.385766284836105,7.520231956472236,0.9598105221305939,8.819505728858411,204.1029209220474,12.0,52560.0
40.047437278186344,-110.50232489452846,523.8802057121707,21.892938679148347,14.84248758227107,7.878366438492459,1.1514432865823412,20.6197735171512,281.5276705607268,12.0,52560.0
46.30502373906206,-96.18969437567495,363.29125026108636,1.363262453505315,13.928745376714863,8.876354592872742,1.1775382246240114,10.405966579091114,411.7645436712312,20.482945742012905,89715.30235001653
37.362309432334314,-95.08009399649768,1826.3648598125928,0.6466325540762519,7.833118011424149,9.689012422380213,1.0070403751438621,8.34829793081163,457.9893989259554,28.608665865209172,125305.95648961616
37.718704547277596,-104.72815734076005,1211.4744869547558,1.1029942856880168,11.415541714088189,10.519031566661585,1.0723325405107138,8.926806695761233,624.0606004117786,37.47263134919784,164130.12530948652
30.719498247846822,-104.89538542823246,2190.048567468616,11.003344713156231,7.643859120834259,7.871243422514935,0.963218203081171,14.550617573003116,234.86846850056966,12.0,52560.0
42.46783039660649,-79.2579977130716,368.9426460404246,2.937212115082534,15.045995004775506,6.382104231152986,1.1721810536857862,6.226042205908702,152.35488369129868,12.0,52560.0
28.48904996538056,-81.37818619073698,1557.3083853948335,1.8153754344187334,12.109434698016832,7.235064168207748,1.0253936069651857,11.014907275405063,194.17252202286406,12.0,52560.0
31.76830167370185,-107.37902508923973,574.2523678413198,8.266621193909318,17.02399529084153,9.17245022738857,1.1358971805022995,13.549177451494893,438.29358812791565,22.333739407357832,97821.77860422731
34.210474526794,-74.65542403084399,393.08982019090155,2.0100429573738756,17.378318720816388,5.74638324647261,1.159418020022393,9.601813447466538,110.00028543578699,12.0,52560.0
36.18264908842692,-72.54798908186467,1646.5620080743038,1.631924502255011,9.2658332250261,8.747580708997882,1.024409499984958,8.905023426628334,342.85262278946595,19.759878604717336,86548.26828866194
29.817833577961927,-106.35590273037779,1432.969395382785,0.9291535655249691,12.456833554314711,8.867045254205742,1.0398908016428734,8.753605523778338,362.48873603773814,20.815657514244297,91172.57991239002
26.756083793740885,-104.86105276517503,1816.4893509023484,1.8979543596720734,11.074238756463647,9.248134816932325,0.9967730288610177,8.422037892787747,394.21100031255025,24.31447566863179,106497.40342860724
38.654881018599184,-96.69575571521422,756.520931941914,1.5231935308276054,13.864410102768762,9.316036453974291,1.1234810161616868,9.653811341265287,454.18133294992515,24.642316553129593,107933.34650270762
30.92713327776614,-73.17947612318163,1086.1725421896122,4.524177797136364,14.204824763532482,6.9416007338561085,1.0782433147245474,9.145988665002859,180.3290395249948,12.0,52560.0
37.949717314142696,-76.67875061031518,985.022589666396,1.367610966791363,12.704949267758817,7.946793379743605,1.0972923801737522,9.043848699039474,275.33925414751127,13.544019733729138,59322.80643373362
27.704705166580855,-118.46133002048614,2362.132924240304,3.4434217009152444,7.51579090458392,6.780300372654564,0.9431539249887816,10.739941185234471,146.99392361652883,12.0,52560.0
35.54736244451562,-102.79253986334352,715.5525170397432,0.2726535696792874,15.042476164406857,9.801585701511899,1.1244286151132439,7.925189181220089,529.4085102764694,29.862444315071414,130797.50610001279
36.782146381238064,-94.11795575351232,721.6650272653052,0.8492554026252332,14.635365922036751,8.408094508353631,1.1251900975986764,8.95459459254037,334.4172409905897,16.991343479644907,74422.0844408447
25.243764883738244,-96.83084648221684,863.8247370120856,2.092978158460775,17.243922112806015,9.001820742296037,1.096109562031596,8.066185624395365,399.77446598342755,22.16612926470784,97087.64617942034
32.0785026766541,-113.5313943314078,1363.7339134709653,11.055261533254527,12.19404571617798,9.269119967907399,1.0497081762438547,13.474164794877558,417.97864503123094,23.247054122180376,101822.09705515005
27.225952246535382,-77.62389435691965,620.5281313477136,1.894453253876362,18.1090455379531,7.345264262893749,1.1253893282467409,9.42073249755749,222.99497276427928,12.0,52560.0
25.520999291346428,-87.44519771817079,2198.390058102672,4.363458968653837,9.153359863980041,8.12527899321913,0.9570714672490807,11.432334966737564,256.7019805576022,14.228696404043285,62321.69024970959
47.759045577358684,-78.7529477580026,652.3316443817071,1.177952578129342,11.758296460502153,7.866685435170735,1.1460820146815696,6.456932760275551,278.97228187670055,13.633135928676747,59713.135367604154
31.736492279393353,-77.6267289151285,2152.0414411132633,0.5434327373303768,7.566803669502411,6.491844645002144,0.9680586018195934,8.952484404531146,132.42683740629946,12.0,52560.0
43.43698670051124,-83.58878390205005,266.2706514788715,0.24127922345036615,15.371280080973401,8.013951493128426,1.1853034301727758,7.492925733618614,305.02797653778606,14.407652825814681,63105.5193770683
30.111375714330332,-100.28262753251526,1582.6192317111725,1.4577542896377773,11.470871895433865,8.418618656053134,1.0245018999114568,8.643285269013772,305.6365471793624,17.151594357771486,75123.98328703911
40.3560653333743,-91.03047522916708,2178.62553388302,0.6862910590100091,4.821427196689589,7.684809603151178,0.9743854448142385,6.8043531271279605,221.1057965488569,12.320718770309822,53964.74821395703
42.245468637352474,-115.34026806953386,421.6236633877863,0.7646926178843593,14.796617428467544,6.65038709546349,1.1658258924472413,7.436874882506566,171.4527578626715,12.0,52560.0
38.29532977458826,-87.62314745635499,2324.618165036227,5.721140623737916,4.563692077406163,8.138265987322526,0.9576663244790444,12.592034764879122,258.09516007268564,14.034168282028675,61469.6570752856
35.3178285252038,-114.32032419007884,1097.8623977889179,0.0638593336833603,12.817477055705353,7.4956044559614154,1.081935844324742,8.077751648986272,227.81981537999272,12.0,52560.0
33.88418193953444,-86.52672211245152,2270.8019580896384,3.2640636374533325,6.209933669601838,7.5240404038555235,0.95845090626147,9.49910410042053,204.12360690539128,12.0,52560.0
32.372838397031884,-111.6016993192857,1630.8317038395119,1.908669748407015,10.503158257853363,7.67780699191315,1.021918028429724,9.005415825886967,231.25846389597407,12.0,52560.0
46.308699461947825,-117.65222979188812,737.7767502990527,2.8253349687151497,11.680729659621335,6.4426817908981375,1.1346561849990329,10.28225517082625,151.71703067675804,12.0,52560.0
43.9348657869055,-115.07463753228029,468.16000930271326,3.309734744518374,14.010580208112074,5.968199340991655,1.162519907193309,10.51443424210703,123.56639144750282,12.0,52560.0
47.1606458559963,-123.8924246981702,742.8894100157365,1.503825390361802,11.394469783106691,7.622927113067931,1.135097729474952,8.81226283374092,251.40190318225402,12.0,52560.0
26.983133363653074,-85.18806063590937,241.3814340451665,1.3988475988059341,20.45677138663308,7.279573090426372,1.1682351118876986,10.150859492359563,225.32946841109649,12.0,52560.0
41.54081940488746,-84.45034335084753,362.4057598971248,5.288051232006678,15.363319619151014,8.022352972464942,1.1718071834615065,12.337385903492006,302.50423538289937,13.256615409239298,58063.975492468126
46.520170963704906,-96.19359910468398,269.0918480246251,8.20036951154361,14.429397622740778,8.405859509649167,1.1887854349228173,13.41626814188264,353.03670526527037,15.858445669330084,69459.99203166577
28.349593587975843,-115.28640874300928,1026.6056341049075,0.8556532872937923,15.335488118977802,7.7692018685345205,1.081815703120781,8.57892611186836,253.66030092413655,12.438785028397115,54481.87842437936
25.59591041680266,-119.48806577442275,1913.4765354930557,0.4108727522182803,10.840367662000867,7.251416086720569,0.9856904985520538,9.035308965474414,187.92261694370637,12.0,52560.0
41.78689558296142,-122.9670358123865,356.49285903488965,9.123130274833008,15.324974170902236,7.691448567865215,1.172791543771655,13.850999071061224,266.81807779787624,12.0,52560.0
37.787354716317886,-115.04959844387808,330.1626309501594,1.7224884154623412,16.68281779940368,7.610521415259748,1.170975316338043,10.306453135444542,258.0839409777361,12.0,52560.0
44.20389064219853,-75.89380111091008,1551.3608998512473,3.20575809854357,7.43066740823296,7.519657015229432,1.043254444140164,11.002928511212112,221.79632405870882,12.0,52560.0
27.354537039030948,-110.95701054810918,489.2954970839977,1.7822940824045992,18.857865905786728,7.109166559066526,1.1403299196512473,7.847471767741486,204.85972797958974,12.0,52560.0
43.086415484637364,-104.86934833027036,252.3118906994,0.5377950764389775,15.560204010412392,9.295742414234969,1.186501320743008,7.019521240973339,476.53024804671804,25.110005502692104,109981.82410179143
28.83905568114587,-118.31134383800801,417.09961612927475,3.5598772489465955,18.84568559888059,7.375809663451388,1.1502822332227736,9.294426896083065,230.78284307848722,12.0,52560.0
27.927742628776908,-111.99248954359881,2218.4807221867272,2.9789481958501893,8.310792878246566,7.272425977341043,0.9575331107656213,10.95873534559042,184.14576407629193,12.0,52560.0
27.942379150343832,-95.96187317786892,1975.101581607334,0.9075700756345497,9.766676765252846,8.660322461161963,0.9818993999221209,6.652971249255236,318.88874246131456,19.595241053801775,85827.15581565179
43.54979328555317,-91.18135511283477,862.6736584051239,2.4049642038807186,11.759020063903307,7.73048420468783,1.1173667305562092,9.916687389258023,258.09870879968196,12.0,52560.0
39.9647332967088,-110.7509750350246,1580.853426239195,6.37716292985461,8.525459453552191,8.846897372025284,1.0354396402620658,12.261349467224319,358.4823348057531,19.76528460612492,86571.94657482715
36.553570194458864,-120.88246340184367,1298.7161033299305,3.5705517423132926,11.241632321682754,8.113959513577692,1.0616271222624059,11.537508715811407,283.55709518532706,14.119491219368685,61843.37154083484
32.611931618964064,-102.88422506712047,1631.5557470885021,0.40776470448106134,10.427086031779771,9.048137910818902,1.02210107149539,8.461065251485302,378.56589188613594,22.479880263257748,98461.87555306894
45.0528129795146,-111.35301796997796,1644.7573428613673,3.176482642089517,6.615612048977415,6.901402994339947,1.0343435538894845,8.29403831655303,169.99924023401542,12.0,52560.0
33.41868257814325,-112.1440881455907,1516.3869558427832,4.852569523954413,10.876073491500328,8.495640718047104,1.0350352374695473,9.760315761594901,317.3317692134798,17.481421201260275,76568.62486152
43.59838654731785,-72.16740865347342,653.3212571187944,6.294418755647939,13.000556493091878,6.274321242872667,1.1409706724280386,10.358256627111373,140.91094832626393,12.0,52560.0
34.53923780568525,-90.7197737600109,112.83528141550714,3.967480760592316,18.961216969801384,7.480142047405176,1.1923218686305384,9.734955696755621,249.51292612226317,12.0,52560.0
33.04666630619778,-93.92856406870682,1104.248941136459,0.6626043278839806,13.460506461321913,8.33623431358659,1.0786705615514978,8.178080715821675,312.44139654963,16.627807820481824,72829.7982537104
35.10431485607056,-101.54814440974062,2140.517845563875,4.95388802223638,6.625598469795584,11.306532096125268,0.9727108633500112,9.57380298187656,702.9784798336234,47.03820430548083,206027.33485800604
31.23306897993941,-100.83700599477221,1375.4034752742107,4.5246474528229275,12.377658454372911,9.55772930208983,1.0475365558140344,12.479582860476503,457.30228356974294,26.26602989634812,115045.21094600476
41.94262512423003,-94.79112979274363,2001.090679250541,0.09892067323891102,5.410668387227748,10.042460198976741,0.9940419939936747,6.4690147576004176,503.3790000772401,32.760333303850246,143490.25987086407
36.0652893622195,-86.3927904200502,2380.065936247723,2.1223971455402566,4.90001757384781,7.778681614010977,0.9498905735220177,10.88876239595913,223.54325479429477,12.0,52560.0
29.573104683523617,-86.0841108061812,409.4065658490975,1.619562574352271,18.671629199848333,7.193572896316799,1.1520284723044745,10.393933182338571,214.4209243159516,12.0,52560.0
45.589789758589646,-114.72852898390572,1666.4307811579179,4.427530345025415,6.324478385475599,6.09277799746825,1.0326608803894217,11.734481266642092,116.78143073400892,12.0,52560.0
33.21338931295708,-96.99391138786214,1624.8187054060586,0.9740780145047838,10.287070973676526,8.254292975792783,1.0234542782703568,7.751926879706769,287.7915834964784,16.10935553851367,70558.97725868989
37.04526866673572,-101.75426286815849,2352.2939647127027,3.57490810078938,4.772655611703065,10.022860870371174,0.9536371653101193,10.555885915485911,480.0962105336225,31.528484962294836,138094.76413485137
45.755330663149124,-76.99154382145326,2365.729746807665,9.776869376679175,2.0790223202092744,7.692489187982437,0.9613514760227556,12.333276265746763,218.80280502296063,12.0,52560.0
38.98171190193581,-89.90337825420767,1654.295095903428,6.3940388178228895,8.37971585399869,7.118479149484391,1.0266556956080433,12.929511732734234,185.1639671811317,12.0,52560.0
26.805552977000737,-95.24478041353699,599.8032049176223,10.176473627714866,18.35951487739404,8.198125686537796,1.1272273130841286,14.017102438785397,310.54548856337004,14.121352992981063,61851.52610925705
46.55597096672341,-117.76868932233846,1920.5628947508258,15.359919656482425,4.509831341478025,7.853860049828464,1.0072789422232244,16.72476753638543,243.98843072494412,12.0,52560.0
39.06499327371403,-91.29555397653579,274.72933942227064,0.04290984406732442,16.632125981352168,7.952813755592983,1.1789559641971639,6.557252090452872,296.50363642742394,14.208016949456372,62231.11423861892
32.03773475177007,-117.6709890932674,1878.0643439284763,3.8992962294145372,9.120293510898122,7.357445095250288,0.996056204935428,7.366570395293903,198.35124885187815,12.0,52560.0
27.342529743921293,-105.79084491944938,2186.2667754643776,2.129827592835279,8.679640424037345,9.63893274601074,0.9601309210315269,8.03164752725826,429.9196652322447,28.184506378931424,123448.13793971963
43.05660454248711,-116.28653390002609,931.1434795488759,7.8602961655155354,11.496157759960614,6.404845872251475,1.109170426772254,14.051535534044808,145.71167002826638,12.0,52560.0
38.88174614228433,-86.62802306068409,1520.9120020597315,1.1604184283984258,9.210004144956311,7.257745294885856,1.0405642604045622,8.212850942869292,198.9042571338735,12.0,52560.0
36.80306620743171,-112.86238585284775,1043.7397023904466,15.85947825677879,12.696641923427805,8.564234678196557,1.089534101045396,17.312492325529217,342.19724608379806,16.144508541410143,70712.94741137643
45.45342199322298,-102.8395938478466,1061.8808308717457,3.804646559900295,9.992688416802629,9.734785555094975,1.097518266709338,11.069453165886321,506.24521181021476,28.392389599824668,124358.66644723206
42.92633306938874,-75.63356200858595,758.6827160773257,6.310544030323652,12.570003782719422,7.210075202248077,1.1282765113267093,13.95312907193371,211.44865882972397,12.0,52560.0
27.640197113586026,-112.9669152964556,1833.8684966717726,0.35794670985075383,10.704729885893558,9.214186262893259,0.9959280728166282,9.804773611845219,389.55514098439033,23.654010727260832,103604.56698540245
31.481329627093157,-96.57852654622593,2248.100222716282,0.810707150768939,7.066999775574361,8.825548621828478,0.9582331834144405,7.3196222858819375,329.3565815359619,20.817723115973504,91181.62724796394
29.963739355547176,-101.35933029703482,2258.9870449780174,5.68194806397273,7.456955923467744,10.77567585489578,0.9556011543302609,9.07808415265875,597.8334712495928,40.47747808656793,177291.3540191675
41.85471102174425,-123.02130178353059,435.97945800234254,0.08892731158557182,14.827709945462669,8.093158911250702,1.1636983041033058,10.884893497871467,308.43567852769917,14.130860266532645,61893.16796741298
24.804778433658704,-81.1910618670681,2101.8898861826274,6.790410418263036,9.947227152806624,7.258172301966787,0.9659327673678165,14.797036184949164,184.67100998128092,12.0,52560.0
37.6773524369116,-120.27152105901162,1775.0868305965507,0.056188882142204896,8.046273285347215,8.023469998351272,1.0126739942616234,8.259857645000462,261.5329188127976,14.283994237429518,62563.894759941286
42.29900845777657,-98.3902288672445,621.7530136428884,4.281485445668157,13.5797793808097,9.046182830590604,1.1429979416279614,9.044305372702707,423.06932291556257,22.316582611023673,97746.63183628369
45.04237528228199,-93.7233720732967,180.13737875320464,1.8171127876218316,15.406463142796175,7.591137961436108,1.1973856507860703,10.246139513245826,261.89349222142874,12.0,52560.0
32.20996196918178,-90.0649713428123,657.8334951848195,3.7817954405926923,16.390010438136553,7.8815332781416805,1.1270019489606105,10.139496841140483,275.8841893873725,12.815022821341273,56129.79995747478
43.71017531212831,-86.81389201737471,2191.055603540031,4.763323581508821,3.7406137851213224,8.205795250207396,0.9766737269697479,10.72241680117736,269.8245978204848,15.002287588897776,65710.01963937226
26.655161686924973,-110.32329128977338,1526.965246251938,1.677091304759836,12.84166001641088,8.62474546276942,1.0265874190666995,10.079605394582057,329.309911727496,18.445734099115406,80792.31535412547
44.31485500162844,-123.46114606044374,1736.110092936935,0.4569881950311701,6.288882941889861,8.510022794955738,1.0239577973094824,8.67544261326666,315.5325970083643,17.867515541588375,78259.71807215708
27.059727895967576,-84.93404223283476,632.0225956396481,0.2887599117939576,18.08994605737184,7.0741733887133735,1.123908457237014,6.750278053858439,198.94271668134294,12.0,52560.0
33.534894973448814,-95.07454363523075,1732.1438102680722,3.556025654941048,9.546668646356922,10.114497281842924,1.0126532060889102,9.74392507086626,523.9184015766858,32.719980716916446,143313.51554009403
43.13508877870929,-78.84964402680856,86.92918494145854,2.9413417130342645,16.537898256738465,6.128791633423809,1.2060027913992604,10.558188542214175,138.81707422005726,12.0,52560.0
27.598018256370572,-79.64502840336252,913.2648029397728,5.422300411365261,16.241005705450192,7.820612566916875,1.0933487496018113,11.865682913705179,261.48755926951225,12.0,52560.0
29.502033485583397,-78.46038693945431,1511.6729695307483,2.8512410320067625,12.079352137140491,7.5090411690816925,1.031265376156216,10.025164508434228,218.32018841264548,12.0,52560.0
41.33406164143359,-97.80488836110483,367.7098259883421,2.1958118836612344,15.393522551639869,9.76440630431613,1.17094182611538,10.437594675567777,545.0581664867528,28.852651224209687,126374.61236203842
41.28087687710578,-105.98406662480926,1978.7485071837048,2.030570634023297,5.743245893766037,9.294780041652794,0.9956140116488847,8.78428199503326,399.7406870997675,24.65978164593834,108009.84360920994
39.38754318924714,-81.25585706006602,579.3744911723663,0.10721165148448168,14.707490096191663,5.9120100081668525,1.1443338915193744,8.278730721153575,118.23015164870554,12.0,52560.0
40.6547626672104,-99.63011789642023,1572.429048507902,1.6352259473865332,8.368996908789468,9.383091794819865,1.0370886023989299,6.0,428.3746483040962,26.191731060980022,114719.78204709249
37.025386640342305,-114.09412139421454,984.3691993292847,14.9221667935964,12.986168811921601,7.386504640282808,1.0963007945996297,16.41371984354646,220.91065238292586,12.0,52560.0
30.043177413766866,-77.83140294368039,1438.5837572368002,8.271809620460884,12.355544232449141,6.164919051502521,1.039544353915978,13.879769262567304,121.78538227969634,12.0,52560.0
32.29670384409407,-76.34176665429325,275.73231525680137,1.598198956017661,18.65659495523097,7.350164292915324,1.1706366294691604,8.490446013070025,232.42522148554727,12.0,52560.0
28.358345203234215,-98.81927316843081,60.25246381342543,3.5449418529908634,21.130981656149185,9.586031871038635,1.1909467498364523,9.567492241733984,524.5404126839978,27.273794709642885,119459.22082823583
45.80281347200708,-119.91221472527148,2184.763337165117,7.517035016740072,3.1505759354071756,7.7241991807060835,0.9795277846617154,11.260477467914262,225.7081059875422,12.0,52560.0
38.00140307438689,-103.0573911444857,661.719420865895,2.3283867588310265,14.629262552488564,8.684988533623141,1.133367219836705,10.601071126573592,371.2345600375591,18.812553626225554,82398.98488286792
33.62043400232736,-80.60896638901943,1970.8312666174927,0.07248425177393902,8.088882199596837,8.42676339650247,0.9882806690881525,8.701646479313048,295.6873229353724,17.200924454410526,75340.04911031811
35.088139287459185,-75.30420245850365,2398.4537151238364,0.30972980398571937,5.082835923019227,8.950203993580933,0.9470815944448062,9.176335399779134,339.5128393613787,21.43340556281736,93878.31636514004
46.73480015068357,-113.01247190512983,523.2063940374086,2.8566067254727674,12.840321590570477,7.2611645962625735,1.1595980713748886,7.642507280934193,221.9710483130724,12.0,52560.0
27.680433674785924,-120.38342495063534,651.1063640163864,13.952171541753012,17.789231713465902,7.428200316327631,1.1224901452074496,16.178762873133046,230.04000148314205,12.0,52560.0
38.06951596840314,-76.62307553082671,1597.6062945705044,4.726361249524121,8.993507442056032,7.523437840153652,1.0315945888238762,10.499683540414466,219.64841366747697,12.0,52560.0
36.14132829322718,-102.97213329514074,2317.767750349479,0.2942253220022961,5.250995009934973,10.300011594374098,0.9561211916725114,7.8398491452831145,522.3914848195676,35.244370193961444,154370.34144955114
38.67490165043155,-94.74490792955159,2199.6381486939704,0.8397292008542164,5.19970061270671,9.177207930789624,0.9705145233541679,7.764604468050983,375.0625987217465,23.823519331487034,104347.0146719132
24.434644411700173,-71.72444614925902,1216.843737756092,5.901781510902612,15.368544249953397,7.2625026054696855,1.056948468242489,11.12574378040555,202.433657401544,12.0,52560.0
44.93097381465964,-120.40550469263196,1912.3624724136048,7.366482778012191,5.046533021120483,8.081530270693955,1.0063578001228326,13.439463406055296,265.58481077626,13.407685478162417,58725.66239435139
46.3708387796067,-88.99082759758684,343.07513037776454,3.8461419088807687,14.030297583851404,8.857661608611364,1.1799692887273179,8.012263521311066,410.01331715770516,20.920127679283908,91630.15923526352
37.56319640614102,-119.99830718095718,2346.302878405549,4.136055735617859,4.6532238077244,6.539875316938239,0.9547630051750938,12.614387163007258,133.52850689220978,12.0,52560.0
40.719619773045416,-103.72467786280899,2315.1606970056478,0.1149868239035361,3.8931498860524876,9.660995121184408,0.9611207417493953,8.649601444373875,433.32479724285224,28.251194841608758,123740.23340624635
46.13998514825509,-80.59401455955387,409.6749197524269,7.05339387460856,13.699954937008913,6.085172057473762,1.1719577574964664,12.181238049972881,132.03849013236032,12.0,52560.0
40.973727223521564,-100.59249943119573,732.6270370313938,6.209871997552912,13.312119610755168,11.007382940235441,1.128895021077766,12.814124174179259,752.7933755104565,42.39606796790355,185694.77769941755
27.66093702994227,-70.15215288924068,258.3688940661053,1.1992083310021209,20.151505526620685,6.333972390793172,1.167084723102489,6.9773233043991505,148.286251399833,12.0,52560.0
37.83092064400351,-93.81079861288347,666.6878853776677,4.933286801923513,14.650596494532941,7.544825120557142,1.1326056780893903,10.16233099497289,243.2183133186477,12.0,52560.0
38.56116111318854,-106.6572437576585,1961.9747788081918,0.9675454544185463,6.659802993194285,9.238232645530214,0.9944201761321313,8.435236753782464,392.0185483511217,24.21914748852986,106079.86599976079
34.179136111257264,-112.11398840114333,920.3911450533176,0.1646638857420972,14.223912296302915,8.652713502574922,1.100073531415958,9.737470775963873,356.32696778202836,18.76129751870628,82174.4831319335
41.67466165499334,-105.07189114854727,230.38478180928493,0.8982609586893057,16.115292812646288,8.993678864092743,1.1873239898285872,8.483160677861715,431.8683483932933,21.98977226086436,96315.20250258589
46.42480835445636,-103.88320321698426,834.4967489737928,0.7871209344401288,11.065576999820333,9.475930977880894,1.123914326796096,9.012338166086252,478.15519400262946,26.332466723606032,115336.2042493944
46.21364430976263,-120.28946140290611,2355.6923354942464,1.6484365035863602,2.001752694105736,7.807087586491359,0.9628309450373569,8.281567107028463,229.080013086832,12.769207871293997,55929.13047626771
34.82014491369917,-104.04299323095425,1518.6469567169029,2.1682298462769682,10.442074785588833,10.486845186015755,1.0363316524190025,9.88514839052717,597.5900218827729,36.86009278695497,161447.2064068628
26.717713100178127,-98.93111993408186,1010.4630524466554,2.841489882800381,15.92190775526663,9.356951641284521,1.0817380218632724,11.717581441249576,443.09337244982765,24.513460461291885,107368.95682045846
47.63618877509603,-84.97216137910455,416.3616621235026,2.590813297171119,13.210973394730175,6.89852924351012,1.1730198853290574,10.749120008311607,192.55061395659465,12.0,52560.0
44.13355407470242,-88.53660782503317,2367.1007775351936,1.2625411594417377,2.5573291123781132,7.515880153541253,0.9595189101656904,8.659777510331587,203.68689203603526,12.0,52560.0
26.991904348878403,-85.72665461762567,1973.6206420462465,0.11841836768468993,10.060704843059,6.732209465441139,0.981060264754839,8.881640037329376,149.67130688848266,12.0,52560.0
46.100205182816936,-123.54836117864971,689.9159798331882,3.716507274669835,12.03044256615579,6.858714947027079,1.1398194979288827,10.922924710330554,183.87993734727053,12.0,52560.0
44.87751268949108,-112.24596042265105,186.76349581643092,2.015034812485187,15.416165218254092,7.6376965545563085,1.1964012264666957,9.816926093527844,266.52260751700476,12.0,52560.0
36.45211337102573,-88.26904842640775,154.76882655858813,1.4191192911917438,18.13575302934075,7.246082875977313,1.1897529673159597,10.185815607747536,226.3271692953708,12.0,52560.0
38.1906104578783,-97.86457411829366,306.4999958231705,8.06785184797762,16.70381688769749,9.851067114299404,1.1742038014161402,14.16608435339153,561.259002442314,28.814104065850973,126205.77580842725
33.576064892883124,-123.71307231390932,1402.2292290023236,5.493406843694994,11.51380515812112,7.4390571813396145,1.0472712589138666,11.143453789967134,215.56729907023774,12.0,52560.0
25.314279331728752,-80.55728930868159,2230.4569424690717,7.801114060380739,9.022974545666946,7.87011016942993,0.9536896182200697,13.450923310001768,232.4446179195595,12.0,52560.0
32.04473379950162,-82.26828304232178,1202.249358654243,2.7326511216433094,13.173083708224055,6.736897411229976,1.0669491684203565,9.179876767594234,163.11486298138055,12.0,52560.0
43.26848276635228,-94.38536519834761,2026.2102482457492,0.5613321814769084,4.862193680619823,8.904077822739062,0.9929004893679249,7.229112433307451,350.4633197441878,21.517432733655372,94246.35537341054
24.11116855211047,-120.4109804080813,1081.2101552663426,4.765825005151169,16.279388502768803,7.382470967069458,1.071160520317005,10.536102496245919,215.49133167007696,12.0,52560.0
32.00398012058746,-82.60818732524044,1706.428838927424,0.9230589755509433,10.160232930259218,7.617325278099088,1.0136701646688495,8.462301603243066,224.01349026081553,12.0,52560.0
33.55604864618264,-92.47946626250635,1761.857114741872,2.3280669892131725,9.362042717693974,8.731147117463701,1.0096056152382367,7.402943006514313,335.997216658063,19.99733694291762,87588.33580997918
36.89749447051015,-81.77416123347021,434.03362004994597,0.2688383739576349,16.32654993854728,6.840597904065075,1.1579427068786219,9.193702095674645,185.3272429958337,12.0,52560.0
46.07653479390625,-83.40566241062461,879.694220362432,6.978932637180791,10.898874239653532,6.937493542310695,1.1184456959787779,8.866569075185597,186.72079274323795,12.0,52560.0
32.31230386478307,-80.63788811427679,1536.779132560497,0.5384279568447732,11.085634045202099,9.584188050710923,1.0316856196431248,11.580837101490449,454.1333127956335,26.752190174107913,117174.59296259267
32.32687684550946,-96.02756441415026,188.25792747879152,9.336200133484175,19.172389381474414,9.422308405907941,1.1808178303726136,15.403975040646088,493.8838811999314,24.216410665237373,106067.87871373969
41.70002995463396,-116.4224760175502,880.4656468758367,7.987189749101883,12.20719713235479,7.4940206380437875,1.1132138961995988,12.479103380454353,234.25737780931627,12.0,52560.0
34.853230581355376,-87.75749643749681,1292.822729749238,2.4988358259254384,11.78709444709796,7.37493119566541,1.0603577516888787,9.51061312823179,212.6651558631454,12.0,52560.0
29.390515750559565,-90.49441560719359,2391.01429344624,5.456068671634282,6.836759514154691,7.828175797286338,0.94202670903438,11.637207451285308,225.95134500541604,12.073894505009797,52883.65793194291
34.85854838718464,-83.91832789124929,1149.389879041409,3.864499037808489,12.646096209596152,7.212790542135239,1.0758202213696852,9.611706957098363,201.845777724339,12.0,52560.0
27.3805684891152,-114.82642567326029,1962.21508193209,6.499742380950303,10.012538961672902,7.730582619915042,0.9826166277788981,12.130988405674504,226.98167227865372,12.0,52560.0
28.23328767614936,-113.47133920538438,1048.3201384585502,2.261163146793128,15.24009286640389,6.054273403989901,1.0793245070624868,9.183897914833883,119.75899159537215,12.0,52560.0
35.960826545747516,-75.91788607015627,1915.4099198349072,6.163538922947355,7.719292517266304,6.3469779548599075,0.996404950013031,11.584996093091254,127.38164420529941,12.0,52560.0
34.054210788109145,-83.50119888358817,1437.087227855858,2.482984727454084,11.161213396432107,6.929036653093325,1.0441027052140794,9.707544112649217,173.67279806651294,12.0,52560.0
45.9563016256344,-74.95566161018256,2130.097150775708,11.31855254425229,3.4325266076554293,7.627615642874525,0.9852185413855841,13.214898168526581,218.6094758835247,12.0,52560.0
32.6974535787992,-83.02937265714829,998.0432745932616,2.6650248290335896,14.20250427880067,7.07293058020818,1.0898514761240683,9.646498566380533,192.81264298979005,12.0,52560.0
37.934120406673046,-91.7536134765237,1458.2445191751196,2.484193779504417,9.87029676294737,9.286110532601946,1.0461487933755937,9.686653563643624,418.85625861333403,24.352883882308745,106665.6314045123
39.17434291006873,-88.67683220049483,1519.4444598728091,6.149806186221391,9.131030367742527,6.657143220217361,1.0410429279707423,11.844503257359932,153.56857121822964,12.0,52560.0
24.314266958120008,-75.98709210723946,1013.3714014851265,6.894408081880826,16.62549150365324,6.696954399767993,1.078730809650823,11.877647942605108,162.00003654507543,12.0,52560.0
39.924896928401054,-92.74443525635522,363.462663976206,3.2341343904997992,15.841754937622449,9.09294350267196,1.1697194248384883,11.305909965463126,439.7088274250952,22.17130238767029,97110.30445799588
28.272863204874035,-89.85086848626707,242.6713884513586,0.7928176008340441,20.06211270782964,7.31833917213497,1.1696276611360117,8.051307494642565,229.22143898338638,12.0,52560.0
47.065687619266924,-115.55025733580557,59.67829042712678,2.5226297591430615,15.522223971657162,6.906104313685452,1.2141690155023912,9.786368943673665,199.96249727015172,12.0,52560.0
27.567905466074713,-98.40825411373045,2099.0115489036107,13.777150650911144,9.13555906675592,11.597491636240878,0.9690572402704688,17.82304743125734,755.8082689494099,47.54423814218566,208243.7630627732
33.95097896944857,-85.31455595426266,582.810291128093,5.593244181158596,16.31784456239687,6.620626820718121,1.1374981731134082,11.260695140670784,165.05095416590183,12.0,52560.0
26.048392033887453,-109.36909429091627,523.386063290608,6.667475888841804,19.045166010090117,7.570574312393131,1.1349492231751726,12.257841454266142,246.2254369082683,12.0,52560.0
47.92498204430274,-113.07827425167511,1771.7642530140358,0.13350537429017706,4.991919868624963,7.389257302054506,1.0242146399553784,7.96444166099623,206.61571568276753,12.0,52560.0
36.05268024794982,-107.05335235588156,781.6383491479924,2.52339062618323,14.4943658307271,6.98568001132232,1.1176284137957548,10.998878127986258,190.4993524206385,12.0,52560.0
38.28924041568105,-110.958966088387,1224.386367940171,4.1608580873594185,11.166909667654657,7.449890706098897,1.0715821930033878,10.187245378512095,221.53645241565937,12.0,52560.0
25.60983545732226,-112.39471760003462,406.77633540794596,7.0885964682051394,19.876391350355647,7.736843711974028,1.1476531239062144,13.79318337366893,265.74929401688246,12.0,52560.0
41.999051289580265,-101.05805448512331,2304.1948170794867,0.20211604540088754,3.5751157106489977,10.63667682887262,0.9635460131648106,7.996964153664056,579.7761637520464,39.08463539363434,171190.7030241184
29.037734234294057,-74.97672025028916,2046.763732041025,7.654051417535137,9.008097337465632,7.902016675286322,0.9758156758792824,11.561079182383462,240.74186481491313,12.601685405726602,55195.382077082526
45.55330294657713,-96.6187790761092,2075.819302656708,3.1798420839291177,3.879093300086616,9.524876918213733,0.9902979816569623,10.723153055046417,427.8721460365906,26.382236998303675,115554.19805257011
28.923351371568174,-113.85229943597255,988.1215216013724,0.8791665539040826,15.394265458921312,6.868968805522249,1.086656883115288,8.161898531835662,176.0909643608812,12.0,52560.0
28.576505295927998,-119.8435298534328,1834.4196886230714,1.526536636034362,10.420530279483174,8.322692474982,0.9968582520211476,9.660523060539612,287.3392511972419,16.15310885902175,70750.61680251527
24.877192028354276,-86.40756816255204,362.4252498276768,1.3247503896377797,20.362290892527657,6.644112949439183,1.1518467992226291,6.0,168.91792761567456,12.0,52560.0
35.329606682639984,-103.32886672043506,40.51322616843706,3.027407956591367,19.158038638197382,8.637776958579073,1.2017975504764644,9.822691088228757,387.26413278893847,18.616972952483568,81542.34153187803
37.556187198302794,-79.6211288843906,67.53557953570694,0.21227708162492254,18.32793036329492,6.396669225360787,1.2013603992999313,7.575839890465977,157.2189884347853,12.0,52560.0
25.577007346280457,-88.38641849339841,1416.1121350228539,0.6904489415087058,13.830224985978742,8.65866558261609,1.0370534990162963,7.13835894106769,336.607714483091,19.46020650297887,85235.70448304746
42.612662800680255,-81.0029616707661,1103.8398744900992,6.700026114433115,10.593161912855326,7.9394367470290135,1.0896251776725838,11.35612646645211,272.6567246462881,12.914286731103143,56564.57588223176
34.878932033952665,-109.31491387140377,1252.876530402277,0.5690385936252668,12.019061207400538,7.049562813377622,1.0646739839360075,7.652979383023979,186.4975796424388,12.0,52560.0
36.58536646386192,-86.61261818710287,37.76227419298218,1.0631410388007205,18.797816415683535,5.390042577234762,1.2036732644292831,8.580301669459734,94.24432450039323,12.0,52560.0
34.57830592651747,-109.74065282653919,1025.9941547846734,2.4159369205585843,13.470543293336718,8.208232670105847,1.088935532036651,7.808770398793204,301.10720578332086,15.748918889905642,68980.26473778671
33.61831346100782,-73.29030210968426,1729.0022236580487,2.911955770420976,9.540492619749362,7.36454013900004,1.0130679181481184,10.126701998564243,202.3230984425383,12.0,52560.0
37.43136795139723,-89.63578879719779,1073.6110106824974,5.769097297767716,12.328923550485847,7.391636681155496,1.0869865294509629,13.100916120907575,219.49063877537054,12.0,52560.0
27.725765902337102,-106.47636279053152,1762.681711023089,2.3719943656989027,11.106179963160338,9.518999109718319,1.00330872960984,9.760310815756734,432.6915897977337,26.565380793234414,116356.36787436674
28.366275131886507,-109.44635943621728,574.5851352644668,6.2400131769370155,18.042606648847247,7.788401904030925,1.1318784923877974,12.71479423723702,267.371353662314,12.0,52560.0
44.682854904324415,-113.68996440613125,1955.2779706665067,3.8529665779939886,4.863475704703639,7.612497367381121,1.0016771451385695,11.625254892332947,220.94248557124118,12.0,52560.0
46.70677109120719,-86.4893882197387,1420.4663522792164,0.48009099517673515,7.465170558962546,8.020318577245854,1.0600110128493074,9.771842011727054,273.43571507498115,13.883442674324447,60809.47891354108
32.95942359071407,-112.18935689811192,521.6161766431769,0.6799822441216365,16.98247586292672,6.96336098088471,1.143260854467127,10.65215577785855,193.00655834058372,12.0,52560.0
30.49787215544529,-91.85362363991558,583.3947325321224,2.298142222978602,17.35026995817368,9.054075430253198,1.1333759707006739,8.779842935856045,420.60683901936454,22.453336813642807,98345.6152437555
39.45598903773638,-109.7097085460307,1514.712505675498,2.0226186854508885,9.074928254626096,7.393406432981971,1.0418549123792356,8.351390429077194,210.5285460986129,12.0,52560.0
33.809620106354316,-88.2536769811311,1995.2562318456153,5.443196881781683,7.885576577020014,8.20034701973061,0.9860020629679973,12.20607690705869,271.8595046642491,14.59068407175614,63907.1962342919
24.609272535848277,-79.99325465881088,1009.1941212293893,3.4770288177744213,16.56205351186918,8.228494597584042,1.0795140016846207,10.936136754253532,300.7180170924632,15.118931364163378,66220.9193750356
27.74766233678857,-81.98663687018873,634.7550213236694,1.964961890936456,17.867171171021415,6.107623210607135,1.1243992152998044,10.1097874941007,128.0876473377365,12.0,52560.0
41.18333349233754,-82.91402812973779,2083.487624447229,0.7489840085470555,5.144074205615366,7.256044971723643,0.9848566858306035,10.716529350228534,188.12345190781673,12.0,52560.0
39.81417460584363,-113.86299009261839,1612.858534366987,1.0290620728707323,8.37859641204499,8.298566844848821,1.0319098416287529,8.631081134280631,294.8635219152905,16.225815492325378,71069.07185638516
24.650303820083604,-119.22721286283598,1086.4434597337222,3.427382689816045,16.086248095572586,8.063031719269837,1.0711942881067555,10.56781748546505,280.7587870051775,13.99160271749137,61283.219902612196
29.327331886390787,-86.25676326168119,1181.2024647647384,2.2026951822263356,14.114585645494333,7.2764832137369435,1.0661827448841332,8.145151207555632,205.38383048697892,12.0,52560.0
29.545795118113713,-104.10925045510503,506.1303936886234,2.8938277317878716,18.099479102434145,8.578964663954192,1.1409936765869841,12.298681987843873,360.21175301949256,17.51738265558326,76726.13603145468
40.12542584636948,-100.65330377421924,1511.7902595543285,0.748584394258668,8.891630688763184,10.811907021726778,1.042906040574779,8.045296731104267,659.0556599473447,41.17510052578379,180346.940302933
24.47305290610474,-122.31794898915689,873.807175092075,4.349576817446673,17.41524107761613,8.000080387887712,1.094141663251138,10.239886976675008,280.1087096279065,13.621986558839819,59664.301127718405
26.49860596762977,-109.98287173914734,2389.635520484951,7.656759150286975,7.7126050868013625,7.239372897106141,0.939251355022149,12.177955620962294,178.17824510591987,12.0,52560.0
43.197986048956544,-122.18147419077894,1162.836766323293,1.1932980475861905,10.063583587373278,6.4288463318116555,1.0838545194881866,7.9421037981785085,143.9925862560432,12.0,52560.0
28.285071889304007,-76.52396827953262,1176.4077427312793,2.7052721598212615,14.456031976821125,7.432841413636295,1.065539057825009,8.747838837275578,218.77816655441896,12.0,52560.0
39.665906588445,-110.85657910619935,1366.727254037399,14.840793017089245,9.899864499242105,8.16053288185697,1.0578288762744663,16.276030670786117,287.43588024289375,13.27740668936298,58155.04129940985
29.716386745121437,-93.90379284305757,2201.8792874226174,1.6213109134851362,7.873808251927864,8.791938764450189,0.9610107767968702,7.333831434429948,326.55190824807363,20.527706955646426,89911.35646573135
26.386593426224284,-121.89511668429896,1925.9470776662056,3.6159306013358,10.528339506135483,7.923746742100712,0.9852508735419394,9.227176856485594,245.08040626320167,13.336645803084954,58414.508617512096
29.8361325839869,-87.99024086949447,1093.6895661188626,0.37810303105609167,14.487022828090755,7.005303743177237,1.0762016993668158,10.565617552370798,184.98843985091614,12.0,52560.0
41.33440636453582,-106.55652332927893,1730.5042530152543,3.7257697910726284,7.216652572547725,7.2973059960588,1.0212755352949918,11.118248047013218,198.42692681953372,12.0,52560.0
44.536715234550854,-75.51236390428605,1415.2404870982127,0.3756244663905503,8.147542507045467,7.04291350834549,1.0581166704370562,9.336459691907592,184.82496218339875,12.0,52560.0
43.9252767496078,-76.04161779756207,1191.8335759089725,12.799768351146367,9.671415519663826,7.32388897673646,1.0815310563859977,17.092511555588118,212.43900355660614,12.0,52560.0
33.53240471084291,-106.43430660846562,477.71153922675427,5.030375603738413,17.0740093513866,8.171202334063983,1.1489331750074416,13.219186839477917,313.4170854980952,14.120616076213135,61848.298413813536
40.03404327769551,-75.34811163271473,1124.1683070226404,6.207692024477259,11.244777174555502,6.4480802642758395,1.084444226685256,9.598908152953744,145.36790442942157,12.0,52560.0
28.9196230899797,-70.20748563106594,605.0482371137276,4.8709938280000085,17.693823650323722,5.771482623887901,1.1290953117218623,9.446736558456157,108.53324445856056,12.0,52560.0
31.03554552626432,-79.4275541373068,2197.3243166469383,3.563749799821832,7.505390442239074,7.135965206166443,0.9628192524518883,9.173781486819477,174.93348235297307,12.0,52560.0
45.51205964450688,-78.37694722121763,818.2682161213057,2.3907137339341564,11.436772809920102,7.777458844225868,1.124651213599747,8.870752484572975,264.54589413928255,12.42143309627461,54405.87696168279
24.312046164257666,-110.55352825010914,2286.388354589426,7.818244477415455,8.988056023186145,8.824153018736006,0.947166412212817,12.330263417746973,325.39837889143774,19.55312822717936,85642.70163504561
26.052204740507236,-92.85807046168117,1288.6715904254127,12.57096304931759,14.452309035295352,9.334768431910518,1.0510640732052843,15.006204766223306,427.47413527376784,23.481063633630846,102847.05871530311
28.989270123504657,-120.36818064576214,1523.0756212492615,2.7648855276370843,12.164765235453036,6.796845012620168,1.0295145093923563,9.922102012340716,161.63096903678903,12.0,52560.0
24.636772892971674,-118.87443141162984,1312.1982578846,10.72573332464042,14.735778584800897,6.512871723400793,1.0470160660970114,14.47779446367851,144.6241846475759,12.0,52560.0
28.354450442155134,-70.0597989502023,327.9258683807481,3.5018708853074325,19.52610965706897,7.176186480196933,1.1599093746978413,9.233720776970559,214.3261734081935,12.0,52560.0
37.992997463272616,-106.36148053100081,914.4545012388995,3.0920892288729456,13.115373753584816,9.057755430917233,1.1051274717862734,7.244595004938683,410.6238300849115,22.870122524179433,100171.13665590591
34.11418921421995,-83.5980687493623,255.96774722074497,2.4240832823970586,18.229936752409543,7.0538670754983945,1.1751177566842594,8.263007522983797,206.22115148319173,12.0,52560.0
45.424121065847395,-80.44008713655191,1502.6306251564486,0.9392846880228567,7.356979929307091,5.9553919362220515,1.0497912736175425,7.904484428838623,110.86743715164025,12.0,52560.0
43.61864548172258,-77.66674336560962,1083.5605845770447,0.014906383837133238,10.413042848020957,6.639993282360273,1.0930084100631645,7.7124485061330175,159.99132235262985,12.0,52560.0
32.20361644074902,-70.12807194028355,1871.6042323388297,1.105682758646954,9.109289673742316,7.416498702616411,0.9968919686326945,7.307808704015527,203.3362813141654,12.0,52560.0
30.22616240235102,-110.95918979612914,544.7197447785002,2.851140365975531,17.663832810623692,7.7250732181179975,1.137424367956285,9.121716459789615,262.18047481662137,12.007868929375581,52594.46591066504
33.112617796014405,-121.82105534957621,411.6672190618171,1.9118848395984591,17.596211346824777,7.446041081333853,1.1559768497692056,7.789946037576372,238.61372745526052,12.0,52560.0
38.16707862035538,-101.79565802829237,987.0707096937674,2.380346622082444,12.627452155730783,9.967991717898867,1.0973173908991538,9.277224751391469,543.407054287632,31.26361604904294,136934.63829480807
30.43352737974903,-116.97564382923686,2225.273212059747,15.779883406181552,7.518302513716808,7.752355299720549,0.9594230279521097,16.180220449673794,223.50186358254177,12.0,52560.0
38.97957378837921,-122.78900198524903,1710.80391972954,1.7248081428391095,8.041304345109,7.465749472536056,1.0207578641872954,8.01619929805891,212.3796866162906,12.0,52560.0
33.82587965258977,-104.53695133435974,1017.0382270071465,2.407255514868716,13.750006742180188,9.690761958312763,1.0890578374647923,7.873932351734263,495.5582681163555,28.74492291755938,125902.76237891008
37.249132340447524,-81.67813444193723,1251.1077640152591,0.573244469230308,11.318613713774187,7.5258177447543515,1.0675258801459466,8.159745846854443,227.51472335781844,12.0,52560.0
34.4670366992476,-93.42624267384618,220.42696660149406,0.19658338590288657,18.337327190616755,8.0986307079938,1.1796719242750653,7.078212707598853,313.304069167877,15.12238693992673,66236.05479687908
31.067178229006025,-107.10998858264088,2363.2906333751494,5.973906399855091,6.500102731047296,8.536755827522981,0.9464422258355938,12.672484959923569,294.40331214714064,17.0827412281585,74822.40657933423
46.762879367091756,-88.66553170339313,1606.049385173907,3.3822404519192997,6.334839878829031,7.769706785841978,1.0403268970815591,10.516364591183057,243.97971539824178,12.0,52560.0
42.32653905983426,-111.47101826332423,699.2616829429455,5.720229472120086,13.10646818439205,7.744628922053791,1.1342574484320798,11.34831544145168,263.4410722296387,12.0,52560.0
27.362716218394862,-123.2234019121074,1414.2239782322815,0.6494301177952738,13.305841265087851,7.526847301024101,1.0391921986937456,7.432675473864618,221.5670618141764,12.0,52560.0
44.84323142154991,-82.72491713243292,280.56803124420566,3.392928384303102,14.86362238606979,7.06007634723428,1.1853691453821296,10.492381396961424,208.56998765387388,12.0,52560.0
35.69834875798833,-90.3178734173435,2318.691271762049,1.1702021466809818,5.378347742031208,9.039096321375583,0.9555736116333452,9.530962355226954,352.8654969852839,22.13158846879047,96936.35749330226
45.46925344545819,-82.83565827694815,435.9882711624109,1.0354032234724806,13.743294339388076,7.1342199058776705,1.168095684540779,8.792468028725445,212.07423038448977,12.0,52560.0
43.196526142735564,-121.89734709886606,1562.3121569714096,0.046371813650932965,7.667169215350876,6.9207449983754765,1.0409741002918547,9.952265314750877,172.5315290376033,12.0,52560.0
34.205124107261604,-78.79554009714478,604.1816208426544,0.5586151213172654,16.11337304276559,7.662018003173875,1.1353826223115784,8.886733854480138,255.35346269128587,12.0,52560.0
24.539263399682817,-90.54558519803962,1727.7960907035151,1.4800141422903648,12.271444435874065,7.084165478869477,1.003524058987779,9.984337146455859,178.38728068542466,12.0,52560.0
30.448256625238706,-93.57665106151742,1868.8348540318689,0.4971711353179339,9.652513888237177,8.087480109218577,0.9953182158008563,8.458581179833935,263.25197213879994,14.696128348031886,64369.042164379665
36.99922115186081,-90.27084140181529,1622.7389548092096,17.03454931335883,9.163799925586497,8.200574465201576,1.0277894320870988,19.03152693192367,283.4046566630189,12.88601915186441,56440.763885166125
39.20347727582754,-77.32060466910835,1482.5087154073583,1.4763358940017153,9.34390452480759,7.717765352741554,1.0449842138108976,7.929664057198019,240.18973619918,12.257310473603985,53687.01987438545
30.189304450396854,-92.30542864581902,2144.076443605788,0.5585379568213457,8.078750003246213,7.657066543186495,0.9672558069487015,7.785044738237455,217.11939191071184,12.0,52560.0
27.34454577774778,-92.62867948603832,207.13157215562413,0.8879883991037348,20.553846833741922,7.532418360770014,1.172625101266897,8.952029303641098,250.57197193179204,12.0,52560.0
44.038325683183174,-70.50332551844865,807.5771425568645,3.544047477514828,11.943039439703863,6.7190893594630685,1.1241045912468643,10.536947864377755,170.49355908741305,12.0,52560.0
47.62565233688525,-83.13657097829733,610.9242015214134,0.26474521376496035,12.046759089805946,6.729617830656782,1.150639031644854,8.767981315790873,175.33972109400733,12.0,52560.0
36.61656437526446,-100.1161345056387,2371.4732297157034,7.934609692264623,4.786191309126442,10.97997999676352,0.9513030669963403,14.081237286093248,629.6417945130331,41.736681405655744,182806.66455677216
28.120302860359285,-85.8005619982219,946.747675607159,13.02835482488175,15.883423088249259,7.7907044953568825,1.0902715815847384,14.107047488750556,257.7714957333811,12.0,52560.0
30.535375836464855,-102.98155452864341,1763.618224192149,1.1334187068237636,10.257677903907648,9.81752392005678,1.006196207524799,7.510708166961903,476.0565935688597,30.130458829972106,131971.40967527783
24.441376237139202,-111.64072502589106,1649.645890036791,2.392040925515691,12.769711788637496,7.303586459611466,1.0114714295466942,9.710711724598518,197.02990535983216,12.0,52560.0
45.94317135745197,-91.76999864806099,524.753345196159,0.08953237555289759,13.068528521587453,6.953441365664504,1.1584584727883507,7.1844830671675854,194.73762323657365,12.0,52560.0
26.826025989363387,-73.87816670184662,588.8144789034922,4.094504170485542,18.41930532977003,8.027094494146542,1.128485377639143,14.51002439183856,291.83748019332904,12.7474149330545,55833.67740677872
37.836395412342085,-73.826465919165,689.4572612562212,2.137237266270487,14.512337808760048,7.502584458207287,1.1300477830952682,9.901205902766456,238.61596152914075,12.0,52560.0
30.577325296492944,-105.53711498230352,998.4829222573226,1.2591633543887837,14.835904877508181,8.402582037364798,1.0873964524249362,8.66150099391708,322.54937160807606,17.02152076020886,74554.2609297148
37.300272060379044,-95.50541682402847,577.6936562482538,0.9269066775293597,15.343756444396766,9.529558873514166,1.1420406622231332,7.937580878816986,494.16270306529947,27.12452927091173,118805.43820659338
39.634089320444744,-112.5716614772275,66.77052893749777,4.2455328183383045,17.70915003024159,6.4274797393839584,1.2040255722335527,9.97112495117133,159.8556034674025,12.0,52560.0
43.913803288972844,-70.2359200870603,2112.9554752011254,2.1529039748195085,4.148126162101395,7.278735066533545,0.9847758106303045,9.327911178469918,189.87820301526938,12.0,52560.0
28.954110522254478,-71.01963297513147,2318.1513986865043,0.792142095350069,7.40485845120463,7.816785220918929,0.9487353642745089,8.609663576355551,226.56855305341733,12.753124532240266,55858.68545121236
24.263899887803532,-88.92651779579785,832.9375211351318,4.6732526906348255,17.723204906848153,6.99784242770048,1.0983966295963818,10.255912640748681,188.20089020307836,12.0,52560.0
27.285255121651375,-80.56164077741644,825.6463730326254,3.330301718405253,16.860545225308837,6.91560692682239,1.1026348061916345,9.67039833521927,182.3444728458211,12.0,52560.0
45.600447404354526,-85.38459129068019,36.87851440300295,7.826688950584794,16.098594692275626,6.236672373072626,1.2150331618531551,14.309154860632392,147.37266124981417,12.0,52560.0
44.973361861500365,-91.96945617186871,1638.9966382262903,0.49987672197052974,6.674011612192148,7.997040307775088,1.034861412208535,9.96133198836356,264.6305946513903,13.669987992020877,59874.54740505144
38.337914452087404,-121.11920816259952,1984.5469518817365,6.16089016577118,6.59134395308336,7.92779186120455,0.9918815363201817,11.99897487538456,247.10784251949443,12.671984450926134,55503.29189505646
38.41240465040768,-99.4427255021563,368.92775485680755,4.4775069841415185,16.262712075736854,10.963549138964641,1.1672551772017405,9.076992517800825,769.1115185598067,42.78298972661506,187389.49500257394
39.96088018911013,-87.56153968295983,400.00591149381876,0.48871996819367547,15.611700474304051,6.582349915997429,1.1655464906182165,8.939435768883058,166.20439434020471,12.0,52560.0
28.20891068696279,-87.41329285028104,1900.3981349320218,4.747423616528001,10.134937984319032,6.4767606187841835,0.9897474126914407,12.713593099850032,134.45220126134606,12.0,52560.0
45.94588670219903,-103.85137860519129,1486.7719810828644,2.330341341135553,7.295602102843102,8.142259951813834,1.0520661668933682,11.041942127036185,283.95397312924655,14.451087628052695,63295.763810870805
34.05049259740976,-73.14863272046635,126.76812715396649,11.600582022985025,19.024243457853277,6.3922652116352845,1.1900918097804583,15.841660237162616,155.42283507908428,12.0,52560.0
33.19532467798794,-114.96272025921382,1501.6618373002304,0.6107932429875912,11.031431572802235,6.963119542403221,1.0363407268953446,10.073383492135541,174.93798650738864,12.0,52560.0
36.4540249267881,-96.98058990435973,755.2241803681633,4.118211654706527,14.532447439754591,9.670714572991212,1.121047472030677,10.534988119798742,506.95534275328566,27.877565862480747,122103.73847766567
25.127183202601323,-86.69226526625556,897.5658700206134,1.9249381326032478,17.076449819095924,7.4194157363927,1.0922748836165368,9.908686443362393,223.05454256957998,12.0,52560.0
27.990800850145906,-86.3546664818423,1851.960775546575,12.56901775367702,10.490995091676782,6.437065446316027,0.9944504005162473,14.724479972615995,132.62240687026045,12.0,52560.0
41.71280679423289,-88.97349633448397,1950.0257585608133,1.6017603903323692,5.786003410365256,6.550287050858357,0.9990148326767738,9.311774781586276,140.38572129710195,12.0,52560.0
25.987168030203037,-109.13443647359955,972.8487718787969,13.100293924195714,16.366756959666308,8.112562993542195,1.0850140473517629,17.45561744728206,289.65405416287985,12.629750194429748,55318.305851602294
38.47565062719332,-115.56484529092242,2274.2239876951244,9.270220389890548,4.811960885671262,7.649626406384767,0.9628594628653011,12.85482414015006,215.50313078605407,12.0,52560.0
29.888378632351703,-89.65922235135761,987.3812687259319,1.2609434502699817,15.109198797938898,7.3867030214762925,1.0878291494970553,7.7228339548048455,219.22123129200125,12.0,52560.0
33.34309473700743,-91.63768572847036,1856.9697638476616,6.509221899964208,8.855252995811801,7.147504971734939,0.9995988669834153,12.022519866806961,182.49844060622866,12.0,52560.0
30.928649682496797,-114.31477544438098,1171.6278896629365,21.708424598642125,13.691637757273343,7.695459091770055,1.0690006793668332,20.753060114716476,243.58558681977482,12.0,52560.0
32.53614519515878,-85.92248613918957,2156.12693712256,1.1649562424076239,7.302394818717007,8.480085752930623,0.968478087204048,9.477951010729079,295.2980200731981,17.42817339939969,76335.39948937064
41.257101724421894,-99.42071244638255,2180.471759887425,2.2963197501473624,4.540038923348879,10.469685562651462,0.9751482942887341,8.833880418951967,559.5534602486096,36.924860526672504,161730.88910682558
31.1309211749562,-87.94092805342974,228.0520027331796,2.937383122004812,19.292411631114064,6.356714692559211,1.1747513535825287,11.824557411926143,150.87390006520326,12.0,52560.0
37.593711367125536,-78.78217769241186,2248.8541285183373,1.3978392049175599,5.228761818752316,7.534247333401294,0.9644699335535624,7.291092205397268,206.24257247135571,12.0,52560.0
35.42520965277839,-114.83466485684615,1984.7729228185892,0.06153018679955627,7.463799567254947,6.573029447907662,0.9887699477830266,9.541399855543416,140.39834760052855,12.0,52560.0
39.92810796870356,-122.96617712817081,1903.3195000641472,0.9945082828680605,6.601650609004048,8.184156474398796,1.0018853755342774,7.678885895751113,274.60586842974885,15.601869192105154,68336.18706142057
46.48391374379419,-81.92846033462752,498.1689884515434,1.3247912359232898,13.06581194615248,7.043935722500034,1.1621693116913192,6.6396954600531455,203.08860684738409,12.0,52560.0
41.58173033304601,-91.07633904175874,1936.1837168361026,2.3450691284867333,5.908378599069582,6.954052982413478,1.0002921159267877,9.692491664710682,168.19413039200413,12.0,52560.0
29.15856908617816,-86.21946324040542,2043.3159085503876,0.7506349935680969,8.992533822844225,7.375707726707505,0.9762877976162815,8.144851412924197,195.86595842870136,12.0,52560.0
24.74839524147083,-78.73963135061331,708.1777960008793,8.2622920376899,18.326414651553474,7.423246034124722,1.112748537103257,11.625843981130304,227.58760267026645,12.0,52560.0
30.2943370631958,-80.64820951947698,2286.3789865023305,4.881914892115814,7.193424962027278,7.27962457724541,0.9532308569733676,8.911496665211171,183.86329740469841,12.0,52560.0
38.281870336806115,-72.11031206584346,138.6671484300109,0.3562013554835263,17.683436008378102,6.335621284706225,1.193887864052325,8.20368786856437,151.81027585040474,12.0,52560.0
25.23421952362201,-95.05950574198562,376.7840227281924,4.200345222021988,20.169030006544244,7.884092895781221,1.1506287460471252,11.691211403161773,281.9424195895869,12.444806833376632,54508.25393018965
35.91278993282967,-97.62123583636512,1299.443108562604,4.241296614833908,11.429504368775474,10.254244982679662,1.0608320613246012,11.246722160604078,571.9100230581934,33.88143485712007,148400.6846741859
38.324228374005344,-102.29809120590058,1390.386081271097,12.514419980017415,10.160415000171817,9.443469240186282,1.0538008224006343,15.576699966617568,443.7345526929768,24.3770858925368,106771.63620931118
32.02185337960706,-115.70068368641296,1555.4571982561501,0.012101773592233751,11.06070079658098,5.909056465025999,1.0294114235257905,8.581878152016623,106.19728347350944,12.0,52560.0
42.50189288989972,-93.07920942437079,60.38652777081017,1.1397165267225624,16.887112966405223,7.24141201964525,1.208353637400179,8.65117295718011,229.4213514273183,12.0,52560.0
26.558358075210524,-109.04132368639715,2305.67292360067,10.512788903416709,8.19845503583282,8.913960470137019,0.9475370918004942,12.592004250413579,335.56629700593123,20.262689529209357,88750.58013793698
25.80330676165941,-74.24939434049932,126.1196607072627,10.760875438424739,21.5022900072586,6.2249889005916135,1.1801740445094162,12.75145248078671,142.34158830294282,12.0,52560.0
41.47653014888648,-92.50769656903674,360.4874474816977,5.100248907744898,15.39411627044387,9.176775565703617,1.1719508194503272,10.816347109865323,452.84515184221107,23.056616440569346,100987.98000969374
35.89179158894876,-91.98663025256205,53.35455171201561,5.805692905116185,18.912335213043274,7.458910749714619,1.2009767969441467,11.290631799430422,249.19013935476048,12.0,52560.0
40.52165751426567,-104.83406831264146,1369.1230712399454,0.3837665314058206,9.628764318280629,9.46182400756249,1.0585327229616173,9.25143913305161,448.3311244014448,26.13587674705067,114475.14015208192
34.43585612648991,-121.19257499320379,2238.7951837319138,2.8851648148668705,6.236472059661546,7.411641490394659,0.9621991502320514,10.639863957449819,195.874628079048,12.0,52560.0
29.913648797738563,-122.28583666985861,1604.954255271505,1.053690852409466,11.3961798290494,7.336426928361574,1.0219598419692522,9.358374130356419,201.77047836856752,12.0,52560.0
43.65845562418079,-101.13990221572733,1977.924774983417,0.7997498483737115,5.034914662845264,10.01222586413321,0.9982511442658829,8.14351065333161,500.9584836293857,32.017851597147505,140238.18999550608
43.1859810952555,-119.43346958274915,51.609264231420596,6.649315173837228,16.734550086034826,5.980594600674859,1.2102499473532022,10.332806500170168,129.44288087178668,12.0,52560.0
40.67271530050624,-91.23026440083248,1309.996410381748,0.5802794466808898,9.938206947557642,8.461197968575448,1.0650465955326613,8.842653032487762,322.5775820011652,17.437191139037186,76374.89718898288
30.531483293519106,-76.4274576954585,1113.759886463142,2.5293496879728763,14.157995693165415,6.6009222959652725,1.074808109488348,10.147812988698327,154.5662961402505,12.0,52560.0
38.16553600485809,-76.322599907989,1207.5437072454874,11.159964409916329,11.305076955069648,6.531129351212826,1.0732630531524892,11.829740890976574,149.499947119321,12.0,52560.0
32.66337352656065,-88.41154785285946,191.8673810977473,0.822354457265331,19.049783655445324,6.154084182845334,1.1808056987614748,7.492206850460004,137.6064348094505,12.0,52560.0
26.197969759839218,-112.59348110046173,1648.9561593449519,15.265655797209853,12.246872115978524,9.024095260058118,1.0134104891638989,16.330128225453237,372.3629076468802,20.298031205817892,88905.37668148238
46.01552581109382,-77.39817110662091,1217.66458736355,20.660734244544667,8.889354732490553,7.658730625414353,1.0811211773180904,20.538460788074925,242.83694629315917,12.0,52560.0
27.283647142055074,-76.15095449308676,1841.0542626698082,3.2442752954293224,10.76858028136463,7.6448812785109945,0.994819522294546,8.98253265793876,222.24220627960727,12.0,52560.0
46.80569649169926,-113.38070641254023,1174.9917090668825,0.746006276392557,8.908340798088927,6.675837599201197,1.0866841065679427,8.401842283245966,161.65554617091385,12.0,52560.0
34.70413855099093,-84.17899136838344,375.52829421890834,1.5198028722438173,17.335588669389267,7.355378400958744,1.162026626520197,8.6592397949227,231.20708818343408,12.0,52560.0
28.44319029212687,-108.52794435793535,1562.8515507052164,2.2100143872680515,12.089933608130641,8.125820621418931,1.0247654305450047,9.135029266515557,274.9135612739627,14.806995606258955,64854.64075541422
37.0056227370806,-80.6574231329418,430.2795418102956,1.4803391027492647,16.316635928014048,7.078766759281885,1.1585029576615793,8.028530309208662,205.46599695586755,12.0,52560.0
44.9507000610338,-70.14915340520545,2096.2990607844595,1.3175488266144217,3.9369956169831024,6.793308744854242,0.9875715084398453,8.02374723108864,154.80415580443736,12.0,52560.0
41.57339727382947,-122.37859571221279,1479.2166489847948,14.33515402630081,8.65268092394239,7.467832612553236,1.0479705008221896,15.304771944043654,218.22413815662117,12.0,52560.0
43.35746754867479,-75.54224324728968,394.1452428655511,0.6659416242586002,14.627888278204257,6.596186244300566,1.1703513615227124,8.855645903243758,167.9441952169204,12.0,52560.0
39.81080080105721,-90.37795118567246,2310.364576805272,5.28694199150982,4.194572298851204,7.5734607104968985,0.960652331449014,11.857488349215535,208.650473986147,12.0,52560.0
40.61463754842846,-71.43733856509965,1253.709802738063,0.0016414945236650517,10.293349919043086,7.811008775742612,1.0710472292211561,7.0762433565637926,255.2113610227534,13.097182423827105,57365.659016362726
44.38069563756766,-98.88948605357291,193.4983154545389,3.6271706210344035,15.524801416002468,8.311288925930626,1.1949923114295589,12.001070487841094,343.0364389716998,15.480565543758726,67804.87708166322
29.99203221262046,-78.24105174914581,1511.86231250786,9.905040743503514,11.931216461166704,7.759006541834073,1.031777268688423,13.56550270917165,240.97629012129048,12.0,52560.0
35.746199127435375,-120.63072029569302,622.6133986904883,1.3583392295126882,15.540459869626458,7.533900727105646,1.135117670664142,10.651226286263485,242.70044279558758,12.0,52560.0
29.309026603670453,-105.89493129577204,1932.7904154679798,0.8208509699819639,9.610549526090983,8.401799261270892,0.9876107065852969,7.721957973391254,292.86852287850184,17.250291101807306,75556.275025916
47.704032191919524,-120.38110696143467,1966.4165350875337,4.218532370431088,3.890291131898941,6.883094073301524,1.0038078967058905,8.09922609033933,163.67099697699032,12.0,52560.0
46.65742415247872,-71.33147079213019,2349.894706934095,4.9875408080132715,1.9034045126518127,7.360778113377979,0.9638746340663418,11.475161874702783,192.20369597680974,12.0,52560.0
24.94624347284414,-79.88340900732081,1214.4494838383189,4.659399652443403,15.229430055116843,7.486725725619773,1.057767023059202,11.093893917608826,221.9401100808856,12.0,52560.0
40.93380414037652,-77.96243925271759,1102.7973737520144,1.5386335874766577,11.10307451537496,7.1461354145317495,1.0878084090391815,8.964452706855093,198.48886147742658,12.0,52560.0
46.20595961797598,-73.34987750256971,1813.2719409626238,1.1624917149845724,5.258580468831463,7.729717804703225,1.0179993741104576,7.926816054857957,235.0760759080816,12.337511061633451,54038.29844995451
28.333808283056005,-119.40441174953159,335.28016209378524,12.486887561665963,19.48817654252049,8.075635451404919,1.1590410618943956,15.450645866416595,305.2101302265926,12.862127082080438,56336.116619512315
37.630685533263105,-103.17773000428,1321.6589228276355,10.271388638185678,10.780840803055254,9.326470034547418,1.0603736889703423,13.549321833467973,430.11129246446546,23.76686306387785,104098.86021978498
45.971719142113,-120.16411599162389,1320.0692883114252,2.4449168176471088,8.28806852749755,6.11773552558133,1.06997353098781,9.104130610990165,122.49408926125275,12.0,52560.0
24.814703486059173,-112.61717251629845,232.94603228872157,7.488249362978786,21.157912760449918,7.484616116194723,1.1666244132635557,13.502908324705361,244.57364493346884,12.0,52560.0
40.73808641392416,-111.61424803996569,1014.8021235064543,2.408281815905175,11.689761334784027,8.69717769179221,1.0972326642393149,9.666029764979218,360.91402749435116,19.147684570608728,83866.85841926622
31.13637617694122,-98.66821060343075,2050.8178205899408,2.209292900220879,8.35418022337799,10.462646843153557,0.9775896604919645,10.057517404930902,559.8237293238864,36.5378710012182,160035.87498533571
46.18550868903673,-109.4976429575033,2057.6456203472917,0.6820286382401198,3.7984736712052314,7.331638358052471,0.9928275605227559,8.130974974993125,195.63517041926346,12.0,52560.0
47.30539788396882,-118.5471822318409,256.1856425088408,2.223334193960877,14.271266779756308,6.66476657215028,1.1912717682307021,8.923579701410796,176.33384747936253,12.0,52560.0
46.66239573872241,-114.95548118891818,235.91570093983745,3.0837165837511007,14.585787072744253,5.998059770620191,1.1928487968165926,8.466050913184288,128.70273285085486,12.0,52560.0
35.38114119977913,-116.04711956818709,645.215235264606,0.09104565667773991,15.514366228478627,7.553198739897512,1.1321383045004214,7.610583458924808,243.92832007832953,12.0,52560.0
44.68902362374352,-71.4538529127359,2101.9432288785047,2.3487610084292996,3.981633539605916,6.531982869807021,0.9867190875392925,6.0,137.49871680876478,12.0,52560.0
44.26918556484169,-82.99820462640243,326.7881524749275,6.081245765912952,14.758515415697929,6.639877856188901,1.1792770290361563,10.940481099981008,172.610064382269,12.0,52560.0
31.658411357838133,-71.74088087544365,1733.592390253322,4.5583128788652925,10.10092225112863,6.707452871162723,1.0104910662938047,10.63673871469017,152.46683048839523,12.0,52560.0
43.89397137961626,-100.25401372857294,260.77417467918565,4.033152497594004,15.267163538040009,9.634386597091403,1.1865088919351345,11.09629988368059,530.5339848884877,27.372877210543862,119893.20218218211
24.888183233171823,-108.96810199021654,1503.0680919198244,9.61207233932531,13.515136478529508,7.836975710493478,1.0271844513342216,13.444829950565238,247.20880960863107,12.0,52560.0
38.310477083569275,-80.89216735070391,867.4401719035646,0.07278627088928545,13.302215843507831,7.2984519714985385,1.110706812987078,8.460880013227571,215.90450457444902,12.0,52560.0
29.520212094904874,-106.38228842577807,1897.6152318587635,3.257171730991572,9.758244980375958,8.877851567829195,0.9914069516724311,7.3385566449266495,346.85311808445755,21.262737648022206,93130.79089833726
26.89360525865469,-107.8332978199112,576.1832682043654,6.1924089674854965,18.4748188131774,7.34166229105329,1.1299840139678088,11.647241157842958,223.57617117183483,12.0,52560.0
25.84687683910102,-111.44467642077711,1541.3003539481044,3.1177440690625313,12.998134824581067,8.123739463019973,1.0242213155427928,7.8552430899414345,274.5565280366813,15.111679856912692,66189.15777327759
40.710930621075356,-116.9973351758913,580.9244322906062,1.5656308274284667,14.301174219933754,7.016779917529414,1.1457380672335093,7.4894142776658805,197.9105347274854,12.0,52560.0
32.15699913043359,-110.15099470509463,1718.511473806926,0.5858902325256615,10.041831418028366,7.218159578448393,1.0125840155581252,8.126935482078764,190.405947256611,12.0,52560.0
41.39440251669028,-104.81273358241006,2099.353722254582,8.74145141168104,4.985556911465428,10.949381151651856,0.983474457642451,14.776387632456888,645.5082710314995,41.181993336533395,180377.13081401627
25.568552179174617,-87.60431276013055,321.7882819216889,2.545271136956522,20.398704654717484,7.371711871999895,1.157309511218348,9.972610798337984,231.8059521564086,12.0,52560.0
31.56696810793465,-120.62149852014961,2082.4977388572984,8.418715671638918,8.034923134475815,7.369688292400462,0.974851464133514,13.07310659954789,195.09934472449137,12.0,52560.0
36.94779101700809,-112.63262525807149,1432.7091055060291,3.5261287069774063,10.319408061861395,8.530360019233084,1.0477652345953794,10.092240756825921,325.18916787924474,17.67637362189507,77422.5164639004
42.97735595613513,-80.31272342424947,322.52296826351704,4.485789544398284,15.171655403578361,8.116397706936967,1.1781872585255218,9.83511905479361,314.97369452628436,14.562929071960998,63785.62933518917
31.650060070369676,-116.06621612647638,1037.5496157561147,6.5238957140442,14.27968428435241,7.167122522387349,1.0843480306215283,11.2615573323793,199.60581346713596,12.0,52560.0
39.02139303448822,-105.49716208778383,402.847498494533,4.305316193142622,15.876497098686336,8.835645601623062,1.1640828243282089,11.096040970450531,401.4844689251248,19.960065763607822,87425.08804460226
45.26346595766849,-77.30841821966044,1686.8279755024355,2.030355741185045,6.2999923596848415,6.709842208466231,1.0301589471578492,7.555780822577635,155.60056329654844,12.0,52560.0
38.78071651637531,-115.6340331982541,1826.1061599147201,2.883170341629533,7.409148085599085,7.373275409464192,1.0085944387116093,10.441567065317345,202.14729856976422,12.0,52560.0
29.59102739408721,-119.53221087661774,271.79571824926154,6.499130666699088,19.491917472278267,6.6285590598749575,1.167843462667802,11.43326991947683,170.0638586783501,12.0,52560.0
24.58561875735691,-97.83494826567942,1224.6128494132536,1.8713857274670616,15.276637276313405,10.007876500241066,1.056284285220973,10.113499926323716,529.3910993490094,31.478903226174634,137877.59613064487
44.88237297362232,-107.66934639095903,1958.807633341683,1.9648858997496519,4.782442307863205,8.736683454079813,1.0015306195351326,10.332243688528292,333.94430221505985,19.31147061718357,84584.24130326405
24.51046586040929,-93.57594831787188,2248.0680388913715,0.4023327414338695,9.158452008528984,9.300770616865067,0.9511380376381047,6.233698829853433,382.6223681063507,25.35368715030531,111049.14971833726
44.99284014442078,-80.59453591389234,1242.1725228454127,9.840907749751532,9.04911281960129,7.46551300587643,1.077284755950899,13.206647733978258,224.11941900689368,12.0,52560.0
36.69449121665309,-116.59398163975187,2281.6645521951486,0.38180054415091,5.30166532183318,6.687511561655749,0.9602726973086224,7.202447100961798,143.6012508855028,12.0,52560.0
46.53762476430951,-92.64224943406862,1294.939749685351,4.178874136552858,8.269074072595043,7.78732827859892,1.0733357486421007,8.332050923843944,253.43760016063194,12.622723335109372,55287.528207779054
43.17079765856797,-96.70252693894734,958.1733771477809,2.1322472950575495,11.299720439542925,9.156539855736293,1.1063079110925331,8.040308445583237,424.6588630222938,23.56532300343569,103216.11475504831
47.950418652800096,-116.21974555528722,2038.7234459558913,2.0809416306839297,3.382533728424624,7.304538550705671,0.9966623897446161,12.178071992728764,194.22110948456762,12.0,52560.0
32.417083570841044,-90.30408178143495,1193.298850890252,4.552139009113679,13.115081823406173,8.599768115031095,1.0683298833378763,11.462695280923135,339.7313337527503,17.89568633793548,78383.1061601574
42.41251893434705,-109.22341743551833,1143.1279751435648,0.2778021875169109,10.417476468834495,7.129033099835513,1.0851019952534524,10.46742687483705,196.57688994125454,12.0,52560.0
33.646341926621815,-97.65694679862332,1186.9437247953913,3.6027108371813896,12.78443507324111,9.582978177519884,1.0703937058114723,11.156544630330837,470.9936462677393,26.846279368377644,117586.7036334941
35.51701488729381,-119.55729448903865,2035.348304449994,5.914196287623702,7.132805707111894,8.138497459353307,0.9837392590527444,10.658305979364052,265.14454994953365,14.51930339958688,63594.548890190534
39.060131117240886,-99.18246091046436,2000.020869217564,7.045994129190529,6.281835449522351,10.019562708278112,0.9910745691545141,11.769471041505467,498.4511929458514,31.18979711942549,136611.31138308364
44.96825074047213,-107.4509727256877,980.3775820077027,0.7478752232797702,10.627259285812144,8.643399540110005,1.1059489579303665,9.154848550256231,357.0745142823112,18.830196122533014,82476.2590166946
47.618003260783084,-79.59141459599087,813.2536664918496,9.108412147045724,10.835077022813977,7.050821924238359,1.127716899034271,13.990054732395079,197.64659260683555,12.0,52560.0
42.438561932748435,-120.92314874214212,1190.7886972131278,4.2701535896649565,10.123699236896702,7.460770492958175,1.0799417202726291,9.869281734948974,224.24427538156678,12.0,52560.0
34.02640277201601,-101.39520715441019,1383.1985731743196,8.543363637773417,11.49288772934928,9.882192351673945,1.0497908282845423,11.314026377969004,506.5620926920324,29.85139060066061,130749.09083089347
34.112568054649685,-99.24470309690236,587.2425612946328,2.6565344347873947,16.2427742158373,10.27244868188534,1.1371875110463938,13.539234085738922,616.3452123547123,33.51118172272094,146778.9759455177
41.7019752381334,-84.84967187984759,1909.6131016231056,3.1238356136300673,6.031728818821344,6.423831923642896,1.0031481609158768,9.704921761366673,132.95895515432588,12.0,52560.0
29.730651498439258,-92.9884709451286,1177.8289824431665,10.055115167635801,14.013830655809222,8.254977866249462,1.0669951609232753,13.642182428762336,300.1098111585662,14.641967440801611,64131.81739071106
26.65137871515347,-87.97053379151421,815.0284052395039,9.20672374165779,17.114415954016934,7.605188404635451,1.1030843375398838,13.660035601681036,242.60997586978837,12.0,52560.0
32.51093178337864,-82.03933857480517,274.2339632542977,2.3779948497752743,18.601316685460624,7.152702341317378,1.171067745235041,9.13552260269193,214.27054815473312,12.0,52560.0
30.89373579969796,-77.4410394224578,588.4514817605844,1.283095155485768,17.201170369527105,8.078364367975556,1.1332692362490657,8.917131782538041,298.7262707233209,14.515294575069303,63576.990238803555
31.111394890943764,-107.0507231769866,2279.289188779241,1.9980292366738008,6.990846400041422,8.455218690218551,0.9547659123664758,10.743154285343984,288.56353141527836,16.914771036593145,74086.69714027797
29.60658602519784,-94.94677391034924,746.1372546304733,1.9625519459757934,16.64120066465781,9.980809373812898,1.1141101256631147,9.028072991961768,553.8541428210125,31.46196110905611,137803.38965766574
25.010236551272683,-78.63416376428322,421.88510869354405,1.3523486595684566,19.96561838245693,6.456558166829182,1.1452310822537672,7.41615666854776,154.12260276700405,12.0,52560.0
24.42897443360193,-70.56963892788696,1116.4012441388838,1.2510675514613867,15.97290020508612,8.186620326592733,1.0677181911149254,8.5566679775025,292.9143137328494,15.40074920361711,67455.28151184294
47.70533735366476,-75.96595720363679,750.8688291973918,7.894936915268369,11.183185818716222,7.6903081883843925,1.1348486635458797,12.179680011469129,258.0709902504796,12.0,52560.0
34.266555209660694,-103.94076781828366,103.67901564544209,0.28968892589473794,19.09795934322914,7.949870781470072,1.1930616017376858,9.882492080233066,299.71817639248053,13.355997988105647,58499.271187902734
33.22383953183236,-113.46100807019288,789.0856171250131,4.527987811531636,15.298334437700213,7.486823211474963,1.1135119788994596,12.122135564604067,233.64561362322124,12.0,52560.0
40.31153478463368,-97.5728029800442,1314.9785249759352,0.7589320627082213,10.016668414754285,9.816091930866541,1.0641035649184651,8.584389238141892,503.23374270963734,29.847249474068335,130730.95269641929
29.238093308761542,-83.95136160085372,1333.0754454075213,1.689463866015475,13.23011933492641,7.794779404813348,1.0498389035734408,7.479195293826177,248.60173404001173,12.886338756358684,56442.16375285103
46.799068414805404,-97.40127017932193,868.6102324009951,0.25407311269182725,10.748618081152408,9.514456604193562,1.120538785454655,6.681373151487161,482.5572741864762,27.290668935623927,119533.12993803281
42.87228034597325,-97.9082333810619,1084.5805598811894,1.2586985263806558,10.630832536920892,9.634460298475599,1.092034195559142,8.773367029729858,488.301902735991,27.954347214259375,122440.04079845606
26.14586405549423,-78.73555726158277,2317.932645398744,5.851338072266731,8.248644910959266,8.471961475721818,0.9459164247931791,11.914390406545577,287.59060052289493,16.754550510678154,73384.93123677031
34.02193861883828,-104.48419593037194,918.0893758081417,8.651825665724258,14.284882159499666,9.12175871510089,1.1001467306243828,12.74154801624329,417.49988256672464,22.073218211196874,96680.69576504231
45.098839381491956,-77.57108756017114,634.5798155587595,1.0016846620763658,12.662869292199858,7.638223425903747,1.144897273790472,8.024807296197139,255.1018445949714,12.0,52560.0
46.67356853499385,-102.03254074860692,599.451564878889,2.4911115602229232,12.401220050228511,9.495139718280923,1.1507966056377865,8.783307856319379,492.5753283239773,26.576593752209103,116405.48063467587
35.21763626999687,-106.27541229336967,1109.4797782358394,2.541959482505186,12.777830449585903,9.87353634707948,1.0805584653227578,9.497102937210377,520.0396557898297,30.215263546001815,132342.85433148794
38.721873341056984,-99.48454479521625,1827.6579539463269,8.27243380210364,7.417490274004942,9.741762281842892,1.0083709356559076,10.104145458774505,466.1255480545628,28.70477477536527,125726.91351609988
28.008814706209805,-82.8278642315571,510.2518783685662,5.7553904757259415,18.535844317925662,6.573547450120284,1.1387237134395534,10.131642330911912,161.7289532071415,12.0,52560.0
47.78804702728743,-117.19589049534432,1708.124782595028,2.8785989109948327,5.414837196243603,8.49273828722763,1.0307226216777932,8.974698332060079,315.6857913565977,17.654686236741178,77327.52571692635
29.560120833202642,-113.39336234291106,70.33657957161077,4.443717742606439,20.709944272609544,6.122977465150266,1.1912259583686966,12.115234479506169,136.7263235758054,12.0,52560.0
46.62556257924302,-72.62197941419304,1017.0604876017916,7.518562672694176,9.909968300616349,8.34474164114225,1.103829194909775,11.53456123330179,320.70857069896743,15.854241009881818,69441.57562328236
39.59151957581685,-114.5234521214067,1866.5588551826327,0.03833896501996091,6.923190996159152,8.14387530079258,1.0053007920276977,8.239565149209424,271.4934612873197,15.163578871689303,66416.47545799916
38.58568307709262,-93.34272483172305,826.1844347431468,2.0626159198260665,13.467188468413331,8.380771596746008,1.1156167465739608,9.509420853012834,328.350017550452,16.6395452579371,72881.20822976451
36.30452426439621,-92.71701880025536,1361.6943014400508,9.5110956481452,10.938476912040834,7.213442131133167,1.0546105870126259,15.264157195680035,197.92004788895065,12.0,52560.0
29.53607548122621,-97.56027904928678,507.8505741256677,5.393113352395571,18.092073910878128,9.50329357518708,1.1407873133882063,12.750960899794324,489.55007803238465,25.664204945577296,112409.21766162856
28.2366727681322,-89.1837565768518,1785.9490308802901,3.130899384801251,10.813303984278598,7.890460136179197,1.0014615890813319,9.809536068326851,245.98651014841946,12.959335553178608,56761.8897229223
29.291669017684207,-111.5893568069286,144.4242657796479,3.017066178763348,20.34595370001685,7.658447213700505,1.1822474037759372,9.239658017830678,265.52201990508667,12.0,52560.0
28.474518291462108,-94.1562375400556,2049.0514948036907,1.7094326726880282,9.16333554373922,10.16568305806458,0.9750017891943324,8.229059880221989,512.135773324034,33.65755098452595,147420.07331222366
42.71002736560208,-103.90264421666755,491.7073996835702,2.940216834410872,14.236747392217953,8.662755583677871,1.1583311984012414,9.474854233687587,376.50516769011256,18.90987927520365,82825.27122539199
32.40300622000152,-88.2699679800238,2101.067315465827,4.261288809373131,7.6726942412045815,8.321196453983514,0.9738560684459984,10.035933260435558,280.557643546671,16.047776716236967,70289.26201711792
25.388224237521513,-116.37392865784993,859.0195942952313,2.167635212999216,17.22941516297216,7.732818805360521,1.0968013677481996,9.964934019029407,253.57795175231843,12.0,52560.0
47.25846312337947,-93.17261949066828,1739.9869072492781,5.009196353907805,5.38253961949049,9.450702242785342,1.0267984191769337,11.509889593326928,433.3586171473896,25.46365340323186,111530.80190615555
45.21086123912222,-113.99540080930052,779.7562087311286,7.899813770966442,11.758204375876563,7.587177659536493,1.128618070886794,13.450049691953883,246.4664243840246,12.0,52560.0
46.26605479668511,-108.95327459178803,2176.069777538461,0.67218304171821,3.0637648957637023,6.8663515094140415,0.9808983885453421,9.914450278754327,158.77134467093782,12.0,52560.0
47.877787743514446,-112.1896707825265,321.396358733731,2.4026149311288045,13.70828552454328,6.948038605274566,1.1843569690327553,11.677011904357496,198.627461724773,12.0,52560.0
28.173485981267696,-114.12675988708388,444.87709846878494,2.0971303306223743,18.87869161480698,6.226633286663556,1.1463335783231676,9.407874270462493,138.3696636463027,12.0,52560.0
33.50980845366381,-79.41160861572399,1193.4116978779496,4.652152756427039,12.78658727663316,7.140462432250233,1.0695425147053454,12.110648179531008,194.69153653305895,12.0,52560.0
42.19772341689819,-108.57179134631193,215.01348491078778,1.1500215002970182,16.050602065465817,8.190228284462245,1.1897667993432648,8.268020679577152,326.82846243010545,15.499764993792034,67888.97067280911
40.704494833291015,-73.93531577931974,486.4328395901934,4.0893939060727025,14.870054512471533,7.179842829084549,1.156515294252509,11.87564472394324,214.0258334531468,12.0,52560.0
27.69350175215652,-71.62396763135969,2266.1639896645943,8.398225721013745,8.094965536365478,8.307867509903229,0.9525788255270954,14.31274642121926,273.11126500646986,14.876465797205292,65158.92019175917
43.579994999774826,-93.15193462339674,2344.0453935319715,2.166043893211094,2.8617291388757238,9.036733585438476,0.9612316390700683,10.509725499858247,354.6765687287375,21.86580246718159,95772.21480625538
29.386573724079856,-116.27793937605077,915.4972038064042,9.677181316287834,15.691044659937617,6.312192024961153,1.0951345158053027,13.919192599202528,137.7139952685107,12.0,52560.0
29.371622755742955,-103.77439485750261,2217.420730013167,19.942057298018362,7.883988793198114,7.940216312509278,0.9591141835181515,19.16320458202195,240.0696832983091,12.0,52560.0
36.88738614944192,-80.92245777919644,1316.6827281027674,0.44860989302956816,11.033687786550818,7.424934642006363,1.0600746510183099,6.595731810379169,216.96234155367898,12.0,52560.0
38.23055843620088,-104.1609006503582,661.9870687795656,1.0613513020064185,14.558910056462345,9.022290741587913,1.1336078403408714,8.588766132178531,416.2778467148128,22.217307575269274,97311.80717967942
37.92206898810747,-119.3010702116494,1691.7089561718249,12.01342516923552,8.47312556653681,6.723700201607704,1.0215949743557426,17.047670152240332,155.26507390341504,12.0,52560.0
26.195684097546117,-93.93361480987785,1588.1862996481602,12.711673260335346,12.612176972847205,7.705696606056922,1.0197118963994192,15.25519007456432,233.28306214634677,12.0,52560.0
45.05906070312913,-78.36347401921412,2374.1182594787856,0.411265132685633,2.2375722321885476,7.0073052269216225,0.9597889957689734,9.188910982163446,165.11969429214903,12.0,52560.0
30.374401022128946,-81.01997509425087,650.8125440340942,0.060448461405789584,16.98280442915675,6.938683559109364,1.12564991498627,9.049010757466192,188.02023563798912,12.0,52560.0
27.1083581107873,-114.54335043296092,1619.5016163349303,0.7026551874096352,12.150482868754226,7.93523896793649,1.017435219509463,8.081169647333173,254.1890285284173,13.703587455554239,60021.71305532757
45.32995391685545,-87.6707108217268,143.8165369700836,22.098647524180304,15.53811460312286,6.895716326622338,1.2020235519305174,22.838802319531606,197.07028446971583,12.0,52560.0
46.93563595751408,-112.09276977447506,290.4775720981922,0.7938018847040188,14.176443780156625,8.156606261818698,1.1867998927649823,6.0,322.0149226342266,15.817390279932216,69280.16942610311
44.69106281437082,-112.2167931341827,29.325732383601963,2.793021675463264,16.416726761387142,5.502004841247786,1.2147863878323728,8.20851267079215,101.16559164374893,12.0,52560.0
43.42838579339707,-76.80012424152,2398.716420922022,7.5465069662869775,2.579185736448748,8.141184140258794,0.9556497272282464,11.429145424142034,257.8288301961861,14.346365969853988,62837.08294796047
39.72580753533652,-110.51787655202757,1929.4113992109972,0.08245039254393938,6.50578934413306,7.924049030763184,0.9989935920937276,7.065812208085497,248.52733863179236,13.879099953484788,60790.45779626338
37.22057689461934,-109.7846432880274,1892.400775065827,3.7103065376354776,7.479422281219236,8.495186226690736,1.0001032657448923,10.62969946400436,306.57275790541837,17.260450922866177,75600.77504215385
26.087682237873842,-123.96471689888982,1233.1480591858676,1.2975250257306794,14.774806973522642,6.985982324414484,1.0570245915575909,9.12656037910309,180.19284530536157,12.0,52560.0
33.802877113696766,-76.98387215722204,734.159657314947,7.931725897270198,15.454178922001288,7.860616929710407,1.120309196236412,13.231824224972128,272.06821196888103,12.0,52560.0
32.944524408295536,-81.19988008670673,380.0089970211687,1.333291240978973,17.83658869538433,7.094387166682356,1.1594045556447181,9.51527253754637,206.99014287577427,12.0,52560.0
30.234090810247828,-90.1242375051034,697.5258784545836,4.643087785792888,16.74461748619815,7.167599582907874,1.1202568398743897,9.645727188500953,206.2570562667025,12.0,52560.0
41.36208272852604,-83.48564874730252,914.8115081913511,4.486127375319857,12.102506132294081,7.20824156981784,1.1090036007251727,9.229865145023131,207.67822283154243,12.0,52560.0
35.9010176418905,-115.78937735907745,1820.0180308130998,1.001512004455298,8.30958652255425,7.303730709291036,1.0061248632985784,9.076490821082615,196.00003210536485,12.0,52560.0
25.94510918178355,-99.25052589227093,1304.3950575895028,0.14167646500577824,14.390096899927917,10.427325315131448,1.049274573842137,7.32872739062774,594.8095359519302,36.814578048777285,161247.8518536445
29.284396846795474,-105.03415308316583,204.4110312020488,2.1054465657395385,19.988214758749066,7.673271710570343,1.1752685566071133,7.378697885002159,265.49041841809515,12.101271489144606,53003.56912245337
40.3982103278303,-118.93606758212111,62.90904132221113,1.3654181939402568,17.503082653717648,6.241672460563047,1.2054317555589464,9.984864057813933,146.56003394879374,12.0,52560.0
25.827140627767204,-97.7489537983941,263.5505872910703,6.621461454205444,20.67055428792342,9.602266778871316,1.1643032681365733,13.646999160326022,515.4154397771193,26.415036244311647,115697.85875008501
44.428965937170446,-74.2800588814977,996.9869385997628,6.44504205856645,10.689388587250289,7.240170979515728,1.103482076573609,13.735618302778262,209.4024482069796,12.0,52560.0
35.88351664833539,-121.8368075712625,2240.9991425766634,2.442760283492378,5.788950150039403,8.444141987551458,0.9634776825671489,9.69006543586509,290.05359037399523,17.090593183624083,74856.79814427349
35.534077855839556,-108.26111067133513,1537.0179052779474,3.7308211190921807,10.117669211580452,8.807998770276052,1.035180674342072,10.989611186622792,353.6860215962487,19.750396685501364,86506.73748249598
38.21778683182842,-112.79278944489201,1928.345641703726,3.707986503841334,6.964590100229119,7.625545557907356,0.9974891011046253,11.868633770339095,221.15202666615463,12.0,52560.0
43.79234318220358,-111.1400807020524,1129.9715349208254,7.021513021350566,10.082467835813976,7.766374976425844,1.088126022424352,11.443208864782218,254.86151880722707,12.0,52560.0
32.34742098965263,-74.94453419851374,880.7652780042018,2.2135577466749052,15.011182035078999,7.380719962707476,1.1023416882911916,10.660947868869853,221.60646162627043,12.0,52560.0
40.272387661417525,-98.72427107134834,277.9928870655621,1.2887996962285204,16.25032637918137,9.778296457617076,1.1800517864480793,9.103755298708963,551.6462510981532,29.32841662761082,128458.4648289354
37.57756713589899,-98.81983170124978,2104.7205928031676,1.2317291542881597,6.098406302411298,8.936135349632043,0.9789010577755005,9.835491475384005,349.267372053845,21.145368962438084,92616.71605547881
30.40867848406611,-82.92891530741475,1883.9208690864086,3.0731408305838794,9.573871240261717,7.25027184050015,0.9937373779202849,10.06719612340145,189.36708785687702,12.0,52560.0
45.08711967252379,-115.657420983734,420.12107228258577,2.3851579059366137,13.953137664547349,5.922976545859075,1.1694612853537043,10.98660279525957,121.49989209615387,12.0,52560.0
43.138224518566275,-97.68767087859726,1239.1801420255001,2.3201367239381505,9.623451792277116,10.749125332102448,1.0754891659790442,9.660310549412735,667.8753645174539,40.01146226273726,175250.2047107892
39.80284403180221,-100.78079843746278,1179.9520428525627,0.38224513730841925,10.97943453334396,10.00502590229644,1.0781114476783145,6.4485722110241515,539.8689048191749,32.36470963018714,141757.4281802197
44.413961498261806,-91.76682271048057,1507.717895393938,5.071965710129335,7.6295041781578306,8.131032886801828,1.0481177526109224,12.785491384855266,281.7197109618329,13.932637163861763,61024.950777714526
44.81506082303525,-70.02388402447632,2271.9248076992017,0.9618541603448723,2.9239329068942137,8.132846969576923,0.9697228988398858,7.44007560704039,260.82274245253404,15.282317094694738,66936.54887476296
41.00071144116083,-82.44975971956946,1399.8560313947016,0.8773712840393729,9.300650379283539,7.64782916255531,1.0557839137388758,10.030092622716321,236.13457381729782,12.0,52560.0
44.08831988072813,-102.51525203705893,1305.7170949331123,2.1292752949871767,8.93920146618289,9.041097282399722,1.069377311689154,9.16927371926392,395.15219335502906,22.239883555390513,97410.68997261045
40.73931508006281,-79.31213517720147,139.76858038450018,1.0339345916493352,16.93959399367416,6.484092299660403,1.196792420338873,10.031573937226849,163.1309627498332,12.0,52560.0
40.32337852224721,-114.78174838112606,169.71979292289697,3.5069174926426387,16.884667685788454,6.437775419839979,1.192761114471026,11.4658728334257,159.1222618814118,12.0,52560.0
38.846673077164425,-122.35496093931616,465.88536335775757,1.8574436889538526,15.550685896704127,5.730632200644366,1.1566335192745378,9.630637782550757,108.83620391646205,12.0,52560.0
42.06519934938339,-112.95978788692926,97.28043662636091,2.383441078326927,16.796757575426817,6.0929381779411305,1.2034451797262813,10.040307028148712,136.10579944038562,12.0,52560.0
27.80652252703377,-105.61777596982998,1789.1798914566295,3.0815759887628125,10.922963893150094,8.947762613070342,1.0006755006368306,10.356099933888766,358.4318817907616,21.11705174262552,92492.68663269978
45.14089822077428,-96.42863909718376,1741.5261235056323,0.9102909953841208,6.008573792733921,9.595410860952967,1.0243011625813463,6.129584889693179,452.4685479737172,28.226292334177398,123631.16042369702
44.92424466588557,-90.78302641077521,343.8138379473102,0.6772341679015027,14.459843572550467,6.487085291624186,1.17810301144432,8.548336763418744,160.80594276906936,12.0,52560.0
24.70193479282942,-74.82729127042123,2009.8677838927686,8.49514235452578,10.530212858794563,8.268451015583697,0.9750393317065287,11.757808401429195,275.59073484890234,15.215043592158041,66641.89093365222
43.8196020135543,-96.46788348427529,388.3907629337465,2.274692649389706,14.52377481833123,9.090469155080447,1.1715810857860458,9.570240162128618,440.0492130929357,22.582891734456002,98913.06579691729
27.092876819362687,-96.93111519021062,736.797897053714,2.124750175250091,17.45134957186891,9.530820616305142,1.112255992155908,7.903319049490197,481.4660238674726,27.145470895808206,118897.16252363994
32.042852502219404,-121.28687746955896,612.5650200040487,0.14504692617697323,16.711754129309885,7.328669222896347,1.131897507615681,6.665085826234894,222.7678273194924,12.0,52560.0
41.84419815099859,-122.11477615656392,906.0908946038537,2.7564318176134694,12.010195187077304,6.632739159348831,1.1105342650115446,11.579780492672764,162.02451226206372,12.0,52560.0
27.858237505159398,-94.2373620565159,626.0997628181093,3.2312677644606023,17.885930171543524,8.983705165948185,1.1254977476644683,11.22209752442539,408.0196754012424,21.216860302924125,92929.84812680767
43.631208578857496,-100.33835488458939,1183.7032049235158,3.273398527135021,9.808418196801657,9.81474690036196,1.0820786474058333,9.959068014348027,511.5241536074471,29.48969216634746,129164.85168860186
43.97122027098581,-78.68425867106387,989.6307576241513,4.9107562222616075,10.870849372959352,6.588249849352616,1.103761336234266,11.168176113655793,157.8175742343227,12.0,52560.0
36.17922561026007,-115.32330242556036,2368.0353880547973,0.7815388458766872,4.938019988593197,7.976919911833319,0.9511931871194899,8.171424076634402,241.40398258215765,13.974659071912056,61209.0067349748
24.153260921204005,-122.65153024567933,153.10471330517709,1.1626026132209022,21.83539344380774,7.607884113480414,1.1750639762079422,9.38141321910797,258.71593718766235,12.0,52560.0
30.888915196197907,-99.7519065317732,358.39167580189684,6.658332679837764,18.58297538632925,10.164054168116728,1.159430931676031,11.183734368044092,608.7175168755377,32.90102382020651,144106.4843325045
38.806246041017815,-111.1761579353781,145.7256275024739,11.762750975520085,17.483772422679817,7.541266028369359,1.1937054610611721,16.250138900753598,255.97642490929525,12.0,52560.0
47.54846827265816,-121.32082383970278,1509.5020440580543,0.5844186980484989,6.678447253854227,6.999062531221999,1.0514497317684208,8.046947009612166,180.25118965533002,12.0,52560.0
39.16352464840004,-84.87169251022803,149.7320802446526,2.753829217010818,17.352550124012073,5.498833473280154,1.1936756312128476,9.148481135209016,99.23572234755518,12.0,52560.0
30.235285945539836,-117.97397800230864,2010.7265749551734,0.9640910073008309,8.865054766607008,8.518303566482347,0.9806918505509558,8.60451022656231,303.08323182944815,17.951554318792045,78627.80791630916
39.21613687439067,-91.15074699958032,1238.4139410229882,0.2478129816927505,10.804675291544868,9.490163982426077,1.0711153308570038,7.439311593104917,457.74898501795025,26.864123350748535,117664.86027627859
36.95964911318053,-108.82331349098799,1274.2781465040503,1.5751542095383182,11.266436387021539,9.147774749947365,1.0647068597425589,9.33951134511877,407.5176687331011,23.16048460134929,101442.92255390988
42.71628948362745,-114.6312132808288,1356.5949283550221,0.6204801822347599,9.045543584781635,7.16866855978093,1.0623471730131488,7.727453002164776,195.68249414415214,12.0,52560.0
26.567535331847,-103.49341776235686,426.53662100878154,4.9505744054651855,19.47051967439321,8.396736203178582,1.1465301716587617,11.532572966661714,339.3806056230768,16.258108052190927,71210.51326859626
42.26466966004867,-80.7219280839605,490.50292141248036,3.051922309369718,14.377581573510518,6.228852086929415,1.15793103205375,11.290361232315602,139.91901897294065,12.0,52560.0
36.990397888226646,-102.82694684715307,778.7852284377511,0.6211661860944535,14.2301692629055,8.402870911522882,1.1190411311465776,7.509513687486864,331.9702223135655,17.31177467567891,75825.57307947363
47.111808092615874,-83.45843894260298,1432.5214696560063,0.03713822727784951,7.2713287542792,7.297878628623582,1.0591784163752092,7.865592387612503,205.83965037718818,12.0,52560.0
32.204931984928464,-117.22373997284586,520.0803067377105,6.6043128213477855,17.218038564095195,8.133488208754647,1.1425438816876419,12.516184548451179,307.37845090648113,14.018001660652807,61398.847273659296
39.182925435214756,-82.27034333808572,296.86951057716175,0.775282826877846,16.463905305972602,6.709520972704594,1.1765282757211455,7.94214087014902,177.68342528432163,12.0,52560.0
46.36867453224042,-111.20560045504098,2328.8781896758687,3.7278174970447697,2.1161285022726624,8.070746099113938,0.9656666512181976,10.79387517121886,253.82727800442913,13.990896118352126,61280.12499838231
26.460233471776302,-87.42077098600086,72.31671924690252,1.6434500702671604,21.628029642985695,7.466449017226755,1.1872366829878986,9.652548674942384,247.08684450175312,12.0,52560.0
46.493483693674825,-93.4477960385862,1930.4198246997314,3.522593522124594,4.469435943699162,8.534258818392729,1.0061954798182082,11.41347024482792,312.71577872811883,17.37740798301207,76113.04696559286
40.509257335219516,-73.82618527056889,1895.5236559885525,1.5171643849308365,6.474080863502831,8.866625055810767,1.0033108385835268,8.183110575656608,349.68784731794887,20.95465679020027,91781.39674107719
25.628089418524127,-103.08458402933304,727.3695909513285,0.3638128079743663,17.94735562873479,10.89064786415773,1.1116235472280982,7.086957396508051,717.9412217125587,42.378144432498345,185616.27261434274
31.223125606723592,-120.42707980294021,342.7913460974059,1.0090023665345895,18.576314241398485,6.754906608584803,1.1616210307479906,8.23630855244426,179.01627557813504,12.0,52560.0
40.99613012748676,-122.96560378023234,366.5961791589077,0.8333082705097483,15.501583886800525,6.4635969235729815,1.1706593133168004,7.338682154849328,158.06049059923222,12.0,52560.0
25.61641443525052,-79.34963770747133,1679.887249024518,2.2346004844445044,12.235752175277735,7.889837113148793,1.009595809622243,10.018158135523699,247.92576123045973,12.902860919473541,56514.53082729411
37.97209104423056,-95.66427556628267,1549.8796867850933,4.29509864989662,9.30909456602027,9.174903019253982,1.0365051328960564,9.18295762972628,400.2634261776191,23.44778582749952,102701.3019244479
32.30119336687096,-82.13682120091275,1882.9347047183005,1.2250468393285565,9.012033761628908,6.643526704423575,0.9958376876256098,11.53464780550036,146.00059230005476,12.0,52560.0
38.90197242641945,-111.3410175993782,2251.205190309869,0.048573473827400834,4.822177130214953,8.726984911683395,0.965597058898101,9.584257518184941,320.89179597827456,19.41711610078873,85046.96852145463
25.097808811500308,-105.36547774228538,1666.7871245744889,2.9270311901218036,12.469934609102973,9.981181605262831,1.0103975841806014,9.77130963759346,502.35204684793183,31.280107601500827,137006.87129457362
44.916883347657034,-122.37439090058878,390.9266569924354,3.7231764912945793,14.17937505374828,6.999400464889165,1.1726296308027713,11.274779286374319,201.05431320950092,12.0,52560.0
47.36373526025753,-72.07941447299794,599.3934279016775,13.173373262143341,12.194518854512678,6.155155851716227,1.1516382798605362,13.939861720113054,134.27750356130744,12.0,52560.0
47.253068526856595,-87.93513303815607,2024.4210794780126,3.5612329095573103,3.6775529650749466,6.851555071109657,0.997371124574314,13.164787743413855,160.39626586573934,12.0,52560.0
41.99164396183019,-73.60692526099746,518.1484604854164,2.548372398163627,14.293616048538443,7.063352376594195,1.1544355233116892,8.82076590425759,203.41000243543584,12.0,52560.0
27.122069763135165,-109.6631939988301,192.60311435166577,3.407649136981631,20.707760384949452,6.883692618990588,1.1740406065964157,9.899992585509747,191.477403833446,12.0,52560.0
42.19831670229654,-90.98096499381431,1693.806528620556,10.518839882719346,7.1776658175877035,7.885333388880056,1.0260506712779507,12.084183985005485,251.53532953409277,12.355151956507523,54115.565569502956
24.590085995011236,-87.36100171219755,978.0127260665381,7.049846973614718,16.7548978450974,8.121049461141391,1.082883255572411,12.813452949857904,289.9933970153369,13.852411129258229,60673.560746151044
24.530965236695934,-106.85231618609022,2209.6953250592505,1.5602103740450375,9.382538478635716,9.288838937574843,0.9549472411335523,7.608513235934492,382.678162885851,24.897992143598888,109053.20558896313
31.76664525958899,-78.20210130915598,1567.6070692029145,1.0833227054201313,11.064364006905818,8.340998429139098,1.0278623193509855,8.771980537131315,298.23531474667953,16.516027378701853,72340.19991871412
35.727436569711976,-72.85328100338663,235.1971671441526,1.2186815059649374,17.87058602622149,6.019210133319871,1.1794859217241838,8.078079584069517,128.6119375273918,12.0,52560.0
42.48977802738703,-76.21782364441577,2275.8986300637125,2.8081143325811198,3.5976748114016157,7.265690805703672,0.9668818252181197,8.39157587763226,185.42749790187688,12.0,52560.0
40.39908903855613,-84.09038329927388,635.3662874637852,5.451084088094857,14.068075563650451,7.632022129151601,1.1391881246341145,10.305416650741774,253.21201905108478,12.0,52560.0
34.701664953041956,-109.01690729485249,822.5657271669601,2.798425643646833,14.654106151085651,8.185626862309865,1.1115016946398422,9.950001027090725,304.8147400347126,15.045025538903392,65897.21186039686
30.56703999075998,-108.79273372629589,977.37978456683,0.28081611497372844,14.965609295371028,9.054617867595766,1.0896919146458603,6.630700501541648,404.467948557532,22.99548128582263,100720.20803190312
47.93098800378507,-71.97854269591394,141.91382544226553,5.143345459117774,14.769220646210886,6.83116613770949,1.205506373925042,10.187433270242371,192.14277495141923,12.0,52560.0
34.22835125366335,-123.44463721947263,1201.7067049088396,6.558972623395865,12.521254394447958,8.576286037850247,1.0694543967773131,12.731311631554894,337.3106444935784,17.38748043086681,76157.16428719662
34.83328858391221,-85.33330144492419,313.49800875919556,1.3671333067675526,17.669025372271165,7.268501750041305,1.169329279909738,11.943255833909708,224.51301747519756,12.0,52560.0
27.92697170860006,-85.86270722201584,974.3093775182772,4.36407365246328,15.77605222231032,8.052596808254481,1.0870398544377666,11.191550774941573,283.80715175352964,13.760342752919215,60270.30125778615
43.0754291699983,-90.37476478871093,854.6892954211606,2.2246304048282917,11.949235476473547,7.534526573150661,1.1176996616054664,8.23406427228423,239.03584464707842,12.0,52560.0
40.648373418755725,-70.53412231130925,1859.3593985550779,8.797203732073958,6.649331583042818,7.444986243154228,1.0071817662128009,12.837785235157602,207.81149081186683,12.0,52560.0
29.29847070693025,-107.15851046875883,1931.5458176859001,7.463145743421144,9.621183881805527,9.277868258597627,0.987725944184527,12.51579425343578,394.4128628797726,23.568425230271075,103229.70250858732
25.977145094780226,-105.6415193551646,385.12266008602944,2.9814014355677445,19.896120511049755,9.661098562144025,1.1505524029914136,9.369530920577798,518.7474161175808,28.072251549993563,122956.46178897182
40.33198324979311,-119.737272240886,892.3918259625584,4.704205650014432,12.546054069286717,7.692965325147825,1.11029043009547,11.906193190092978,252.74811519944006,12.0,52560.0
39.70826914274724,-100.08890062663818,908.5805232557594,8.594298869936619,12.636036117641272,9.925955197692337,1.1077684488501363,13.41754750157904,541.6714275139444,29.784429942760724,130455.80314929198
30.558228647957023,-109.9033795833182,380.3568565678824,2.738470722184842,18.5503902662056,8.39051856099166,1.156519338847549,10.732505295202749,341.5775435273023,16.40964221986478,71874.23292300773
46.82072549400985,-105.45711808240722,1920.3193420218333,1.5031441290330358,4.431866299666044,7.616403937610894,1.0075922709336884,8.524553929062666,222.58953306536165,12.0,52560.0
27.625389402741604,-78.9331233261961,1703.2034214383073,5.604270000775412,11.493162650547678,6.410451268483533,1.0093246705900156,12.953162264130755,132.94337572450297,12.0,52560.0
34.37603522502245,-73.48383626951522,473.10865138694265,0.9941852197517377,16.84853752417161,7.433669535971385,1.1504609240800145,8.396728430713187,236.29342016657685,12.0,52560.0
46.64678208402238,-113.97041411171998,892.7981424532418,1.9675650488087668,10.649176520073837,7.296549985888204,1.117656521213049,8.01511118631967,217.085615275315,12.0,52560.0
34.073455606226936,-103.88451769611285,271.8159591585038,8.03152801585848,18.147067563180894,9.364331289024967,1.1732322878373278,15.431701266765753,481.7085111108813,23.655066526103408,103609.19138433292
39.32462274393805,-73.85394964576872,1515.1317010814446,5.155543214447755,9.11182297032992,7.408487917125764,1.041665126565785,8.903352632315313,211.7809342936012,12.0,52560.0
33.542265551107064,-120.66234312278198,308.8651804257148,2.0687902275784498,18.08412925211359,7.209584710037371,1.168308678743177,8.354787666181156,218.9063472230313,12.0,52560.0
30.58116485636808,-119.01253148198556,2366.5233213273045,0.9669845580642947,6.626510615125749,6.956049724480704,0.9456316735454572,7.827757312642104,159.14025446534276,12.0,52560.0
47.61546355103587,-115.20928658286361,1878.0233377571124,1.7600298860946155,4.447220908146564,7.897081818677268,1.012828960533746,12.065985459324644,249.4055008992332,12.441168931404569,54492.31991955201
33.82401615156103,-91.85850695714876,948.7677480099082,1.3368823296665875,14.16018866647224,8.823405502181119,1.0965424397574735,10.970360058775766,376.62068218162005,19.886713033484643,87103.80308666274
45.458380888299224,-115.87449736567613,1396.9821588248635,0.7747724563964211,7.980592780561052,8.231348077426595,1.0611146429653247,10.25757724620849,295.90016887263295,15.310013640824087,67057.8597468095
29.51891054138607,-71.7238754016604,2188.993522595053,5.439901669381496,8.010365702013862,8.901571428865758,0.9620891889975649,10.8671506067773,339.3011894765532,20.586144810582006,90167.31427034918
29.114512896602,-99.8774155280399,1338.7562873420661,1.1617829479621666,13.233108406967006,10.29025279091337,1.049099144831664,11.60848337338743,571.56373919026,34.19288127989151,149764.8200059248
24.74721798922827,-96.91803014109101,435.3063976271333,2.421772288820008,19.96399621746872,9.509199245039067,1.143398764577738,9.895085777901171,491.58606631752207,26.435846410255234,115789.00727691791
39.64000380902124,-110.68043474650806,921.3139862831591,1.9501258523363576,12.580114939594676,6.54148134634066,1.106278608330352,10.342791555765562,154.83275481968667,12.0,52560.0
32.844632249370264,-98.5681463685244,2026.684778770794,16.086766402558528,7.98650165256416,9.799079437125705,0.9818083671286848,17.867694298862563,461.9048987867452,27.351009256936546,119797.42054538208
44.744597996151285,-88.25666383760138,1553.2269780552906,1.9843539638735557,7.257258732822873,7.518064472089161,1.0436603016536388,9.13125249273623,221.74166581840726,12.0,52560.0
35.35703776059737,-83.43643460448169,1568.7240347144448,0.33345027472803157,9.98054446353412,8.139682027731494,1.0316553212400976,7.897935756125163,278.1806683127483,15.218112171019413,66655.33130906503
47.23664226995332,-83.29112353366469,2083.035135938604,0.3764768684452449,3.3307965033823788,7.073710028367608,0.9913715968585045,7.974318128964152,175.44792450125036,12.0,52560.0
28.452612376874907,-92.79387991451924,2147.655876760761,3.573752623507412,8.578281026372961,9.22123825501282,0.9651102671312407,10.874441552518142,378.36823583913673,23.451812564940717,102718.93903444034
44.84695603093466,-75.16457215033171,2209.1063208350583,3.658803502844638,3.2912752657092526,7.494239441461195,0.9760608216275632,10.635921860237248,205.41378229433175,12.0,52560.0
42.6383244670018,-79.8599762454701,245.74107994251153,2.170359158788939,15.734056180244389,6.607145883843897,1.1867166342415596,9.264449851028944,171.1428351734492,12.0,52560.0
42.50212427145725,-83.11940180627423,1315.01988467218,2.261434834108796,9.359243410529748,7.512297391420925,1.0665744418429592,11.168289691703905,226.0890314072294,12.0,52560.0
44.274797474805304,-120.99730182925512,1782.4126604995981,0.2217657878944631,6.02308479456082,7.148192610783889,1.0190903662781297,6.0,186.1107413620417,12.0,52560.0
42.26457578263197,-123.62859004013893,1821.485891402293,2.907200655746625,6.39171191679665,7.127713446734187,1.0128438342143207,10.356185090953408,183.3847373849191,12.0,52560.0
39.02928771915397,-112.52784703144447,1463.9845606886092,2.810685370017179,9.507306320122156,6.362719416049769,1.0467553647335115,10.547697670001082,134.81664523044088,12.0,52560.0
27.1498770643773,-88.16972592867359,416.9538577371445,0.6479554261953947,19.353313734263942,7.01053540402751,1.1483059954798918,9.765128697623439,197.82501045269927,12.0,52560.0
24.780628307790046,-101.79533560034253,1917.8609183811611,0.4385425019964831,11.058645997376018,9.763394219580574,0.9843985057324313,8.185279771933855,458.08221013964743,29.405374764292084,128795.54146759934
46.100348347576485,-102.27006199783716,1733.8649737655708,0.5276051306445302,5.766705653133629,9.618908850552849,1.0261590442278283,8.566067159247467,456.6275490546216,27.85092247068414,121987.04042159654
38.79960754849771,-76.23230803560085,225.00313628670636,0.42601465962168356,17.01009891773045,6.989231417408732,1.1844218571305978,9.438746855750676,202.19233088875686,12.0,52560.0
43.11689498342823,-75.6396062008807,1123.8673827250154,3.7634424122420316,10.32172720862144,7.720081348922649,1.088015256716474,12.047465132481435,250.30563088078088,12.0,52560.0
35.5565364363012,-74.90453574110637,434.0662108618925,0.8750260159908172,16.728641803938284,7.089037915468299,1.1563320075126498,8.164372427379968,205.97497034773605,12.0,52560.0
26.815396535097467,-107.05058386818853,823.195368796873,1.1583630497016084,17.01620882668952,9.069589140516582,1.1023696450233698,9.015388769574038,411.20661377482804,22.533620087651315,98697.25598391276
27.00445901286121,-86.68298611207987,63.03299944953133,0.7625706171216646,21.52046429944445,6.804398971723262,1.1889800360900509,10.471831127491507,187.28969296883935,12.0,52560.0
40.453566893495314,-109.33180821118404,972.7850868176046,12.664688025558373,12.027219411045778,7.657770139502695,1.1015331938791246,13.049980324280401,247.328732361931,12.0,52560.0
34.327341477587105,-113.70706901397972,1328.7070723517809,7.7135473012150095,11.729555122613181,7.1156895889182135,1.0559324481518546,11.800113260951504,190.2204142846514,12.0,52560.0
28.81259344080808,-114.02984730324206,1494.6065709284667,1.0480304665234774,12.388582542186777,7.682870906200355,1.0323083669632258,10.387821454237642,234.07231983224787,12.0,52560.0
35.79826912179448,-105.52618847336592,1599.10702140633,1.587407002752676,9.665877135023672,9.466980664873875,1.02895212032686,10.263489601981568,436.51547156106335,25.93283382681266,113585.81216143946
25.541014489803217,-100.78228853188963,2010.3733251838548,0.942346800271201,10.275455701955908,11.212377870681827,0.9758544763568016,9.192342333274754,687.7779363480281,45.90927345279026,201082.61772322134
37.967313645945566,-79.1287447630263,532.8017193162375,2.708118747678513,15.412995590318905,7.833798089243795,1.1479372849126852,9.086555000876164,275.9340450002508,12.74996907845918,55844.86456365121
30.455841706442342,-117.52588095247354,306.7467374035537,0.079221481694723,19.022767063645976,6.4429609016393545,1.1648499324677297,6.98935069023433,155.77453762476864,12.0,52560.0
43.14141841529252,-84.31400424067571,2046.658469117063,4.451266889425235,4.777623660709867,7.443518357011119,0.9906820105186133,9.961301390564293,204.28621994562405,12.0,52560.0
31.44868701416577,-95.30143463377752,392.7384994445067,2.9622815761974186,18.20896289908323,9.299243531975378,1.1561611866898047,11.634978810700881,464.8697149530329,23.989019635959906,105071.9060055044
34.92528357796323,-108.45095149549641,2339.928993580145,9.156264679326455,5.4828409651301655,9.114560325391295,0.9526800445626455,12.739627580609458,360.6818127415939,22.008402601715417,96396.80339551353
24.278892957794415,-97.38774243522747,2025.240985968756,0.7183859773829085,10.56488619684914,10.621149979999366,0.9730602757803247,8.552739143517334,582.9406919334106,38.76214647887409,169778.2015774685
25.738725307069412,-107.80312823204078,1212.086322017246,6.520792612029287,15.005864475775702,8.25552465593603,1.0588926734736914,11.008026393383478,297.89004096175694,15.304639178234414,67034.31960066673
33.41984535376044,-91.81157441713148,2355.78299131442,6.280119145580916,5.839348445985349,7.555818088415971,0.9495760906186681,12.779400323467382,204.80674511657318,12.0,52560.0
35.51853203321096,-100.57242816581682,251.75661527705003,0.5441091698768947,17.833900698374414,8.821844223017656,1.17730815668574,7.679993965510407,404.14602474403057,20.695959281893458,90648.30165469335
38.40049315486329,-115.12210142974055,741.2965115967419,2.0337088366798945,14.03207298396056,7.36618991515029,1.1248885423862087,9.103112633822638,224.8061730516376,12.0,52560.0
30.999901889023278,-117.70451397399238,1538.9741077966553,0.7460540003899366,11.466184786513086,7.623467828117281,1.0300284648168976,6.427573840582571,228.17966938073783,12.014168078342923,52622.056183142
40.67956526703702,-94.47843316810497,853.0163469661654,1.1759838551564348,12.678032338091903,8.077944612839474,1.1150752713737035,6.769548429647934,293.88458191933654,15.049145692326908,65915.25813239186
44.64293753254091,-75.26969620255042,2229.5266737142847,1.2220058617096528,3.229958697952018,7.529801076357652,0.9737923547756189,8.7424113490116,207.86763463812576,12.0,52560.0
42.716423733440394,-105.42628492588499,176.1900898632058,3.2498531092487593,16.12793234078865,8.767965347671272,1.194960687143535,8.359723279311941,402.73566985532494,20.068118300205953,87898.35815490207
24.95085180836057,-84.41799420997835,1327.6001603050956,2.1201080633323612,14.549143495661255,6.560246167163219,1.045725274164248,11.798168805200818,147.62095735479525,12.0,52560.0
35.532166734187896,-88.43228683325259,1426.2617164003725,11.805545329419354,10.782779681341397,8.416747047767885,1.0468818871439696,12.609499463116913,312.1048490260947,16.145368595636103,70716.71444888614
26.518324282036197,-73.69603462728803,1573.4929345897933,0.5403939856053648,12.603545107850383,7.112346670381061,1.021586501431707,7.364026032966294,183.77392915053125,12.0,52560.0
29.80908038070066,-79.66702506584639,628.4856115297183,14.55154931752387,17.286362216611494,7.938893967707418,1.1274976341439644,16.750970631235383,282.0756828547075,12.0,52560.0
47.679902238411515,-93.403316019105,887.6680974972774,1.0487780446197723,10.370020743492883,8.158728425318214,1.119451585218671,8.191107301416922,303.97841894672473,15.28529638524737,66949.59816738349
27.419893029636317,-88.5203530953582,2027.9596606026469,5.929000277251976,9.606274127493224,7.058086232684418,0.9760294571276957,10.232425618354483,171.59072519298974,12.0,52560.0
35.97331568283255,-75.48713080446211,483.9637901489804,1.6558237707846906,16.304222554256356,6.6438553545496895,1.1511257208932313,7.843980855076493,168.79254774839163,12.0,52560.0
38.835737623634856,-102.42598563230553,1987.9454762726016,0.6176493681787875,6.421605855273935,9.930160466130404,0.9920651714071427,7.181804727908187,485.71219422915163,31.387648114460273,137477.898741336
40.8591592930585,-106.35308588368002,1359.1199065085268,7.8045925605340996,9.58753277303129,8.482356772279596,1.059983326775731,12.338689502536385,323.45855628562055,16.731042967068944,73281.96819576198
37.43156840368594,-123.4162014836994,1834.0062766419155,1.4776566876325394,7.7664918190427255,7.279280931137317,1.0063278060173835,11.228908920000432,194.07737919247276,12.0,52560.0
24.234500338060407,-79.36624199366094,1718.3855317070622,4.301795428201855,12.419336708339506,7.643498258655672,1.00416935378976,10.674602012790965,224.20922643152016,12.0,52560.0
31.835071397855806,-80.7470421782183,513.8773590160121,3.342934334683305,17.366214426547188,6.871358652200525,1.1428111872537199,11.425241188075013,185.38403865907733,12.0,52560.0
36.42507944123307,-118.35945602259183,1373.7743127126175,2.5527902660238015,10.829830291354373,7.293008097307683,1.0534561095173705,10.140045774608051,204.31795718237638,12.0,52560.0
26.108795979476,-92.84970141883419,2085.18110367612,2.7392835434231806,9.656274584100478,7.472859102736768,0.9689390426952605,10.980205003632573,202.17471609264823,12.0,52560.0
32.415046349020336,-98.94498829898808,1048.4366435885918,5.270625727581462,13.98486623376235,10.257328182714074,1.084027500037173,7.802418273436575,584.9423384013369,34.77682926519457,152322.5121815522
24.7968746109928,-117.58970884250797,2320.486033131494,0.3674652889236596,8.638021417913198,7.466175682334417,0.9443076506377528,7.855129547976321,196.507046007366,12.0,52560.0
25.8858839317205,-71.04931573872094,1096.271938242089,4.412658482798474,15.656603191031316,8.377411300614014,1.0715069825586627,12.21615759745994,314.98837401565066,15.936743508592603,69802.9365676356
33.5261586288383,-112.4064220769788,359.82981526956553,9.04623717067984,17.783173519731115,6.418551039617197,1.1624184773017934,12.741659315108704,153.6892552484761,12.0,52560.0
27.18517809703345,-120.3693542751097,946.8545385848623,0.23810074300569697,16.16331933938079,5.935942934939061,1.089202696873739,10.257828243646951,113.90633120636363,12.0,52560.0
37.62098035827739,-91.87824150689688,2285.0517272094785,0.6063315009350078,5.0033955292599135,8.872366035820875,0.9608954953310042,10.144467085082319,335.55561749130766,20.513863977859735,89850.72422302565
40.547159259294375,-84.10119943481624,780.9356214288531,5.044034597327918,13.15023849363857,7.415640189150144,1.1229707107701417,10.463463899043795,228.97305670616188,12.0,52560.0
43.21408077861799,-122.2480539134519,2086.0736204836094,2.299904157311269,4.519334043512945,6.770060067211288,0.9867550400898055,8.776146271531132,153.09356050715763,12.0,52560.0
28.803605861875443,-88.4292475087408,2117.3766224028977,2.067030203726984,8.65465850701998,6.710284437474465,0.9684943408012952,8.023891111410828,146.3153465794625,12.0,52560.0
28.019581974217672,-95.25623869862146,853.4439279100674,0.5892077058901307,16.473461840274297,10.163140581635792,1.1004056604750383,7.5980115452975205,577.5726490836851,33.787440436713155,147988.98911280363
26.509628168025607,-118.42368952074739,218.15322616050446,2.827119059378375,20.738192192629292,7.686075509045393,1.1703518377837197,8.217164558624328,265.7054031470434,12.0,52560.0
39.274325989047284,-114.68371064489645,1744.4478237979874,0.54119609561326,7.751015260497892,5.748452111947065,1.0175803963190653,8.839291073887562,96.64769246245754,12.0,52560.0
40.95541743568563,-93.32938794493165,761.3992716532867,2.589793492650236,13.144979139374591,8.135768042006335,1.1256416304061205,7.806620303574421,303.08596418115997,15.212150570640063,66629.21949940348
24.75806747581541,-107.99668887028243,1883.3582019330222,5.769178847857037,11.272430545657242,9.568885993916506,0.9878716413913817,12.185986928142487,432.7675249767046,26.449528837015414,115848.9363061275
46.46909390984855,-73.33095065282893,1073.5185388598309,1.1950495070904668,9.61816059388645,6.909645907613923,1.0974192789238864,9.470724140534578,181.01308323738064,12.0,52560.0
25.247310807635337,-79.78802760786127,1174.9348467754394,2.6217578932285672,15.376197677056762,6.934099452109184,1.062331397178251,7.579609449716433,177.09252093668775,12.0,52560.0
36.99111204722569,-70.8873708482622,1871.4243880615177,19.321247627674623,7.674120057463185,7.239316790842232,1.002008955524241,21.45253090419878,190.0790936351037,12.0,52560.0
41.01745246682199,-109.97777469667764,930.0247279266744,4.641743413481627,12.114615892393356,6.940851975142125,1.1069156870756092,11.401377201387241,185.064404466833,12.0,52560.0
44.903258969906055,-71.63492382890925,1074.6430818685367,7.364389770561304,10.081163817816964,6.049897072891206,1.0954756145920954,13.318271488070625,121.28767668422682,12.0,52560.0
41.13808637117827,-100.71337103125587,915.3333156717007,2.1435318562761108,12.166574194616313,10.70026802590844,1.1086845355699488,8.37572087191434,679.1441481489713,39.74634760566428,174089.00251280956
43.241473993675,-105.23398505305725,894.2704263599263,5.841674470562623,11.661935243737943,7.6625938589250175,1.1134838823891418,12.251859624505316,250.4847907869351,12.0,52560.0
32.14680462102734,-121.28112554365492,1271.7528530254733,0.16541009482609406,12.725441495538957,7.4766940209516655,1.0595995535103087,9.450918196562135,221.43210790473395,12.0,52560.0
43.555802729916294,-121.15067607558146,1944.9426779127386,0.5245880702227079,5.263603113548683,8.07294981465983,1.001520434221142,8.196422763328012,263.4672128491847,14.65622019450663,64194.24445193904
25.922756313232203,-86.63139217888065,881.0085823757067,0.9079567096588835,16.937121611776096,6.300322675145182,1.094990820066957,10.947080976893364,136.92062115262112,12.0,52560.0
45.47559974545266,-99.27183430056249,1267.7262348798133,2.0563365385714603,8.750962667085323,9.429396330959484,1.075066925433092,9.2866794850384,450.6684710214815,25.813927649199428,113065.00310349351
37.14221702768967,-111.7678321940503,1616.33103455339,7.476589652100417,9.159348684372759,8.513691050992312,1.0286164169618635,13.85489675180322,317.378215931501,16.602009674860902,72716.80237589075
43.61514647909985,-90.84560345843744,661.2658822026989,1.7002192631154802,12.947860763053852,8.139250242248655,1.1400902690926578,9.371742126579674,307.3706861485017,14.846483162720219,65027.59625271456
34.855638828439204,-110.34566161449399,680.5042756676943,4.252453897961843,15.460282697462075,7.12176483840212,1.1275511152999187,11.254098178205348,203.64283319460313,12.0,52560.0
39.4458646847166,-92.80788526540118,2241.5232423158222,4.94205058542787,4.717101140690087,9.524307350074908,0.967130919533634,8.959631630094995,417.78753411558307,26.81753632762588,117460.80911500135
36.63366386246672,-104.60272766293473,1742.012284527991,3.5293194840164954,8.557827134092038,10.223803410731431,1.0149710764748627,10.562856176268333,542.3268929459756,33.714501834261654,147669.51803406604
41.558148522127965,-79.52817976296177,1393.7042894114752,1.7679477474958951,9.170329706892758,7.525082132533153,1.0570670283271812,8.178798526988817,225.2196422125622,12.0,52560.0
25.95911956873415,-79.68240731859392,1561.5737295210565,3.4420368449170646,12.842821752253414,6.746697773027606,1.0222282033963568,9.049544140017014,156.96095440990845,12.0,52560.0
25.44845001577353,-98.22307850139033,89.73267458613572,1.6758162623940929,21.827068947751126,8.744819280888992,1.1839838256177186,11.098413578795629,395.8843105592151,19.18829861646616,84044.74794012177
29.930477616243515,-105.05576809590916,1491.0850580368385,0.3504043351933898,12.074346366905916,9.386947794948382,1.0338922868436113,7.9537183034412156,427.5811070719843,25.740117444891673,112741.71440862553
27.82907232271652,-104.42177098580889,1232.6311182736006,19.736907725976437,14.255491593543441,9.180506690257241,1.05900129764793,18.638182438415264,409.7004593710226,21.135404069679403,92573.06982519578
44.92280559821284,-80.49141561391623,1318.884237875057,0.544114964511585,8.609852893285806,7.97704963338229,1.0689063433095005,7.895511024976301,271.2917215140571,14.044555828328441,61515.15452807858
29.261135696593065,-106.27830792892895,875.4287078573446,0.30039612119084247,15.96908704387801,7.552308266368334,1.099398851217543,6.61969739800821,236.7905730601587,12.0,52560.0
47.42076613965915,-112.71079381983031,213.9078765568017,8.432376512503767,14.490322898761445,5.823135780036449,1.1963781578582209,14.780087269337782,118.11613576943631,12.0,52560.0
32.085499002506566,-119.42682953873343,480.1473759966842,1.4371973150349098,17.493466043267922,7.093463724596658,1.1469401384243987,8.027501496021127,204.68490341119343,12.0,52560.0
28.370829976528782,-98.79857147224195,2282.7724174461587,4.202683928116759,7.792116502364413,9.896116981512275,0.9516284350573302,11.15677027760246,461.13902402467,30.036346811075592,131559.1990325111
42.9527641714195,-97.96486665832853,992.7049582048228,1.5959787241473098,11.157940999345213,9.38980780060989,1.102235761765821,10.584915291540776,456.2623261091476,25.10964192826888,109980.23164581768
39.80898661202103,-78.59092963824301,1130.7059108774567,1.9867328746828132,11.273068551128954,6.0247262771006405,1.0834742963003534,8.591856507352013,118.46786943313872,12.0,52560.0
35.95669719487533,-112.05311039191254,145.4492998511848,1.215858178851747,18.34029504243029,6.807679104199761,1.1902369679323475,9.367941826038392,187.75895851241074,12.0,52560.0
37.32872522250315,-103.42647122190641,109.4076263146738,1.6805529705552678,18.14493667536101,8.71190869005253,1.1961502682072311,7.772228516447845,395.45374347882546,19.743992373845852,86478.68659744484
41.26084267853433,-80.34609009974069,1726.8918439712834,2.1152822676209837,7.260396132611998,7.871044535469345,1.021571398535531,12.204092843509011,249.07826889828792,12.226407676720681,53551.665624036585
29.48291379195117,-79.52432501955543,1300.665300608245,5.0978109679680355,13.35113405876518,7.360809441589475,1.0535595253073087,12.182342742320767,210.0902058271947,12.0,52560.0
47.91201398536181,-103.23100189714651,1230.7202424347147,2.865959611374644,8.242074349783168,9.55069150054686,1.0818844946316704,9.488448040311818,471.2543282595721,26.944476471028644,118016.80694310546
47.395035891522795,-99.20730274251923,598.6363824059515,11.498678373980283,12.189670938107453,10.633442783733114,1.151762634727149,13.971806547321412,692.3962150540355,37.55265770873273,164480.64076424934
39.60781647232648,-107.62256189413873,1792.5067412792148,0.1711306357969226,7.362614610626768,7.566589613572937,1.012959920188357,7.965882518070601,219.41322763848618,12.0,52560.0
28.789018822299482,-73.64203656535715,420.40305827821066,2.797210929679801,18.840876003640894,7.29075507749547,1.1498464493786913,9.270346090986058,222.8062554245968,12.0,52560.0
40.32547781835099,-117.59323664995466,472.04468991322767,3.510442090141199,15.070088515015337,5.802011116683938,1.1577073929893555,12.449798718884127,113.05882841610985,12.0,52560.0
25.73276181550022,-73.57753115792062,1116.4949678088956,10.11277602698711,15.581201648496563,6.66976713514863,1.06915449172063,12.597023949534382,158.61435281235092,12.0,52560.0
24.735660052939345,-87.07121160089147,701.3460718264193,0.20163168734600506,18.37122555315968,6.417876400067778,1.1134935846757563,8.282740720355847,147.17422929807975,12.0,52560.0
30.184389324269127,-95.29510375491651,608.9618953348884,3.4085677554505507,17.29091183070993,9.52816719470791,1.130129848622079,10.023134973309878,488.7946656849936,26.589493392846876,116461.9810606693
35.10295096174359,-122.23641071763723,1555.6655940369294,7.686468512757301,10.135121147255349,7.327556479481165,1.0327483824372128,12.470988747240536,203.16179977980153,12.0,52560.0
44.83854012980113,-98.31780564161156,1569.312753620136,1.1079062095828953,7.132561439338845,10.037217656950379,1.0420626821473455,8.534403739823727,526.8704889069326,32.18771027118898,140982.17098780777
41.45205767439139,-101.98160232985245,1982.3506261238315,8.359336585580344,5.670278940939593,9.30529641576881,0.9954294648808336,12.876316979203626,401.0247085983215,23.735578656763916,103961.83451662595
41.824956508799545,-115.29418415334338,1014.1463893956826,0.07690828168239001,11.367634710986039,7.069950864950881,1.0985623383235976,9.093824248607953,194.108206596062,12.0,52560.0
34.211840026753805,-88.55388141096452,193.94251664223756,5.273864465253271,18.572792892120436,6.426412272190833,1.1824441898105649,11.895100014942885,156.91208957592923,12.0,52560.0
32.30243982112711,-71.55785100211256,671.3259961130692,10.819015828871485,16.281312076983454,7.3471825841264815,1.1255957233392135,14.994103430970235,223.2106624842025,12.0,52560.0
32.904930311630466,-93.64180420251564,2352.4130024084243,4.282405083713601,6.014042892060315,8.250885663999128,0.9493823797264632,6.928655815653839,266.63237324926325,16.28943592055719,71347.72933204049
47.703589529665386,-85.40332307202692,1439.095409053831,2.3123460125022484,7.054350686777397,8.356563297231693,1.0591451141796027,9.747161456497144,309.03565769146326,16.39239096358872,71798.6724205186
24.96262059389958,-120.3036755614351,1709.1742618264282,0.18367742472473123,12.256168250871557,6.235522213075272,1.0058854910421158,6.123439222630739,121.93743079327214,12.0,52560.0
44.808755906938764,-101.44598222588229,37.511634508486594,10.108609295167954,16.33230342086745,8.21737910659873,1.2139610214192953,14.840749772863761,336.8020429922389,14.05938488084264,61580.105778090765
37.888209805737446,-117.71664180111722,1253.3296425943997,2.541749357694476,11.11355920271237,8.486035201004018,1.0680063843908456,11.294446455701303,326.33100615643224,17.021365613500027,74553.58138713012
34.52677006055017,-90.90902488102844,109.31820492569143,0.11770183119334518,18.986059752280802,6.847814312408816,1.1927189683868258,6.959134163609746,191.49791795897997,12.0,52560.0
41.40618384996328,-73.32196345643565,1374.7679047776462,4.682423835002161,9.32953741634514,6.408973250875817,1.0589224386594236,10.495317434190047,139.3797022417286,12.0,52560.0
35.68005459419287,-88.26400244653152,2211.434622133859,2.629863615129428,6.027375888938982,7.930970953501832,0.9662141028958452,8.85869132301406,241.00300319493053,13.479306795011627,59039.36376215093
44.962157713959854,-119.85263539102124,2324.837530590971,0.5311338550232748,2.5623275022662177,7.184297651401143,0.9645914399709162,9.801198443922127,178.84069936800128,12.0,52560.0
45.6168447362702,-104.84802493080552,1306.5153674256394,0.9645774389279783,8.475854374565102,8.618946952004535,1.071032264191546,8.692779925683274,342.87449532514074,18.744920555930452,82102.75203497538
34.12130224496293,-94.26417751019402,1110.527436500274,0.2666566848721509,13.100444707509478,8.105775404375782,1.07920313787932,10.23398926760289,287.38023927782405,14.385561966284481,63008.76141232602
30.643867133641237,-102.22678116880438,2269.140684311416,3.4160209222909024,7.191995754039134,12.020424963839556,0.9552916601270639,10.546117596911406,829.5937202041277,49.363470600772146,216212.001231382
38.216407886240695,-78.98322343434069,1623.1914001521343,3.8917562953716227,8.795929233214986,7.21315979381261,1.0290731456241504,10.625993993985958,193.1047289029387,12.0,52560.0
45.89672029480059,-80.00776574566058,174.4602853014145,2.8187929382603856,15.184222199751337,5.26427916777331,1.199118635502995,9.773123902079634,87.46793892998362,12.0,52560.0
29.055892536136,-90.96112491442605,1128.4268748486443,6.79530954311224,14.512670990067335,9.02334811148227,1.0715694857955302,13.05877624497615,393.6347939508698,21.109217246919595,92458.37154150783
38.95119800552359,-103.83327096283392,591.7831439450433,7.893379242051457,14.763941734672667,9.654232764499598,1.1424050725943276,10.650804107336462,513.9766905029836,27.68300746052452,121251.57267709741
39.15744528222049,-110.21183581678481,1138.134285047862,3.824540283270851,11.42396070504668,7.219209811002402,1.081921468660704,10.397136916587122,203.53295337132522,12.0,52560.0
41.59471253796674,-118.28278681649101,1104.0080613751409,0.0513541689103155,10.897537870359132,6.610138035181376,1.088435313071892,7.946756768872631,157.1825079245329,12.0,52560.0
27.157624443054235,-104.83552509172608,1405.504630699086,4.752787022653892,13.419684882889213,9.70485146742238,1.0398890919664714,11.722174806181656,475.2517291842374,27.925330984363583,122312.9497115125
41.17979915237012,-101.68868407078315,869.1137670312179,2.165133943015707,12.431377652101654,9.666211284814496,1.1138682946123817,9.07383843876058,503.0054583956346,28.19755674385795,123505.29853809784
45.81678049597538,-87.50556204438003,410.96366970510877,3.3347665617710973,13.789183832976736,5.766724542205789,1.1714126441896793,8.754378616067454,112.32269963008832,12.0,52560.0
28.312394612885807,-88.45936948793104,1218.8522543240958,4.188794869071798,14.193168090189683,8.842513432043788,1.0610120833927812,10.522097731346719,366.79002709814364,20.162454547606615,88311.55091851698
29.701039798173063,-120.21416045937212,1995.8828647429136,1.724588017624871,9.114390872090599,7.159063521187751,0.9816332158021807,7.7353441759329105,180.08929470484424,12.0,52560.0
47.31348225699935,-102.65599696671748,1600.3491028008934,9.960408741200522,6.203860706094833,10.918825018600964,1.0415447310582033,11.665930589615332,677.9156332202801,41.58099047406371,182124.73827639906
28.343446865027754,-114.18394117026246,825.3155209020136,0.5753653944477943,16.545072815079592,8.14378140093269,1.1038796759903144,9.217766214451267,298.10555206852433,14.918336912836137,65342.31567822229
44.5052422408699,-115.5321139128925,2246.54479416608,4.453017538881177,3.169158562742549,6.850680419326224,0.971939100040352,11.36668441056231,156.24645878205672,12.0,52560.0
35.814668554752835,-79.32568391418872,2191.0540195730537,0.017476442540812414,6.109275316135825,8.21789688971849,0.9683898264397873,8.570994998316776,268.7214202231027,15.63070347873792,68462.48123687209
29.933545785676248,-121.7365782973221,518.2491905341551,10.342504097166822,17.910441121092195,6.533389318022491,1.1400763024035327,15.769016564635065,158.97159705512715,12.0,52560.0
44.897997630540274,-101.36412470128545,113.81385258646388,0.4774056592523656,15.847717595319132,7.867962612869213,1.2050271022861305,7.488405127186709,293.4632222181165,13.384072323312488,58622.23677610869
34.68732612006397,-114.91700258860801,1784.314725874814,0.39876968389890793,8.887913808731927,7.191985761279802,1.008501863846467,6.521924839013839,187.58286568335896,12.0,52560.0
36.355616494312564,-76.5161683533624,1989.7124220109847,1.6199067079537315,7.1550405196403215,7.737318324028438,0.9892523779032915,8.887908292602585,229.11235075071033,12.147910056715066,53207.84604841199
32.621600865594374,-93.9198122831481,2323.5176669642256,1.8708492559087693,6.272413738536333,8.701090731671249,0.951941079116819,8.70550919389817,313.5459277760178,19.42041259102329,85061.407148682
38.23082043443826,-111.5054456356502,2137.8106179301794,0.9647213233973563,5.703890162087445,7.577182369984564,0.9762551890390889,7.568077933914331,212.35210965805481,12.0,52560.0
27.924572942040548,-96.86892649301568,1449.2727483312674,3.5190798423657563,12.926991627400229,10.52624263751229,1.0361096807187682,10.015628921234098,604.2210699717771,37.28424591480001,163304.99710682407
33.38595687964226,-84.49973657603175,1281.5245673254663,2.340143313600324,12.295065532154524,7.430414393216933,1.059932010657431,8.670159812714692,217.41380542179107,12.0,52560.0
47.2658957360469,-72.26162751835058,86.26170200495537,0.1390929219412535,15.3026610671562,5.773817817174609,1.2112632816620688,6.0,116.57294964682585,12.0,52560.0
30.195202384827063,-112.09591577074738,607.0423434905713,1.540603754072347,17.299185223608454,7.779418744110207,1.1303584548107921,8.394950223490897,266.0894392489213,12.55359909794686,54984.76404900725
39.761679948991016,-76.14618430501537,1113.8831091243649,6.652049196102956,11.388197360556507,7.394362683520013,1.085254419052592,10.627579317617144,219.38342491593446,12.0,52560.0
31.804561541392676,-73.54757783495552,1515.8392821988914,4.680882615682136,11.36359584438885,5.59843516707099,1.0333311447769622,11.086507255342388,90.65869917537067,12.0,52560.0
42.56335501647841,-74.51329059526842,1346.2593632978173,5.16205867283283,9.153437315269572,7.62194237819876,1.0632842123678266,10.309993493810913,235.40536338729382,12.0,52560.0
27.140967857240398,-89.68762472945687,1787.4736554424235,4.7908620096591745,11.13286771017334,8.171251845281308,1.0001474441312774,12.208474974764766,272.8348366142153,14.373661088246486,62956.63556651961
47.27570508188507,-89.98968466052578,685.8452955111572,1.4898994101683085,11.702216702367537,7.62735841589249,1.1416924287111438,10.818578926822424,253.30373262158827,12.0,52560.0
34.890948993207346,-102.22662580807358,1364.5872062128863,0.41994866178798873,11.345192064760479,10.528893525271048,1.0527303217437183,9.06722684468708,614.3775503324589,37.55218408987215,164478.56631364
29.665211120315135,-83.37051435559545,229.77853927008528,1.272384692382124,19.72176542828495,6.261728048761232,1.172787813305773,6.90219939704929,143.97001660356113,12.0,52560.0
25.763921935920305,-95.31012300904968,1004.5239461280325,7.130056561622526,16.24367974245571,9.395869453513903,1.081314082022027,14.084269135628361,448.4693687877598,24.29276340982737,106402.30373504388
28.07418972210098,-87.41834415367211,1805.3827824319503,15.743377536141924,10.745446388778005,6.527958332202681,0.9992984171307698,19.336891062133674,138.99440693824596,12.0,52560.0
36.47457476534443,-100.86327319216505,1670.2940311611246,2.7236652519317817,9.035863383429925,10.44787418056956,1.022251903280239,9.656747764728598,582.9237283386005,36.46819267393879,159730.6839118519
32.08807623435087,-84.49919094167049,2377.729714469786,0.03899083941784719,6.107198842876022,8.939203655360007,0.9460612208669473,9.610905896053346,337.8980925965146,21.22836523081225,92980.23971095766
43.89320078118263,-79.47853804935434,681.3808798508593,0.6034999929001276,12.743754486540057,6.3900619613408285,1.1381448311156661,7.700089830084062,148.48505449115157,12.0,52560.0
34.341300567883344,-116.09244214344793,1205.6905320340704,1.5549073630137928,12.463466637430576,6.788996145184729,1.0691515706633161,6.693449295988769,167.27304735160885,12.0,52560.0
29.969142542103118,-79.02179535899168,804.2823847821122,3.45655203923459,16.183562928676388,6.646733646995713,1.1080702877695427,9.161589897194842,162.69048028358213,12.0,52560.0
38.811479678496724,-94.8239872833234,1068.635411460836,0.31225114121257336,11.944743627685968,9.123859808670977,1.0891094854451202,10.262511723981252,413.5969767202507,22.712053431185343,99478.7940285918
40.9626532052507,-78.38804090912788,2059.5413090891434,11.483968553859494,5.353956183889929,6.727793055929341,0.9870498092376384,13.101085223981928,150.28891395692835,12.0,52560.0
28.009005789622798,-100.70970785758522,1648.4175989485982,1.8170482308941944,11.70679266942157,10.464328375881234,1.0153992207835087,9.089654476854308,581.7560505332112,36.7991982729769,161180.48843563884
28.022861190919624,-103.5318137893161,2120.2100354072445,9.748317758717802,8.871881430280645,10.348115830109927,0.9674070187968459,13.889963327238936,535.9978926061109,34.273331635970585,150117.19256555114
24.880114246405032,-74.58672044406998,504.3564378298898,6.066009522358187,19.50982709909915,7.352944666137961,1.1357367465914947,11.024036620653538,225.75198366347834,12.0,52560.0
41.673648361575374,-110.43685955238632,2098.5994604626226,5.633133795372362,4.906308728751656,6.695167992223475,0.9838471050836896,10.847654357418879,147.63252655241928,12.0,52560.0
39.93130866292332,-78.41253443454826,162.23421254455494,3.7329295364395985,17.047202125855673,7.281118260655453,1.1931554949411185,10.326456682947203,230.28269581647152,12.0,52560.0
35.39114101799554,-97.86288908449218,2134.8662874404226,3.94238979311942,6.573459969958806,10.734248973888759,0.9735773268914847,9.69083906554998,602.0817293060697,39.824850435302594,174432.84490662537
44.260090775260736,-96.23884610223197,803.1955951165324,4.064480017031043,11.902799196722587,9.934449506734936,1.1248582735555572,8.732217813617108,551.4412266590209,31.045242689313174,135978.1629791917
43.33608367080127,-107.34271279956786,768.7185675254782,3.963210079400626,12.38686349360675,8.527099029581787,1.127634107092098,10.635964379172522,349.5764178254651,17.514248571580573,76712.40874352292
38.04850474552205,-93.05572116657315,1238.77081254282,3.227308663591634,11.152823701086465,8.700524738168701,1.069757111925954,11.224425097088947,352.282869589351,18.785966901624526,82282.53502911543
44.838510732318205,-106.4385954010846,2258.8426467812915,17.1948671546014,2.9953908996167886,9.628854502147304,0.9710579174500886,19.360407315144947,433.4500035395647,25.25157422410679,110601.89510158772
28.940189040882437,-121.87945163095077,133.71964794174477,5.271412373843844,20.5156254000848,7.863537721763924,1.1830695889253917,10.191164863438534,287.63002470491256,12.677890330606864,55529.15964805806
26.686070865545467,-109.31207531140477,858.3097206683739,6.001372502480774,16.844320416326116,7.157443771198429,1.0983521154583584,10.099350003035253,201.3656692532803,12.0,52560.0
30.47399067640775,-123.6555316560441,2058.641333066339,8.237389242006582,8.50595479867964,8.225537592274668,0.9761130011477933,12.601408086618214,271.62077009616917,14.680408003368411,64300.187054753645
25.370084546143556,-71.16884149892974,962.6096562964108,0.9715475113766894,16.61331669837847,7.144390927978841,1.0854370513246245,10.46427831858081,197.911156870328,12.0,52560.0
36.74806867202477,-71.84965066973363,493.99341628101945,0.3501005481817268,16.011618900706452,6.880824568930749,1.150905889756039,8.98477802366049,187.46978141561672,12.0,52560.0
46.47853661507908,-102.66161393649553,1031.0101515687602,2.638032963150836,9.870378106063718,8.64134607635751,1.1021161540105802,10.42757739004358,355.58347336100024,18.49511162203152,81008.58890449804
24.94424497604423,-84.66797386565912,937.6149535501729,2.886850836946985,16.891036785885696,7.051863894201136,1.0876865711788533,10.799938844310784,190.71530007752614,12.0,52560.0
26.930637936240643,-105.32647068583705,2198.6905594907544,7.068621314202904,8.72866526218328,8.54055722080162,0.9584775152792057,12.746092663544044,298.5455168473704,17.0949400833845,74875.83756522411
34.85277667880244,-87.7609695173573,1833.403814268571,2.3463912582920226,8.54374411074784,7.3359970565630865,1.0036259136479477,9.552565012111508,198.11589276869617,12.0,52560.0
46.41300042066972,-80.50677767551713,1222.1750226707352,3.3838232837141624,8.743049737774676,6.524465637463074,1.0810876438715573,10.825062246206059,150.1294012360512,12.0,52560.0
31.587746519442014,-72.875162786619,2372.3219487973392,2.995239509812972,6.289744351383359,7.205993430879682,0.9460839010256133,9.141744380826161,177.0032507104591,12.0,52560.0
36.17363540852142,-102.38853710411772,1127.3605244366975,0.15580657785277952,12.383746230823391,9.521732490208016,1.0796991099698996,6.396128333072083,466.03729793731526,27.433189169736536,120157.36856344604
24.99774861720941,-81.70190892037343,158.60603735225504,3.820281094039517,21.549039190723644,6.653736061059004,1.1754361433954077,11.159764977972898,173.12737856312958,12.0,52560.0
27.560236823090133,-109.63986366586559,644.212885919664,7.0420499812758335,17.866651637554973,6.529046315225795,1.1231226715647056,13.71051571566457,156.29549006596744,12.0,52560.0
47.679122951012324,-70.52205559514299,1057.847742921964,0.6855290691636423,9.349176657164518,6.225866530007809,1.1005573362491916,7.069439114270948,132.79511384912848,12.0,52560.0
47.16284871446509,-122.60844166672504,393.42824546776586,3.608878128032131,13.490575912853878,7.146001996145197,1.175095782594359,11.151632655718359,214.40389534775747,12.0,52560.0
24.11855954242583,-91.40944444893947,2275.2050006512222,3.601773316139272,9.113202133364918,7.765837365184885,0.948070778591806,12.17798284574939,222.01158572272212,12.0,52560.0
46.843482850157734,-88.38667699082833,1845.1003768063,0.7173917569912807,4.87635288411488,8.480223165140599,1.0153944343883228,8.427739612086224,309.61830358029204,17.691818395995675,77490.16457446106
39.338878507572005,-86.84553991799704,658.5235370180989,0.5271080668239764,14.247195225619809,7.386270338515894,1.135310518376399,7.33466221840429,228.74955736652305,12.0,52560.0
44.83003906848053,-117.49907074538919,1426.1147897726396,15.65849413077682,7.9942995408200055,7.78393615155847,1.0572842300938807,17.5427188866982,249.3213981563518,12.0,52560.0
34.91375653521262,-73.31939169245095,1737.0489939207814,2.00164793537167,9.103579075911524,8.398685802829323,1.0136292191299978,8.54034799938216,300.2500780249792,17.02138032488999,74553.64582301816
36.374304685902004,-114.21610293129552,2260.243850798179,1.032087813208916,5.526245489440322,7.382942532335282,0.9620706338521999,7.879176555977668,193.58220246188753,12.0,52560.0
35.73231792616608,-90.37131622504859,2118.2921310374772,0.7517067583488468,6.570551835925313,7.675610663287536,0.9755990627358031,8.970844935735158,220.58714070657294,12.0,52560.0
40.00474218110651,-111.97549172735341,1246.1574982089485,4.405685484793412,10.521632356414354,8.161719681970897,1.07117181925005,8.718935920840172,291.18846488106607,15.175457968039298,66468.50590001213
27.35163011415151,-107.41031348085137,1863.6732351073817,3.760748943377028,10.612471555110256,8.913662230320952,0.9925850118308053,8.523734659035545,351.48454756511165,21.27715969370586,93193.95945843165
24.71936615694427,-94.49123874668129,1357.9045141096524,4.1262690294219535,14.436763068258804,8.882428638717993,1.0422650249819445,10.498910474101903,365.210579701563,20.512236614304996,89843.59637065588
31.390318598188582,-101.47155539751287,1335.4352583083855,0.36848759217232174,12.570292870693113,10.993983313924966,1.0519598477387142,8.194322308608475,698.9311367416642,43.38331205948424,190018.906820541
40.91233830567952,-115.34781754726866,293.08586084489673,8.95974029701185,15.967783343226767,6.696010973607716,1.1790795294102343,13.788109670655032,176.99523472242237,12.0,52560.0
28.84448285095076,-114.7694342692742,320.20762607844193,1.9723776648435742,19.425409388244123,6.917002722230496,1.161378685205723,11.43369706508621,192.17535645499075,12.0,52560.0
40.162378399798015,-101.42018143920882,1280.2900037534487,1.5038353635320134,10.269546457539903,10.026765474636658,1.067667956809135,9.027718061410193,538.1319575931816,31.952333362035777,139951.2201257167
47.27788910657449,-83.10671917312297,659.8904770500358,2.4822751185424488,11.857290405727438,6.442610749895251,1.14464224756467,10.207171651527222,153.0472231513655,12.0,52560.0
26.25361717894604,-75.50990907021942,70.06782785591534,1.9776185287377803,21.703507879180698,6.346709552279292,1.1872497906223818,8.01593159450511,151.76023059686705,12.0,52560.0
40.14245083740303,-119.45710623799333,1740.3573052825052,7.967979796389291,7.515120917084058,8.394671452682003,1.0189499077979332,13.70231307405342,301.39354684218347,15.699565467802032,68764.0967489729
34.65000526330971,-102.77238899179234,97.3181001225926,10.595031523856473,19.021089820271534,9.180688007893707,1.1942778679294115,13.72534987618107,462.0628737532715,22.365277082733726,97959.91362237372
44.835414105060124,-118.58673955896467,1436.7588818276497,1.4464812741086874,7.928822477516068,7.375381403993981,1.0561523199108516,8.953593763562523,211.8605100635332,12.0,52560.0
28.251594946737264,-123.10400604583971,1303.2812300230082,7.978514002535996,13.70483413584077,7.197838683838331,1.0519242811598966,12.656490051438603,196.1375795671045,12.0,52560.0
40.62302285342795,-88.26719113722635,2325.7789635751747,6.0843005041448395,3.858419362520566,8.027216660082416,0.9599651365879298,12.890149384383742,248.26781403613592,13.153259154991753,57611.27509886388
44.11476695155464,-91.46773013380425,1172.4272716473872,10.683461178157607,9.731006284649283,8.630705039095508,1.0838622947345595,12.838104841644565,348.4038426001283,17.80501040656729,77985.94558076473
46.670741267376556,-115.19696785399614,171.3714185791577,1.1281272593818228,14.970549108312087,7.088480317526695,1.2004491801471529,6.0,213.7830147090234,12.0,52560.0
40.3979526789515,-111.37410701297453,1333.0173633793788,3.4411461311224025,9.882510016038282,7.410426042347205,1.0622635718895475,9.808568442167932,216.13834649022868,12.0,52560.0
35.93219433620226,-122.719781303196,2021.8088860663213,1.2838226494321399,7.089488382741397,7.692145822197239,0.9855478322686824,9.332531097945433,224.2798399159514,12.0,52560.0
38.82833376482913,-78.9128508925022,2392.5012965898272,6.951233223466302,3.9964920910122945,7.860829774139181,0.9515035040510463,12.35346318504878,231.09235137775252,12.118671612999083,53079.78166493599
44.85371962748924,-71.36670781337821,1044.2167533799925,0.021353658334865626,10.278583591473275,6.528159612242138,1.0987657664584387,9.491457279897613,152.8436559045051,12.0,52560.0
37.69463391933191,-116.6851850130867,782.3110071422471,3.327974467109982,13.997743781346944,7.277040441727472,1.1194704668734787,10.521631889281592,215.69844320805097,12.0,52560.0
24.729289432724084,-111.5003384566739,2177.8348467457577,1.6572369975665273,9.514204089708228,6.286296964669286,0.958303219753661,8.317724200308085,119.03032827995516,12.0,52560.0
46.34276869216747,-77.10588570686556,475.1562672011689,1.558467669422709,13.24623178914275,7.296234822919762,1.1646456488870922,6.144576416686009,226.18313622028566,12.0,52560.0
40.54864202475747,-73.97095491036602,1484.7208177783655,4.141494591516524,8.927082485902568,7.818554432202175,1.0462444386293777,10.200122073875653,250.02449510358616,12.36755717465777,54169.90042500103
40.236321258653916,-101.34012132843225,985.6003295506556,7.628262431190763,12.015501645099892,10.453707084712663,1.0998682623552054,13.810508261423815,628.2343162551108,35.49677681501977,155475.8824497866
29.176203657545212,-121.26638649747,117.77602859422157,3.7581902645324416,20.54048273117111,6.196992475162219,1.1852140932452637,9.784456819518928,141.02941931497162,12.0,52560.0
39.813251285583775,-121.87284098058775,846.5465688475607,7.674000442305424,12.976745201239504,7.37711814954211,1.1147826231977487,12.638384581796572,223.77955810547425,12.0,52560.0
33.45274573569981,-93.00670723227344,651.2438835563655,1.2293471313856228,16.056712977951864,9.304177398193003,1.1291958375527305,9.243240583999423,454.7505361350085,24.633324704983252,107893.96220782665
39.62959144899581,-102.78366411976833,1652.8969463854987,2.9317276426081658,8.193740886988266,10.8442168442558,1.0275112497976109,8.540685736465122,655.1657256537577,41.445187884086074,181529.92293229702
26.558232727391776,-122.45276891080665,2278.121384506765,2.3952520098675083,8.36380187474188,7.486248261008952,0.9502481623827131,10.185034281887086,199.3424163895098,12.0,52560.0
39.78828731047287,-92.50437081512193,657.9523059611579,0.04685292939763881,14.115799971091192,8.2669458520892,1.1359078956406365,9.99265790564063,320.88425049999563,15.644922595176858,68524.76096687463
47.985929418496,-123.38966302419279,1951.2889351810027,3.2550461708306995,3.8964875633651843,8.229810128353535,1.0056707689985667,9.74565168022633,280.28204546323957,15.426436410029329,67567.79147592846
25.157088932653345,-81.48191425993926,151.75636431341468,4.333212191366103,21.542335134323512,5.518760303577212,1.176421222271054,9.245050008620899,98.86838726771575,12.0,52560.0
47.45218042131162,-107.45262757401794,1300.7280038947554,3.585113333963815,7.959977850237983,8.19337111573405,1.0737565749956521,10.07114676795192,295.300185695683,15.072393771210123,66017.08471790035
33.76579105734889,-121.82606783750147,187.90915162954911,5.331467843735668,18.74280777301804,7.570340252571975,1.1826047612655348,8.529619775910758,256.54043454862807,12.0,52560.0
44.898082808094216,-92.22898006690971,2242.998518890922,3.3883604600997828,3.072584044226204,9.206655541109878,0.97270960752167,10.43730019283181,379.5411716387679,23.42633082677428,102607.32902127135
42.77725161739856,-102.52504162061504,1843.9160477265887,0.27632973706498226,6.103328228420898,10.208275262531213,1.0110811465318508,8.708527095417283,537.7905083930807,34.0063791820388,148947.94081732995
37.60839026368003,-71.41477767871393,1585.9207886669299,0.4952093196382182,9.20195818889441,6.3252635080375565,1.0323154103770378,10.307889144397606,130.62258771580017,12.0,52560.0
41.72278102203184,-94.61327222480008,1980.8733882667009,3.6300631536366157,5.597925363790241,9.14853539484834,0.9958704084629222,9.94524414110202,381.26553651583873,23.01599173236932,100810.04378777761
45.084373471232354,-109.13708422400155,1561.0971134569884,1.2862196952532268,7.108105277888365,7.657292168508381,1.0432064104870482,9.2619142229277,234.18868392138683,12.0,52560.0
33.69936771962479,-85.69030130976536,2326.087665274813,0.33198381601375704,5.933663692463686,7.83731520960478,0.9527901071453041,7.165644566745172,229.33439059191448,13.254252907252146,58053.6277337644
31.84879587751773,-109.33943186269359,1719.2199159181562,2.2456888783440827,10.130041741235743,7.495368484646114,1.012180258326651,8.919700782376356,213.11147349351788,12.0,52560.0
40.02224125352603,-75.1708622639915,2220.6874908057475,3.2326396110753293,4.669202679107707,6.779198013566623,0.9698170849246829,8.10936124265056,151.07576191800763,12.0,52560.0
43.3883026065902,-103.76501359260168,1250.7739029853185,1.5944306271559918,9.478865800111027,8.061726284605042,1.074518613169629,8.722910830753712,281.4933200546006,14.443395614804986,63262.07279284584
42.294843234638776,-94.30709761008492,298.6133028968331,5.098063252703499,15.519867212227371,9.282582336688932,1.1801302189589076,10.69246696739982,471.96127525265615,24.06838070184695,105419.50747408964
43.14752757260723,-121.26905239349165,1277.0629769867808,4.128721585496943,9.393363866297147,7.025234554243391,1.071400861769536,10.836272670604842,185.7395897744842,12.0,52560.0
34.45399955551039,-100.98945315057954,321.9573307901621,1.618771791752329,17.73205614860591,9.686817358932977,1.167895516443631,8.222946818652229,530.7833970229898,28.617847184357117,125346.17066748416
43.62802118820052,-79.05236885830627,1430.134480439844,5.623907654289081,8.33078676090078,7.343477636293798,1.055500433854704,11.474359013743559,208.99396736932027,12.0,52560.0
26.8850173288946,-80.49496451037953,1168.3334840558377,4.184402432135069,14.924493896996594,6.5301986913895975,1.0648528435776718,10.110585392551842,148.26504917998133,12.0,52560.0
37.067738351060385,-111.88679782190958,1501.7294468420205,4.058320546558068,9.869301813629761,6.744637688263003,1.0405875005165302,10.037193061975424,159.63366482851123,12.0,52560.0
24.138207851954917,-111.79173016542961,43.911814910499196,3.2246158697793503,22.495066754950532,5.703802988965097,1.187753382724521,10.031204313023245,110.20208963823619,12.0,52560.0
31.790059917606488,-79.8655131404852,483.72037013976654,0.0458201084417336,17.560659803879453,6.461289163300869,1.146184055261064,8.076119595845451,154.5901788322356,12.0,52560.0
32.79507683691355,-73.75848531085643,1189.3664279508714,4.769589350199233,13.025278381220708,7.535359159990354,1.0691772575355993,11.775162456981505,228.7344545189863,12.0,52560.0
33.50814459862213,-118.8505102512578,2282.1984765821408,1.886687543147347,6.254365760920514,6.957164858878592,0.9569345369079179,8.987240884932605,161.11987539018318,12.0,52560.0
40.69121296055669,-99.69683347098383,932.989516045277,11.431520625975951,12.194699015561328,11.212070419500675,1.1062077698295547,14.439049956637968,779.5862294849491,44.593626153852036,195320.0825538719
33.3253944304883,-105.77746893593164,1030.0054220076504,6.814659680023849,13.822349138807606,9.552690505016619,1.087071192216511,11.871826873909638,473.81097200613874,26.36831707186194,115493.2287747553
34.768646942940734,-76.98282340529828,1720.976691835761,3.5439625026352575,9.243545766103216,7.974191181530747,1.0151377202737923,9.268780561371964,257.3682093098682,13.681005831954824,59922.805543962124
29.70105914098386,-119.489654607279,1457.0267623409609,1.162382487239989,12.347521683659078,7.2709183297171185,1.0372263286012144,8.265536180063988,199.3477489719933,12.0,52560.0
32.958042999104165,-112.59919910186598,731.444237234033,0.9112044903059535,15.723921676864553,8.367415132935424,1.1196295355139974,10.98411314987145,327.9580529742565,16.167176147662396,70812.2315267613
29.454471054315636,-83.36670977032931,997.7430214504781,1.6643948056538178,15.17720055500244,7.092504483628475,1.0862067665796848,7.90342237055725,193.76769153720528,12.0,52560.0
25.756702170442647,-121.23013215501436,538.1255212802132,2.5893921770319497,19.044236221185926,6.981129159370431,1.1329472241479548,9.219247705563998,192.73327589518334,12.0,52560.0
38.48276624115307,-97.40308944142838,2319.1310727298965,1.4042799247459403,4.5403836912747,10.133589922239505,0.9584044356744378,8.377581558923936,498.6648955261584,33.269460757252936,145720.23811676787
40.03710716532039,-100.12622012729511,330.90982810651616,2.8938441131404713,16.003408881764788,10.122234921596528,1.1736219422501735,9.439700533191004,608.5937136680261,32.88020916859598,144015.31615845038
38.86776830423075,-105.94233633460757,904.9715472680783,0.7230691037212997,12.909840225122306,9.183399476860853,1.107191675585918,8.036354291578705,428.7491239685633,23.812429887579157,104298.4429075967
35.12385705121373,-102.69309497277811,81.49675388362664,15.214973327233494,18.973862361334124,8.493072380330414,1.196718159193074,17.464072117805298,366.5695288314041,15.535005565085179,68043.32437507308
33.11485872430151,-95.38320830576743,547.8351908018404,0.45681828137250513,16.778531237898502,8.597436316164666,1.1404709219072384,6.221880847153349,362.37741590360554,19.186875179316665,84038.513285407
44.72000758972381,-115.28616264702731,1877.5213093447687,10.749705741446002,5.3188698670142465,7.943309148867998,1.0097214110761015,15.694429211906007,253.03230164606265,12.0,52560.0
36.45796284326923,-93.112222572686,498.7970528475331,9.794052551588669,16.069828829934035,8.74552360391945,1.1500116877405395,14.635530890523839,384.61809042568996,18.309943627091304,80197.55308665991
35.50036506311354,-80.50665421780073,210.5508980189381,2.9807986886338447,18.08658509295231,6.403691055288311,1.1820776229263588,8.297033309904544,155.20550254071014,12.0,52560.0
24.615409579354456,-82.95130979133141,1149.1985680299654,5.162631801209077,15.720185718013871,6.177704621617077,1.0643963769806526,8.374686353182565,125.47430816761482,12.0,52560.0
32.189947863027754,-115.68940514653622,43.72677866815402,2.291146663416434,20.08065496908275,6.0313609646722846,1.19755944163589,8.20220142268018,131.37509591611862,12.0,52560.0
33.12469485086057,-115.94052863396041,221.74344753467295,3.977382922113016,18.73213085953379,7.169118448932617,1.1778914997885621,10.095229999555261,217.00640870856242,12.0,52560.0
33.571746741525615,-109.51858414177468,1942.1495695598808,1.6655538295330108,8.275578560183032,9.332527125267596,0.991144807285506,12.095682576148736,402.8143160392298,24.18750128273184,105941.25561836547
37.92413686145598,-104.50196477758399,1856.1065607658632,1.4333282349840424,7.486119576968026,8.593157316051158,1.0045828875145957,9.511905298959555,318.7234868130656,18.32950047169907,80283.21206604193
36.80646112144508,-101.94339860394194,2198.0303925636526,3.453178520954833,5.76987930818456,9.824102284462356,0.9687248328436071,7.90279953355515,459.24989291229633,30.10042296028112,131839.8525660313
38.58972222704267,-87.29635029099936,2053.746737467584,2.75765403106813,6.100602907081695,7.387306654175148,0.9851201385557663,8.827005812759745,198.57180512242127,12.0,52560.0
42.35719827701108,-120.93925666304489,1645.957840510767,3.4655891742371576,7.417093473832072,8.34328083188911,1.0312363518725598,10.015498581014713,299.4599889686965,16.222741477415155,71055.60767107838
43.51165772918624,-122.12767397179242,144.55220037557757,1.35119171505878,16.07918947899066,6.519528087247628,1.1996698869520335,9.115135294192985,166.2188388318285,12.0,52560.0
41.23495382943587,-102.83682960102891,1883.1797108082449,1.828872970615535,6.330435586319773,9.252850075322705,1.0053621912562019,7.519625149996813,398.2163881220936,24.583962931336387,107677.75763925337
46.93256870291843,-86.35316062454905,2032.315729800534,0.3505100952753089,3.7263350103212662,7.982826912693878,0.9962177567062516,8.048317783592712,253.39288787479444,14.047289300351451,61527.127135539355
24.43758198423268,-113.55449148034994,1921.8155069372517,0.21476940465406635,11.137832363106686,7.294308047054876,0.9836421247370817,7.267694677659792,190.8795594370708,12.0,52560.0
28.698671656405107,-89.35875801216241,1230.180104033102,1.1692089408659927,14.009317878879857,6.857592486330402,1.0602260003218302,7.377015089396815,170.95565656961293,12.0,52560.0
24.18150899947541,-109.96928055122383,574.3063759857664,0.3085906665062852,19.29970904424278,6.933561088888245,1.1270508216044874,8.496669175942516,187.83760543247598,12.0,52560.0
39.53939313971047,-76.15135012407012,2031.8853421391696,0.43825382542956587,5.946870005251844,8.680067331273875,0.9883445580970301,9.191604903389127,323.18237020508724,19.124067035767,83763.41361665945
45.552733174799684,-75.6327430096027,1750.6474871815296,6.705055506173398,5.8302951244709185,7.682996715649316,1.0238025076467632,13.032282836057982,232.15505037890327,12.0,52560.0
29.843575117831183,-107.94649096880838,2354.2115950454668,0.15859779978049277,6.921657894377843,8.570399731999185,0.9460926800231728,8.784422301228947,297.7878139679031,18.326462354803123,80269.90511403767
46.24882907511136,-111.58033728598501,390.54838265912036,4.3028202241861875,13.78206098151187,7.014169502298956,1.1743065008956026,9.984848694743397,202.6190335628368,12.0,52560.0
25.44641736694946,-101.78958550842351,557.081707663891,1.272882651608869,19.023584543931815,9.872544350633907,1.1304519575796803,9.621189304721527,543.8878971410804,30.173895460935107,132161.66211889577
46.426464643332345,-111.01129440027196,524.0795967179764,8.208727718964475,12.927583026692437,7.559542148983612,1.1591229206909932,13.29610195710383,250.37212568420105,12.0,52560.0
32.43894449375122,-87.69127246224801,1906.2446469387814,2.65429358811083,8.830848770241946,7.87235883202876,0.9936048505002262,9.753306412408913,242.38087668335814,12.848174436871897,56275.00403349892
26.434099882781197,-79.39250703439258,464.8393655512812,1.458692861892142,19.280733841857952,7.0330979918247944,1.142023407728385,8.141183971093128,198.64837434775512,12.0,52560.0
35.66092222047182,-87.65302493079429,178.6503949794685,2.9162493971358217,18.229820963981645,7.445663375313708,1.1859933655273633,9.15349828547166,244.77240580767634,12.0,52560.0
30.16263762529219,-79.48507584853513,2396.574719673796,1.9247955739365856,6.5717603943695675,7.542464427412879,0.9422622835521812,9.243541667711415,202.15366705444268,12.0,52560.0
30.836949647086147,-102.56242324079639,79.06496323945497,3.323215157785488,20.274525326437423,8.159193069749618,1.1917576409562425,12.921778455053895,323.6678620240626,14.106063383697983,61784.55762059717
31.37495915823088,-115.55888358172152,2007.8808631781003,0.48655976331648876,8.540227073462134,7.082707904194842,0.9821697683675735,8.65342683409956,174.4835791388804,12.0,52560.0
43.272621547983924,-84.15064884053002,889.5730828905537,23.223929046137922,11.680775038261501,5.834389552248689,1.1140432242563696,21.200931224982412,110.62628145694724,12.0,52560.0
36.93987064020611,-104.53437672235609,2023.0447942236003,2.217409798413446,6.7797700425965655,10.870901062134266,0.9864867853311668,8.331578545084737,633.662353183577,41.82428127153397,183190.35196931878
31.47138477974409,-87.75137543762685,1339.9967690825251,1.7122580860774799,12.518603951581623,8.154064866577702,1.0515636292997226,8.437234916459044,285.05459556448847,15.189310658074778,66529.18068236753
38.64801079946204,-109.38522713298465,2165.882326177537,4.954392931283629,5.410302803096165,7.552369774785396,0.9738715480618144,13.585387895829056,209.75939357384743,12.0,52560.0
41.187616181356645,-119.61359972043968,2224.3393076668112,1.8095942490443127,4.297679299592138,7.304990155897961,0.9706731963035232,8.606648574291434,189.19164213836856,12.0,52560.0
30.54297601760481,-70.40058304366079,41.65367144824687,7.165621448415719,20.587185166029073,5.667777416872851,1.195788488694188,13.387617510581773,108.85859682224842,12.0,52560.0
33.925178436608434,-115.56511857174763,199.48097886283608,2.4225290334583915,18.625560595840454,7.784412225343799,1.1814508378771862,9.002403525509406,278.65262401226454,12.435435787123073,54467.208747599056
26.925266240086742,-70.62526632597202,615.853776378636,5.085559290565547,18.22729746970216,6.054708776830584,1.1255650281384855,11.364757023874882,124.91666248710105,12.0,52560.0
28.347584388832328,-71.22688364141185,1612.970690945134,0.45470539259855663,11.817900537679499,7.465394531343727,1.0194415578668488,9.2229175643696,212.0755641327881,12.0,52560.0
40.346828495159585,-81.13382238896585,2134.0878276973845,7.486307633538703,5.0914244852678205,7.414649891783708,0.9788579341162126,11.805501160351312,199.50859816726137,12.0,52560.0
28.354520344695047,-88.39116004757213,1114.6618440796315,5.32295405635367,14.805672832113697,8.13108328149937,1.0722729960784068,10.42443844882888,288.2176687995085,14.523270513602561,63611.92484957923
36.603921208009446,-92.79841928644143,1464.5960167327517,0.95159134201612,10.231247537200655,8.458375799300638,1.0440029934706272,10.561598438556068,315.8876726417012,16.98512429625938,74394.84441761608
41.01711028133838,-77.23051654959693,468.62964965343554,0.6279535213213232,14.883089017677872,5.7229292038635595,1.1589331847281752,9.55828358666775,108.61342859472838,12.0,52560.0
26.56504615427385,-108.37026583254766,1935.8210646384111,1.5208994525721335,10.415559765887378,8.14433659791652,0.9844370612564267,9.861346453972153,265.9041421718997,14.761531808762259,64655.5093223787
37.61549327109368,-98.74521452581664,2322.240905021258,14.9305874671409,4.781906588544345,9.5597175387718,0.9571990910296808,17.903084032032037,418.12627838364784,24.929759098069674,109192.34484954517
30.15750680883273,-90.5529416542089,659.265460336742,1.1873303080064288,16.997155195329732,7.760785954999725,1.1244498529964915,9.263888770777136,262.8011208705942,12.210988129185864,53484.128005834085
47.11024500570191,-101.79571430304748,1197.6857648093003,2.436159597785813,8.680811909433626,10.938558611418648,1.084558888953441,11.883026734481565,709.7467901227873,41.77103272639982,182957.1233416312
35.605095521278194,-100.91573147912553,224.95634300516966,0.1219202358283395,17.968733285585525,8.240661161743315,1.180528218551477,8.12584210374959,330.31823456066684,15.9130280507005,69699.0628620682
43.34382119460379,-106.16462795488744,1350.7452423818647,2.0248619310351934,8.892382187327675,8.249276338251649,1.0636847481865757,9.90763199926222,298.55922352735206,15.532542678258377,68032.53693077169
37.205437011750284,-93.53148189903506,1216.6245915950997,3.388178380555176,11.538621346904318,8.293856468034782,1.0711962385196734,8.291811514020292,305.56850481909464,16.27469783184985,71283.17650350234
25.04190078851566,-78.06897548718374,363.7588322890847,12.24105011291594,20.304876769710795,6.5985152085177745,1.1518885126936325,14.354677243840074,165.46994312821977,12.0,52560.0
39.195633014256536,-113.1174675876591,1072.1175872210185,2.908769135175857,11.808604572396925,7.919607889456938,1.0891689225019134,8.304278681303465,270.5056148911281,13.538455551793056,59298.435316853596
46.83368021295977,-73.54061590731416,815.1690719660205,6.839405543582619,11.058881504315945,7.025160413288907,1.1265682106769936,13.63251962636895,195.2972971381091,12.0,52560.0
38.43868368351195,-86.7892666975956,1261.9574832263506,3.1685798595179095,10.896649995588309,7.743212629684375,1.0676973044540328,6.838099733285846,247.84588133764845,12.699726289198388,55624.80114668894
43.66053262624297,-79.54324651527837,1413.8573183205422,0.16656020546478859,8.418696302203859,6.9037520914418105,1.0572767739559594,7.617164095975606,173.94592519393774,12.0,52560.0
45.220955120361786,-93.96570259797937,40.21947708515863,1.5133940854475825,16.192396601380512,7.788703807773415,1.2141578105540207,6.0,286.84065672310936,13.215033453111975,57881.84652463045
29.47391452677438,-81.90609812310058,1831.1942394199418,3.4278396250151277,10.170660205448035,7.9860545459035075,0.9981354951736069,9.059158300430807,254.18874730593265,13.817473519587676,60520.534015794015
29.08907615779744,-123.12517854366877,1716.9740146309432,12.030730860417531,10.971433064875109,6.894882652160533,1.0094624024112475,14.62929977657228,165.44010222994123,12.0,52560.0
38.663543732423804,-79.8074570619051,891.7615991715229,7.839681413979679,13.050367285243722,7.728094713212295,1.1084185077878923,14.36565416094066,255.79442872923028,12.0,52560.0
33.86468327536092,-121.8325016093902,145.98752665378746,1.0369259008506315,18.964669857469,6.584275740305066,1.1876168819570365,9.098109067576127,169.50027123309573,12.0,52560.0
44.15667126880129,-75.94467767640543,1816.7394446884198,0.9944087077188527,5.852561951229097,8.158875720133961,1.0153967552744685,7.596875396636552,275.73806844052694,15.43494316739918,67605.05107320841
45.60055496155227,-70.43401164911326,2293.3168819379553,0.8984433445706815,2.559932219906589,7.367374035937037,0.9684102213040529,9.8182224704206,193.6277177854008,12.0,52560.0
32.482113103265235,-108.120357042454,591.5607985323937,10.22985240586487,16.70600127782607,8.234398430104886,1.1347811813726942,14.159310148954631,316.7945928538289,14.357517736703574,62885.92768676165
29.68489341538757,-112.64279796056714,789.9885806941502,7.660216799374785,16.35460049121883,7.302296932976774,1.1093283774864733,12.641210310073573,215.97754141733387,12.0,52560.0
42.73261236585269,-82.6703783516658,457.4746769667196,5.964547728233843,14.43536822844388,6.896185404893915,1.1622898065786078,10.135522827613915,190.59487586165156,12.0,52560.0
30.595344853155268,-110.33657759030632,1393.1079735607184,1.9951607919114849,12.46274870268911,7.987088907729399,1.0449578941675388,8.009080018463123,266.2161214819281,14.087333821871578,61702.52213979751
43.742743644328286,-77.25963130870102,388.5225192609428,2.8077887838528013,14.546041791135858,7.26399374231363,1.17147194666082,8.694556510377051,224.50617022558913,12.0,52560.0
34.16971808757031,-118.44650002349626,867.7415854380831,2.496960945529032,14.542635061100409,6.303412786338478,1.105877566416527,9.553930095102446,138.4854981289367,12.0,52560.0
40.02119758299529,-117.19841939551465,1678.8909731635458,1.1688927110394087,7.920294886120139,8.423052042811408,1.0252226575868577,8.794798499000455,306.33502294217544,17.14849524084048,75110.40915488129
26.292847532032035,-71.12581602456676,1353.0760395622492,2.81301670762008,13.993689503016894,6.022044570748431,1.0444898924644248,11.540721220800902,114.05285012464272,12.0,52560.0
38.972623792237755,-87.61269949341974,939.7809031004858,0.12388497422258274,12.669527443725759,6.933992514257113,1.103461997448217,8.53639718605895,183.94055420537475,12.0,52560.0
34.8424242896935,-78.26808988083656,1020.1940523019497,0.5653804978756167,13.426108399280253,7.160134745452284,1.0898712762236717,6.0,200.03629267845935,12.0,52560.0
38.07860311621138,-106.48621362301803,1357.8239006432862,8.706968589419358,10.429475661276866,9.002475598486104,1.05700378857076,13.539351539097643,385.59589950718157,20.803643001981595,91119.95634867939
28.032340985876722,-87.46987752588737,33.9580523714439,5.5721444152354165,21.38654939000832,7.351787976273887,1.1936326499135612,9.60326702174021,237.14808111281116,12.0,52560.0
41.68496987866037,-91.91094132533576,206.85348691959146,2.1987399116788717,16.25338811488434,6.307978248971587,1.1900894244303624,8.16007883747348,149.35513600271614,12.0,52560.0
44.70712986103749,-91.42989351336087,2117.3942012759676,2.912199931490577,3.8834958340329475,7.948311093278118,0.9851719150446201,8.77271659282275,247.34697165520703,13.622472717086197,59666.430500837545
29.201755202178617,-87.14324718496303,205.35199403727202,1.848134765122504,20.007361475122785,5.354687608602806,1.17506009034644,8.31287487085874,90.20539202747683,12.0,52560.0
26.297149332483883,-92.93060465102867,1702.1925589810023,5.4003105781167005,11.897699846368821,8.643581010135355,1.0080178728958162,9.590007076421657,325.47628996919315,18.72290054612831,82006.304392042
24.567326065112074,-100.83063205765603,2209.690830579545,6.13337527002459,9.371657196989107,10.45353639439111,0.9549845563681645,11.9242035661575,545.4513983990631,35.96639073989512,157532.7914407406
39.40731601063838,-109.10017450345048,664.2269782381201,5.763596786501908,14.192443327379765,8.892867200606819,1.1347476385263568,9.765195329791995,399.020044544959,20.786087642079192,91043.06387230687
38.570256866130734,-82.4966081306871,901.769620201644,5.1293481555266425,13.018305218950918,7.2833242242279805,1.1072010005048367,11.505610022015803,213.8874999319528,12.0,52560.0
37.12073790513768,-111.78128877982795,1374.0329459104248,0.915159541056667,10.619580952996147,8.337011438974734,1.054203271506123,11.233461017107956,305.43975036583294,15.869945694169832,69510.36214046387
29.56673030678341,-86.61286746766163,2118.4673477398314,1.6497775019760295,8.419176821525989,8.030546880622147,0.9691726835408013,7.39463563046474,250.96117237545295,14.551012577810136,63733.435090808394
33.38174390173235,-111.40002757693637,2261.7352976798,2.5383467313842907,6.415065043401496,7.5198169603499325,0.9588332522208313,9.181595673623509,203.86135192601498,12.0,52560.0
38.26743204446815,-90.2321708224595,1780.1605305048179,1.6066473474537002,7.8388072036306475,7.004376545488132,1.0127868132522289,6.0,174.01893151096414,12.0,52560.0
35.92240461262006,-83.65777357503244,226.15503083417178,5.6250120689356615,17.86634843120895,6.924135817744462,1.1807748713588024,11.013884889797238,195.98996734817936,12.0,52560.0
47.7068524851573,-112.18944999904689,1612.586890172945,1.5980525704971715,6.01242291341514,6.576035607345341,1.0406910644059921,9.730092125456082,147.97361996116817,12.0,52560.0
27.274554061361595,-120.76306175348935,996.5228580569357,0.5950771471240122,15.838496633249907,8.125613089037488,1.0838815797109569,9.221813365903127,290.7503572523632,14.783777297028998,64752.944560987
40.68346929714225,-116.9274178783146,1140.2683787887265,2.036910618451521,10.953348938124964,7.174131848972748,1.0834322547091206,9.314982847411828,200.02294960350935,12.0,52560.0
33.70365043450301,-91.27616376736462,136.97316902152136,15.631015082849268,19.067065855519967,8.14866528680301,1.1884742908324946,18.44572515942033,321.528321471793,12.647343343336054,55395.363843811916
34.27679075821476,-78.12989406381028,474.7278916443325,1.024120815456998,16.86859542266958,6.6225122728412895,1.1501581445721036,11.66973793240555,167.03053758292708,12.0,52560.0
41.22234637579623,-121.57017165328709,1901.4223859300816,3.7886357511578272,6.22476177168064,7.63220532087905,1.0034727592151373,12.327947075619816,223.06206961155635,12.0,52560.0
40.61846763178487,-84.3558320117511,1100.4220226539062,2.2693937809482065,11.211927574541104,7.445457554948377,1.0877060823032405,8.73461115327736,224.4686723247159,12.0,52560.0
47.79014384885252,-105.56879311869719,737.9561350821343,0.2946919431239211,11.235220034851437,8.750199373626057,1.1364091259540772,6.435490382114265,380.678686955392,20.399305595347865,89348.95850762365
27.081462946899006,-98.15946802434578,933.9653960366004,2.6767587162774653,16.271768739710698,9.537610532888182,1.090495784391923,9.118673529877915,473.05620962421443,26.908282402753727,117858.27692406131
26.498631585219993,-73.84158430833946,2053.4708417151187,4.844853531967881,9.72958547414329,7.744471181869905,0.9725156656191292,9.77053280043991,225.86134721368734,12.0,52560.0
41.384131611089785,-106.07353874426434,1802.6176614237975,2.8797718147592324,6.7690545481302795,8.2899286281122,1.0138403686874897,10.269480146293098,288.79652200593677,15.750344837778814,68986.5103894712
37.88128600815382,-98.87180556726776,668.110645290977,8.226215926322023,14.626950325807993,8.971704779121803,1.1325047713317402,11.518297308477814,408.9168134190013,21.036948130603548,92141.83281204353
30.57985599743534,-123.26114960292323,299.6543797054485,1.3639770757427654,19.028116922536707,7.667404680148953,1.1658152406351598,8.730999326337248,262.75130984052834,12.0,52560.0
25.90606485573568,-119.59366911973873,619.7557675128907,0.3607894440034984,18.509645938201952,7.564504991626627,1.1239479607244587,9.222090531845671,243.25274478019705,12.0,52560.0
26.055797990314332,-110.03605407872166,2211.400353510266,11.030996646862631,8.914858481844105,8.06428844749247,0.9563271112126053,14.497762940736965,250.7694529578211,13.018200899282903,57019.71993885912
45.46058099193884,-122.49597899566199,1404.1814340824178,1.90052364224521,7.936737097923844,8.50298055176189,1.0603452030975369,8.00473759804977,325.9348788839279,17.97889724636589,78747.56993908259
28.60481579324983,-89.90573239339444,1289.6828968125833,3.435915083021533,13.680457881149552,7.632004797609581,1.0537623118300214,11.471325918915749,234.2224774063802,12.0,52560.0
31.7609174907725,-100.97448873271239,1439.4167672680585,6.280928915463435,11.835224149159902,11.027365842201855,1.0413360319425897,9.513780215573469,698.1942196895473,43.471881226476995,190406.83977196924
29.439753653447713,-94.4001590526868,891.1472724767063,1.5681052417453833,15.821190269105447,8.960946440268867,1.09787195113391,8.547509077994274,394.98748795585976,21.684956530021324,94980.1096014934
32.5199113399665,-114.5690519615982,1940.9147083604403,5.03744227397992,8.598538347847411,6.814105668922359,0.9901602815238546,10.97247333633035,156.63979205184143,12.0,52560.0
25.66617222590624,-108.01967041042273,1265.4212733345946,0.582040435059705,14.707620692220559,9.55259372777515,1.0531167056524955,8.36831465111538,458.9976152329787,27.243241942196107,119325.39970681895
36.457434981798485,-88.15347835795285,297.8600085897334,1.3772566011896785,17.275609453922055,7.758475837188614,1.1731013222083106,9.042949228007505,273.92695152926956,12.25071963290106,53658.15199210664
25.622701526213156,-71.87365292395842,327.17499709316985,0.6252617201404894,20.350139559577034,6.743031986882942,1.156756558118196,9.107684815855686,177.32812998222485,12.0,52560.0
43.208556187736676,-121.27749422548071,1297.7247686762316,6.668915577240872,9.251084531621606,7.819697930728652,1.0692396200893777,11.958860419490101,255.63185880384688,12.0,52560.0
29.609089965850394,-75.91924667381562,2249.037119008597,1.0074543830636893,7.623050296193297,7.219131050751083,0.9562235742830351,8.162802691265796,179.8805587653636,12.0,52560.0
36.96028595050825,-92.84841512919475,753.878049589353,5.0549415594502065,14.38864591731141,8.893568819576222,1.1217902421459676,10.54385772207849,394.55710871555834,20.597506597579212,90217.07889739695
45.121898101475,-93.54834339519633,2089.5079818849395,11.479811205502005,3.9263826782478652,7.201234422862029,0.9884442675578549,14.154067760855177,184.56231875827686,12.0,52560.0
39.62105685713266,-96.98495909878093,1838.5474960577328,3.0011752076376017,7.082397966513804,9.123536434344729,1.0082179691708226,10.745757113774799,382.8371460094459,22.588305607757373,98936.77856197729
36.790986877232044,-120.2527193611741,609.7936141184383,3.1063690117961444,15.303942252119757,7.733655177342452,1.137800803280146,9.087987231705869,263.14229183427136,12.073456227322389,52881.73827567206
31.784010074769014,-119.14665000624733,106.49098099265704,2.472407953948518,19.825851091613355,6.268551697117946,1.1896998269300734,10.499570103179005,146.52409185643057,12.0,52560.0
31.99204591339675,-91.55075169440934,262.3964910388709,1.5774487574160792,18.82800727974775,7.748025174637448,1.1718119679462446,8.969268153161492,272.52164577149466,12.199117487859366,53432.13459682403
40.067686924756565,-105.58823714247985,1753.8155625569077,2.582421893363597,7.456800547231584,8.135661639008763,1.0174701767689396,8.923947367790802,273.94938315485905,14.932036493773321,65402.31984272714
47.85934466930802,-74.46752440480525,495.21397653673915,3.693337241606805,12.670912739987159,8.266012947763084,1.1641874207215248,10.958091003857044,328.76164916359744,15.39649519071356,67436.6489353254
39.88414055638509,-102.0441109825885,903.6247908028372,17.072384570715236,12.61300908826745,10.62764600811425,1.1085224221245094,17.3704860327614,665.3125673697817,36.63444572121242,160458.8722589104
37.386802016880594,-116.26280123005738,1214.0440150952911,11.107322622490814,11.499695304364074,7.179511173822202,1.0716798001030163,15.430214422368346,198.29861295932625,12.0,52560.0
41.5356122457419,-85.40518299089005,1746.6142409113875,7.926442407902501,7.059630880809104,7.2102326480038155,1.0198184412616702,13.011136790171642,191.13521063463836,12.0,52560.0
35.16493469480923,-108.15891524218547,289.4903113567184,8.797607068153374,17.713577723416922,8.429031565719368,1.1725055935554178,12.56297461398172,351.0896026523394,16.253413656039392,71189.95181345254
25.443416222418847,-95.62460340278177,987.1520445603584,2.523313359054616,16.444062865912194,10.63638474101665,1.0828449735911234,10.14834979383424,651.5059768162315,38.5433320326458,168819.7943029886
37.495123581069834,-86.31702958272082,1174.473523759615,4.285284344409803,11.70462178312136,8.065522685328462,1.0760845588385162,11.227078277472248,282.3020000522297,13.844796667291508,60640.20940273681
46.98300682812912,-75.38573799508819,1307.1684122522645,9.01772234939226,8.062087478047678,8.832111302738333,1.0725225822304052,14.799656936607304,369.46223213748874,19.003881727165012,83237.00196498274
28.20727061658383,-81.2216754807095,1967.6983265206156,1.996581516685752,9.731628855901155,6.816997013501087,0.9829235363767868,10.357325324902606,155.6929867462783,12.0,52560.0
40.56011737969598,-87.47650233487289,428.5941042028562,13.055752012754681,15.260400160874068,6.553505143228844,1.1629803481056968,16.422980032524347,163.6678262115596,12.0,52560.0
28.822408527817355,-87.29980815066224,1942.6388553473612,2.149952124655218,9.697444309570626,6.808452176214376,0.9861025246954949,7.936862133342614,155.60990901951925,12.0,52560.0
36.859864427353955,-72.92006922226733,1669.0506579180321,3.676004259975772,8.92773672428562,7.706459466590969,1.0228004203757866,13.14390694179433,234.05913608335302,12.0,52560.0
26.320234791521273,-108.02549873518706,1342.9725377935233,4.948804720505146,14.04609433578248,8.401197360722865,1.0455902751265098,9.284943379016914,309.9952943563543,16.854843144527525,73824.21297303056
34.80890247019644,-123.93994691340588,1684.8763315581211,12.030572756928441,9.44807126959234,7.2943474502525465,1.0189282670980615,16.357459463295836,197.7301761909129,12.0,52560.0
42.147919893485906,-109.31445379249728,1000.6022187049422,1.1221176502324883,11.352010719724575,8.444195417451832,1.1004293465465835,9.190811170403052,331.2889832183836,17.215828064718178,75405.32692346562
32.34171658173557,-112.23386550015583,349.38625460413647,5.483747229280067,18.201167497854513,7.944408021280364,1.1622005147098677,9.881277490590703,291.3638663299854,13.317900726342899,58332.405181381895
39.957881387693234,-88.2609324038441,1604.5212718315743,2.9426790322090657,8.385507952702586,6.597092909119997,1.032943446641449,9.61644629267124,148.2874340747255,12.0,52560.0
43.0907990589535,-89.77957361266144,1268.720089911781,1.250944703547887,9.460439742843263,7.3744022078867895,1.0722379596614149,8.656063358635164,215.00157676686558,12.0,52560.0
46.252267667506864,-91.95308533394491,1541.7120252918057,5.995288038521523,6.874047547997108,8.895169753112794,1.0465679719411123,13.163872082085541,368.29868281166455,19.956389817786526,87408.98740190499
29.631409964530885,-123.1228540666895,824.4370988478063,3.2138333231925484,16.163954417553896,6.823530164357447,1.105451141420516,9.072326913579275,175.60501076455841,12.0,52560.0
33.5835819794234,-84.64598505966504,2178.3424540688093,4.326711797444822,6.854870681760126,6.986680229973235,0.9673434336478072,10.281693070757669,164.9541675461471,12.0,52560.0
27.65798431993002,-106.52935772578346,1417.940287209873,1.5597515386411878,13.194962980761757,9.429017169867038,1.039121533548723,6.132567397159198,435.54760380328673,26.59880546811434,116502.7679503408
47.81960405180101,-88.08697659364192,223.2579126122797,2.6255175228039622,14.31457130878602,6.054798640388874,1.19577672208064,11.657025865430668,132.71475613737132,12.0,52560.0
46.24802323018309,-93.94476486088372,1090.5334978765402,3.8425826205024243,9.582392043685836,8.556975797333394,1.095290957025948,9.02098768067737,343.1313644811444,18.15867355883812,79534.99018771097
36.95897112673343,-105.49253002689301,1820.1274102898496,2.076175970742931,7.991544200240872,9.35111519653478,1.0072494240086463,9.637998619532768,411.8103460797851,24.97795586068629,109403.44666980596
44.208799065034114,-116.73288157637818,1910.0402569228083,0.8844451702450558,5.277118738952916,7.069051773461812,1.0058137210682445,8.408977706480796,177.65238711890555,12.0,52560.0
36.50299145452901,-118.90137952633403,1197.1409855777458,13.043011452516529,11.866256650174822,7.836457763015277,1.0725086599695948,15.708205711369908,258.0656512481272,12.0,52560.0
38.96605651206623,-79.09801001193992,2149.4992185784968,2.865397445931879,5.413187734909151,7.089422193335895,0.9758518932225478,10.691072849404177,173.85469954433245,12.0,52560.0
26.138986370784398,-74.40653272759587,657.0508805224282,5.295838620715895,18.21599880563011,8.057333241592367,1.120044522154111,13.183018124793898,292.9403987870125,13.296643761934478,58239.29967727302
42.12649009192339,-88.91144547472783,997.2248994270744,2.117636893694685,11.378703575860541,7.489792015523698,1.1007769487847805,9.572374540147202,231.24832972693682,12.0,52560.0
27.065123607245635,-118.4145577975339,2158.6606471541486,1.7548370734665564,8.928499034901419,7.966919639993249,0.9625910793417999,9.838995865236566,243.37902486095044,13.487045653480163,59073.25996224311
43.82562312606068,-102.290530288035,2153.090985202358,2.0913519262233664,3.933767150967652,10.574071455046596,0.9806232270599824,9.64948099980647,579.6941299017279,37.93417772488963,166151.69843501656
42.76867410408926,-84.63728319432151,1651.9963898027406,2.105088190179695,7.257419429956778,7.009150027326246,1.031056602887814,10.484090622824569,177.52052759599886,12.0,52560.0
41.00987274583143,-81.88967226345632,2064.373702150884,3.142630154392237,5.310795963345267,6.045966657983131,0.9866097854685182,9.33007843725175,109.02162885854993,12.0,52560.0
24.86784913259429,-117.61619439628122,231.28037535583374,3.136402315575037,21.15196300808671,6.975192095933428,1.1668796250437874,11.172310054644718,197.99972112876,12.0,52560.0
31.27508054268789,-123.99834118234935,2078.6880433745077,2.7498838105266796,8.145347576946588,7.524782349076263,0.9749307114864191,10.982530125092868,207.69478106800406,12.0,52560.0
30.314701677860228,-85.54459952244733,783.0753775895397,0.579112620862182,16.207137231104692,7.607688057332957,1.1108202417184858,9.646511982936802,244.55237185599415,12.0,52560.0
32.64327377931646,-104.7438064967449,444.42899957915483,2.7413151242215275,17.540443868730137,8.700385330757726,1.1516727420513508,8.852611633729145,379.24036404782197,19.377758600393854,84874.58266972509
26.103425922332125,-110.25800809261395,589.7002104940702,0.7410020901363988,18.630770960335944,7.2168904868635995,1.127547509014361,8.242596092997209,211.91182884395866,12.0,52560.0
46.486987752745506,-123.30353663136563,1014.7650490730513,0.5393211091639161,9.965313379738038,8.629448575081927,1.1039208456692313,8.610953052034871,354.6966394092482,18.85148329711282,82569.49684135416
37.291253777097026,-94.82383203487902,617.836970958632,10.791155160171954,15.105602041119102,7.810634274530498,1.137483195871577,12.829682642308365,271.00287762344624,12.0,52560.0
31.332583455792566,-78.03786028699699,782.9508547192677,3.714971892378039,15.902519834946622,7.647189985948147,1.112007589506884,12.142887385130042,248.64709826227,12.0,52560.0
33.527556409782804,-72.28789110128025,341.2487968505082,4.309243823787281,17.89424029596211,6.4402247165266,1.164557953561708,10.570814454069758,155.53716333667327,12.0,52560.0
34.73286097211606,-93.44977266688238,724.9007020304165,2.0552782066172486,15.230737496182684,8.240162457604322,1.1224292880186146,9.573880389096015,314.0048216531184,15.547261958021394,68097.00737613371
38.41426400065481,-96.21908830204572,1382.0354786099629,9.586743262200986,10.183507928143781,9.315645689502741,1.05479239083925,13.059640629647948,426.3594362382953,23.787176780766426,104187.83429975694
36.37630626471595,-119.40695518358098,1071.6118252567321,4.0636762714147245,12.65743716904482,6.685104590034006,1.0860008816648614,8.845952691608407,162.2276215812344,12.0,52560.0
46.065407357146015,-94.36086871669961,845.1906517414686,5.864292819509805,11.109233882407388,9.207216952948745,1.122290375168029,10.793739829136157,437.98614536027407,23.34240221718846,102239.72171128546
35.92712358973993,-103.48112973586869,1796.5560666799313,1.8390250549749956,8.442526522998433,10.684346651076126,1.0085704435022995,9.366460058145304,615.0637781864956,39.30857558584238,172171.5610659896
47.81179235575951,-91.21469483228685,2146.5537319160967,12.876691557862625,2.7771399017755662,8.58780823267178,0.985536242995711,16.53412951002201,312.0970174612015,16.530400958902327,72403.1561999922
44.4341989858823,-103.00877721466648,1821.1583505077049,6.869457762358403,5.742790201189083,9.90795421898601,1.0152416110212654,12.315824506138306,493.73212697967585,29.870670571118332,130833.53710149828
29.00425234457606,-111.0238473336802,810.1616710400765,7.695182906040476,16.437754270386726,6.823382741300613,1.106311919547802,13.033178563114626,175.73035805177003,12.0,52560.0
46.33428515145399,-118.87187513766767,1791.7723594533777,0.7559070984796525,5.3490802978435354,7.791209904108335,1.0203761509247689,8.04911260947014,241.29316409384572,12.719702583381224,55712.297315209755
26.792793549251428,-106.99440399219964,381.7128342882419,1.264124315738223,19.67188492949512,9.629936682769994,1.15190311480718,9.353972868937447,514.3470482780727,27.763991520739733,121606.28286084003
43.618793003788596,-118.78117894846137,330.1568116572724,1.3453979348506695,14.933421228919787,6.572255151834646,1.1780869234799032,10.58663820057349,167.22091147737936,12.0,52560.0
33.134959043437924,-114.44756465550486,842.5923481460583,1.2638281297225402,15.003958198092274,6.981354166121852,1.107469089282002,9.604044208760309,188.41723622064958,12.0,52560.0
45.07138369068167,-70.68384743670453,1942.3316383248557,7.735361667753433,4.824595062846365,7.057494983793103,1.003426963679204,13.612667266555587,176.36301139363442,12.0,52560.0
44.833360562578804,-100.0184079270426,606.3088284366785,0.12961674229122566,12.912138860606287,9.500557326812023,1.1477948214197482,8.430589724542694,492.1318965460728,26.717597799221213,117023.07836058893
43.342209602822905,-95.27892460872911,170.54311317885742,0.3166057055143118,15.974078440079985,6.6101862255472135,1.1964004462844369,6.386177339789064,172.7776867714309,12.0,52560.0
42.96073047136947,-76.82459944819037,333.46869379112513,1.2803520517840035,15.110968695842406,7.118277583548433,1.1768956136207116,7.514611394312911,212.24267352967155,12.0,52560.0
31.31229933835298,-70.23927937350285,2063.813025100401,0.8919391289219694,8.223432047891702,6.879592798380732,0.9764649749807677,9.081014438149793,158.9698901166,12.0,52560.0
25.94206279323005,-92.5334197353872,1528.4042176985445,1.0551310724638212,13.046955855839718,7.344912254728657,1.0256697775957897,8.61995178112619,203.2064078849883,12.0,52560.0
33.67152429036388,-80.12641366361473,622.6187688205445,6.3968255192062475,16.16283009996757,7.583547362595195,1.1326750722550742,12.365906775291142,246.99749996155717,12.0,52560.0
28.16458835967621,-106.34518468581953,1341.6040642810715,3.3124472575781216,13.50099910641071,7.9947350678602715,1.0477538566933673,11.999176455959763,267.69576587208985,13.144130202737587,57571.290287990625
40.67882613365908,-107.48982629784628,1275.6395013723338,0.023149503570910702,10.142515151668274,8.165413205809294,1.068753304259933,8.885132901217746,290.92562453343123,15.161241579379634,66406.23811768279
32.30639343690685,-102.25399906629374,1579.9376286887739,2.243725972313209,10.828456196795301,10.977200231668643,1.0271581173024698,10.85689903027931,679.3319885725463,42.50809037866325,186185.43585854504
47.41464482063796,-87.68460781562294,574.9863795234469,2.096217130668794,12.325688276667933,6.261711546874604,1.154489776767358,9.371347945766152,141.7226512456631,12.0,52560.0
39.38332985628797,-87.16164878022467,2077.2791095226667,0.48390623059580573,5.7213263859776085,6.580460704537896,0.9835774254929942,7.321684925376156,140.13527077700363,12.0,52560.0
43.739533527224665,-106.97707052892966,756.2971777504306,4.5097979124532355,12.340356875330016,8.552881826942642,1.1295090576242972,10.636439356414732,353.34352462541597,17.72173842473325,77621.21430033163
27.18059214580436,-116.80666409662206,1672.0333364634437,4.8439519246885165,11.813622337478032,8.227749534276118,1.0120703289623596,9.940668978350145,281.8537938384342,15.36220186073064,67286.4441500002
44.688347574542945,-89.85060215086253,58.376658365871435,5.104643371881556,16.24323577744189,5.630299345897683,1.2113311315047888,12.93273997125587,108.10040969791747,12.0,52560.0
46.14617257232146,-117.07040344180672,906.9239691480705,5.214744523266542,10.714604413415142,7.491063334792729,1.1154903889746308,12.077316005802489,234.4586412857215,12.0,52560.0
35.68948605165446,-92.76140455561618,857.0693667419637,0.0002113133107533285,14.150737984051881,8.740053356124626,1.1088159579477808,8.624741783940388,370.14486064918043,19.76665139439165,86577.93310743544
38.55007050602346,-86.55520508495931,1313.4929400275744,12.30957482934794,10.554021208027516,6.009653244452019,1.0622808878255736,16.868876740282488,115.28096794466418,12.0,52560.0
42.35543522167189,-86.16697919469962,193.11230302972766,6.732526556620752,16.13469561532007,7.318276449293804,1.1925277434692076,9.61544823654458,233.70334517641348,12.0,52560.0
28.1961270542499,-83.31250602438178,1900.5126694681378,9.372865780637724,10.138085866916205,8.083274780521945,0.9897223728876309,14.329485009993826,261.36378992154135,13.197846695333562,57806.568525561
36.061585835122614,-76.8655912354541,538.3183082068131,0.06306777139998015,15.951614400222336,6.783731502836603,1.1450402656766616,6.465065721674741,178.7296951350575,12.0,52560.0
33.56791266653551,-97.00221443390143,1631.3499994191843,10.863853458178543,10.141526203524238,10.676379914878252,1.023157268213457,14.509605236748332,622.5646493580549,37.92785066466893,166123.98591124994
27.51297581189398,-84.56654376540315,1931.6448533209418,6.638475275399661,10.156238136506154,8.296697595883535,0.9858484146847454,11.609036054279139,281.51136293728365,15.467061830412158,67745.73081720524
32.82082613499675,-90.56467229024481,1357.2671558548013,7.261401672275337,12.010149224372167,8.032065782973822,1.0512162804419172,13.150924937881538,272.36033065006626,13.122835851057175,57478.02102763042
25.636135425251844,-113.92144325092514,1783.3020319983254,0.39171892411538195,11.609347180434494,7.215110982957016,0.9989886180465938,8.508856101222374,187.61155880572653,12.0,52560.0
24.619485766787687,-122.61275917705196,1595.2275430717132,5.369539076742183,13.042789011533415,6.700967051634494,1.0172963524105334,12.835864054379456,153.04880368008304,12.0,52560.0
27.243990939715747,-108.63476517344557,866.1609172217782,12.867180927423998,16.629837214754605,7.949663277684705,1.0981221215783805,14.998031963335261,275.84609861085835,12.075653423154126,52891.36199341507
47.114762678140174,-100.07617985776855,1945.0833228998854,4.53961999134606,4.1950712591586345,10.649311360695883,1.0053614744489956,11.574709262367577,607.0952266994645,38.33988463364045,167928.69469534518
37.18870886148041,-90.67627900085256,721.3892603275566,3.3811060618910393,14.51505177959054,7.5345177277303526,1.1256981145696292,10.223331497413222,240.74557878372576,12.0,52560.0
47.179731867677276,-78.1021961528269,1379.4867442486109,11.647747283366531,7.569159974205153,5.7932632340253125,1.0649478104278771,13.026300045934056,103.5304535276689,12.0,52560.0
34.379949079923165,-113.40273129786705,1794.046619156864,2.340308632221207,8.921735561081865,8.450833530450703,1.0071692462663757,8.301845429105086,303.9282720357835,17.490452106797875,76608.18022777469
31.48358719404623,-117.22031134548223,921.9150653537681,3.6581048213734118,15.023433449663521,7.34278075756127,1.0968190449743087,10.015009252597444,217.11342107064507,12.0,52560.0
36.14740470816586,-71.9720828363863,740.5869061294716,2.587637605684353,14.712257150773414,6.847345945971774,1.1223265885825664,10.887333503280685,180.1590430932316,12.0,52560.0
34.548280527189846,-118.16559379367402,1113.2435042113182,10.803080343879426,12.956054816575136,7.867031812271698,1.0793911970657393,15.038315875396192,262.7735179020002,12.0,52560.0
26.535952422281852,-98.16148221421179,1966.7531165509856,0.3165396287136816,10.23869557400953,11.168494396356241,0.9812798601500553,6.788922788571352,683.51300427054,45.94522524882245,201240.08658984234
39.37983155256495,-92.3795586451617,2233.2137962866823,2.7815563736811604,4.786767756510423,6.601452337940603,0.9678922052114257,9.500554350552106,139.22443779508558,12.0,52560.0
29.18491638023039,-94.76578127099833,1317.2985226065387,4.645600622115619,13.34073395029165,9.392001915121524,1.0514589863223545,13.208728111821008,435.5488373608369,24.474660658095495,107199.01368245827
38.87011091754791,-119.35426352022107,1594.2895686702914,6.279071862771451,8.773229312713879,6.3879718030766615,1.0328218368321862,11.9009111194719,134.61218922519365,12.0,52560.0
39.60482621755568,-120.92054664380456,2169.7912209286155,3.498855105098693,5.099804809161602,7.840275767675438,0.9744833368173986,9.70652237297234,234.8218131510973,12.639299206312579,55360.130523649095
27.648596475087555,-118.30389491710407,254.5415063628029,9.583969079973377,20.17817201929692,6.840256056647131,1.167511374515325,14.34046901689149,186.83068351051722,12.0,52560.0
25.472391050656036,-92.37826507087892,572.3470153214728,11.38865924715412,18.924200592874353,8.531395774123743,1.1287654469390542,15.749267243790836,350.45638704206476,16.27044065888019,71264.53008589523
42.738278065642554,-94.60537606774666,1707.1820148787663,0.2659236443838456,6.9354244910346345,8.779537021344433,1.0252459968249008,7.6121521696542365,346.90689358550793,20.352926310323173,89145.81723921551
35.035210170463685,-111.37799723001581,1980.5118193512733,2.0591373936897317,7.606366032753256,6.469468340175982,0.9887906408570064,9.838572165459563,133.8690332394583,12.0,52560.0
25.39593109213142,-89.56019634033805,2059.7290874267755,0.09495426041049528,10.02284614779992,7.610794087306429,0.9707528895301232,7.662305160241326,213.9777480554631,12.0,52560.0
47.87679161207441,-79.71635488899494,1007.9550809147396,1.5984291390683139,9.589232030889239,7.508573495768166,1.1063029075506947,9.822250605636315,234.1619717725101,12.0,52560.0
25.386733463912798,-121.75473616828394,232.62896745464306,3.078974555923719,20.9882061560983,7.420632431319671,1.1673416241666534,10.051016523119772,238.50129202667136,12.0,52560.0
40.68084549260527,-97.10098304840571,1061.9199159730954,9.667269632651966,11.424226856379846,8.852817996011893,1.0919920637150327,14.378723172054649,378.8210412791315,19.28683279496241,84476.32764193536
47.60829420632193,-86.77723774645472,569.148324692788,7.497634667489166,12.302621789946693,7.891925573711624,1.1553929585702216,11.587560545092494,283.95443977695044,12.524991205908071,54859.46148187735
29.740322501182213,-110.3751559382369,713.0475628919655,0.545569246542694,16.799617872293545,7.111914044694777,1.117951800986274,7.341797887038186,201.07245544976914,12.0,52560.0
27.41398484849271,-107.38037111416995,1857.9967852732639,0.3905852746720616,10.627823833812606,8.817956963313119,0.9932288025814913,9.36894793039451,340.5047966519756,20.24051249200219,88653.44471496959
26.913238546138295,-90.86355323857327,199.75446474161075,3.5592509415530897,20.727501647708845,6.995346728283517,1.1729623766946584,10.040274907269263,200.76214294397477,12.0,52560.0
31.278603541622292,-75.51149415403822,1989.643297604071,3.0381563709793884,8.678559151888887,7.586321819962137,0.9839130854491964,10.164935513106865,214.79319930708556,12.0,52560.0
26.42509946425552,-80.26408130364344,1037.8524242615224,1.2390435225125147,15.845355615154212,7.859613922503129,1.0784337831080617,8.375751601003685,261.79848460034924,13.104732460561532,57398.728177259516
40.611872200659164,-92.5109681686225,1438.6321560194162,9.188523360199536,9.184645403685757,7.5858444790432795,1.0512132363677265,14.591586144936095,229.441846631138,12.0,52560.0
25.495003155121506,-84.56802724110855,233.37231034091602,10.48931113824663,20.951265191418052,6.286878080882676,1.1673848184443676,13.56421470691239,145.0404573085966,12.0,52560.0
36.22613107559495,-104.29958660877887,822.9146064903255,2.0607500810138903,14.194673038379563,9.336939087260077,1.1132319471399799,9.073728560727275,453.0741058633124,24.98471611182598,109433.05656979779
47.92072449247144,-89.38786148266709,233.48818725533295,8.840116888128293,14.22285352872657,8.81975433559625,1.1947009124595627,14.247261508120735,409.82520544364013,19.03628548134479,83378.9304082902
43.53528646814445,-98.82619407911193,2308.4740604570407,1.9377014201244689,3.0885696968144245,9.642872846870112,0.964726677842581,10.5701820910718,432.50747023410383,27.58930795876774,120841.1688594027
38.76526651754426,-113.74344863129171,1941.282725396476,5.339620129186619,6.7227236923578655,8.998381846046131,0.9967512335203853,10.57526092827995,363.1198928705594,21.508387540487725,94206.73742733624
31.35008689887868,-86.10613321062812,1113.9259553683753,2.584613315540403,13.911418198126142,8.77106022135275,1.0757096127338595,11.902388767671301,362.9287161861319,19.20861653927849,84133.7404420398
38.97350007099932,-93.95090958316361,552.1740650103372,0.5230923735319087,14.994905588638181,8.463965753358671,1.1469328991085712,8.689745456551485,347.7200289704685,17.497331659574897,76638.31266893804
36.64899513387964,-104.63443457450606,2241.623150494648,10.520702822338244,5.555562556868223,9.24915414543692,0.9642093608098634,13.060907779232462,381.45859074562065,23.164241541714507,101459.37795270953
34.22600121336892,-74.78768373575394,840.1398978301928,2.421252919342755,14.691360249008168,6.672789818775767,1.1090004562935745,9.895614209913616,164.74948505229,12.0,52560.0
27.137049041764786,-122.86955763735641,403.1429474159519,5.304366508585726,19.44002760297485,6.853335858017328,1.1498645066556437,10.723020847771286,185.06433020910794,12.0,52560.0
45.2785011657712,-106.94824983252721,1360.3312445204126,1.8302379316132733,8.254462183146163,7.593274442790709,1.0648469040985145,9.619024943587775,233.10117750590163,12.0,52560.0
34.79483157171174,-120.92840452000709,2266.1824064206626,0.07624559288838477,5.964456089962502,7.452726843948847,0.9598477492622084,7.994319858540625,198.66344703336333,12.0,52560.0
28.67094028369836,-82.60752492403213,29.11609139076773,0.42379990716512944,21.224021366545884,7.057683916770248,1.1949779582226725,8.343408372527252,210.04701389579657,12.0,52560.0
32.82622442105495,-86.0861974778552,586.7371269445171,2.742458323744168,16.63170991201641,6.7150804946556,1.1357301838455607,8.551562942343125,171.94867805534315,12.0,52560.0
33.93911406069425,-106.10698018823888,2253.5053841767703,4.684272044402244,6.297233476731101,8.837589283820058,0.960224253543127,11.998636703500978,331.39360142827803,19.751078676479015,86509.72460297808
43.86090949360498,-87.51420328081807,427.18460112004567,1.630281249461518,14.27861954519823,5.9383755752851455,1.1671497117477296,7.590815909095673,122.20797709514056,12.0,52560.0
41.60674513347365,-102.6193897854187,289.51941490277125,4.75618516662396,15.780859970541279,9.544367677383642,1.180344624235517,9.523193225488383,513.1216210980059,26.87356343139609,117706.20782951488
42.46331744739216,-83.16229526318855,1377.0455736035346,4.797740320639108,8.998731324161145,7.539919275553197,1.0598685577657387,11.319476611360448,227.15489580976487,12.0,52560.0
24.264750346287535,-99.47408221221787,2071.188299441695,4.868717275197172,10.293445099463568,10.304440013024294,0.9684451048400511,12.844643461731867,529.8076180461038,34.04284221078655,149107.6488832451
33.987695956314276,-101.73689469709007,1155.5213661115442,2.7132065244110803,12.87056301643645,9.779527837169253,1.074173910940072,9.204812198169359,502.3405841296374,29.31578487439869,128403.13774986628
35.552259639247765,-73.52458456363175,2387.0629309091687,9.855062033465696,5.0119445227706585,7.317476329963136,0.9486762810482525,14.754204007324176,185.85404838819102,12.0,52560.0
24.46061464375336,-110.45252860590219,1636.428644900423,2.687081352204045,12.843243737471456,8.194892751334654,1.012858313068091,10.900257023558682,278.70741543350397,14.876456665998504,65158.88019707344
30.235517009880823,-117.49584364018547,196.2982791608656,2.393277148123357,19.75155522207056,6.646520392523588,1.1773551877993416,10.413587613626897,172.84647650574195,12.0,52560.0
42.246955754931236,-92.43467188398925,2382.9404734031014,0.8894794977705731,3.028270433102021,8.82091530207109,0.9559839170626198,8.160237751653927,328.066243981239,20.56796027746026,90087.66601527593
27.290632937495978,-71.65662213665433,990.7882835368532,1.470684075451864,15.86808041753009,7.365320642268915,1.0845246406053437,7.5731543846382285,216.66282556915945,12.0,52560.0
36.8474431548622,-103.59668245873192,704.0180305522484,0.17302687639216807,14.721658870227849,10.138734041417479,1.127247275395526,6.0,587.4087224275154,33.91998330483645,148569.52687518366
29.1648449284137,-120.65001476404579,1347.7524569153677,4.015412245526508,13.164031779983684,7.798617295827216,1.048198684072595,10.093838747961033,248.58014684581474,12.258675173192774,53692.99725858435
24.290898591453438,-105.67751556528336,744.252068533657,1.1429265374514253,18.247218011362026,8.886016891511645,1.1082216816657742,10.099460764745466,388.792653750425,20.643159964017613,90417.04064239714
29.788834982388995,-96.67969066674385,225.76886694596251,1.450514841281102,19.708736303607527,10.091295252509166,1.1734005587028755,7.52130972305434,602.9163121261039,33.023894122333424,144644.6562558204
47.42097011784129,-115.25615764186045,23.39945652844059,5.89289461678214,15.633312225476969,6.270154452996653,1.2189385358905882,12.375988587091804,150.2403298433849,12.0,52560.0
43.23689068519175,-88.46248022494943,1090.0083799502243,1.5853546235940565,10.48888251474113,8.466213927090926,1.0918601711302462,7.811029738094186,331.28726609568344,17.734820060392398,77678.5118645187
47.0298394637048,-70.12153299344916,2011.7349448992895,1.1093214378971008,3.820638491492822,7.887398203695167,0.9984279687096649,8.792879954402466,244.95597890862896,13.192279038582534,57782.18218899149
35.708497054232694,-99.60606829700203,1382.1101417995822,0.7407799203353699,10.994790032932702,8.834655655227177,1.0517711676295216,9.293817889187244,362.62700757170364,20.402137965782156,89361.36429012584
26.633668768260083,-104.84465793656852,2398.113371485389,5.964103004332172,7.6212191406096395,10.330909811952683,0.9385593010814991,10.78706727839319,517.4250291944403,34.85488415570611,152664.39260199276
37.15102773536863,-102.3619749909388,702.6950166403359,0.5556979592999399,14.638521579547396,9.740731611794786,1.1277526520679362,8.538000392416262,521.1450215539481,29.08580806706288,127395.8393337354
34.90505602943906,-117.78210636665914,687.4830541289317,2.4187416653981515,15.403584866394695,7.0651047230333495,1.126825314503899,8.953135395168497,198.692928183251,12.0,52560.0
44.26456998575078,-76.30322552298392,400.2037153567872,2.8284174504258,14.319406712134043,7.095249437130467,1.170758396974759,10.543228860981293,209.09338305001947,12.0,52560.0
26.35398193882187,-101.599414601847,410.4713400714977,4.651194369743154,19.630977377924452,9.348550412050656,1.1481073496932983,11.073097224027457,469.01347930807873,24.59485524809429,107725.465986653
35.71778728852267,-103.08718178305857,698.7440985039137,4.012664643325954,15.092199222419715,9.640430723537209,1.1265136626544834,10.475407995310693,504.6563962016247,27.5885557361873,120837.87412450036
27.601167952655622,-88.37672526175439,1906.9593077509946,6.658125736191062,10.277893767697345,7.324136930543732,0.9884444680464689,13.86489539388501,194.1742538883971,12.0,52560.0
31.79222224536144,-100.13019526971934,2175.701161714746,0.18313477502695688,7.408126356103093,11.181147678518098,0.965753844802635,8.904648235858136,674.9872989686907,45.578804412875435,199635.1633283944
41.696569857307196,-88.99539268437631,2340.7074639042817,1.4064125935143315,3.4467842593821523,7.8080570967610825,0.9595993101778054,8.015425316757053,228.3961994148789,12.84232850105912,56249.398834638945
35.424435104850396,-120.68190033293747,572.8493767495572,1.3147614416019824,15.935573208047538,6.757763963273322,1.1403660499095662,8.685820184003875,175.96380293381753,12.0,52560.0
33.02131884349846,-80.05893943899972,2117.488158561538,0.6313755246592341,7.3886753955812345,6.836718184980022,0.9728513420247437,8.287746772699947,155.4388310512177,12.0,52560.0
33.467430685680846,-73.21278654451226,801.2471124800621,1.3653343570816674,15.152288119415374,7.328756810038884,1.1124415580922875,8.915584101399254,218.94656762964814,12.0,52560.0
35.02672244174368,-88.96666914739316,288.5604959501849,1.482894459157836,17.760620291775787,7.283044258933062,1.172446080833019,11.919147807423695,226.4653334333932,12.0,52560.0
42.840397052089365,-72.45343984162422,2090.6593227379944,2.9516114569975866,4.603924947945224,7.747905776280498,0.9858918476469314,10.215989145451747,229.27266092867856,12.0,52560.0
45.41003253456563,-115.82265502402198,1533.9314104518123,4.359059914283908,7.173401776919436,6.69176170577094,1.046449889112353,8.172352864444616,156.78692499649856,12.0,52560.0
46.92803247609428,-98.2195257680609,412.05953267292693,1.9192496004627297,13.449233061134155,8.443332998279935,1.1726483244633579,8.500190994217279,352.92266108078775,17.381683217665895,76131.77249337661
42.88568127012708,-91.50243636694586,1042.998392880946,5.084301729701836,10.876305261676201,8.511115573275156,1.096615671710803,8.731734532826131,338.0523163358798,17.862185797861017,78236.37379463125
31.569765497952304,-92.58622103925592,703.673313807421,1.6388886575889097,16.307030467769785,9.254705081126945,1.1211198401496372,8.587575286098339,444.3342530385082,24.33425049764314,106584.01717967696
40.51523294607701,-102.32106392919167,1773.571073530269,1.3715597372003951,7.204003674995283,9.259559794408528,1.0159065398979952,6.438163566648523,403.2689477320524,24.916842989650696,109135.77229467005
34.502474977329406,-105.74344189422189,1099.130628885758,3.1164594424970073,13.05447373348663,9.97952953286889,1.0808732633208171,8.823967100216091,537.1245238704994,31.499388814549285,137967.32300772588
30.11209492910523,-117.15150278227739,2374.4862693531963,0.09600848139381273,6.719453905149253,7.74006288270187,0.9443752184254925,6.232739253275344,218.95156492328402,12.830024065731038,56195.50540790195
44.18091790622214,-102.84590766963697,150.2930577778364,0.33260968705253774,15.843966281466342,8.99822008487428,1.1998266900954364,8.660558025792495,437.07740570679243,21.985630377020772,96297.06105135099
24.9222323750958,-115.2163159843038,864.9363334042671,2.1649300080502236,17.333712287045657,6.948102985653121,1.095623473110026,9.299605239984787,183.75115326583037,12.0,52560.0
45.64228781125016,-84.34425346942021,1166.9223977217462,11.45269521368336,9.305779270294472,6.349983895086913,1.0862219133455877,15.235171897208494,139.06134827491374,12.0,52560.0
35.07545915099362,-112.72312948329214,1217.4578603010011,5.113518071889131,12.17261509289591,8.16683778574448,1.0687074480708714,10.942649176851246,291.0654311776232,14.657410972735708,64199.460060582394
39.29283544339873,-120.83747351463518,771.9272572778156,0.369016323544278,13.580585823313491,6.586655444749664,1.122504855371781,6.548252493881265,160.38105625618292,12.0,52560.0
39.82449413293878,-94.17222855786935,1755.591792852212,7.491479318863029,7.519101003005094,8.458771511420206,1.0170213009562217,13.111113234423499,307.766917817711,16.35087584531192,71616.8362024662
45.48282577695687,-91.85759443315231,2101.8980349037597,5.271564828343906,3.743764057490379,9.09963301454109,0.9875722974538402,13.469608369329688,372.05790511705186,21.690797326733918,95005.69229109456
39.280072372012974,-76.9166946908527,2254.151938707314,3.776153915005065,4.691066656152223,6.184641357825017,0.9656972033354397,10.756747443330896,114.2232568334191,12.0,52560.0
38.73440603424148,-92.84299292944519,1936.1222367828723,6.86570925177886,6.762944769030323,7.574944165398884,0.9972458538465706,11.608316031886236,216.72576856993246,12.0,52560.0
25.59964897345656,-105.34403389893393,2044.3808695897067,2.070795748788801,10.053820090424793,9.19505027254431,0.9725004946526391,7.5287968379467465,378.02642510064544,24.046476980795713,105323.56917588523
36.4417925266849,-80.6373583975787,1330.2978154755892,1.0015505502135154,11.085675349140995,7.528580656662412,1.0581187039987097,7.511249965216152,225.7582959193558,12.0,52560.0
27.604056019609,-94.82493976787926,1985.6139788958187,2.869951211116613,9.805099320742388,9.589159559075764,0.9804860544210426,10.265618314556438,432.2679741990649,27.130265936132332,118830.56480025961
41.69841044931565,-119.71886462991564,742.3393037721263,3.1837485060237887,13.036441042572545,6.906936731295061,1.1286600631322437,11.197990735773523,185.94717977277367,12.0,52560.0
36.293326099504185,-93.44406974308468,968.3794538199303,3.091588281854397,13.301725447229163,10.34599617518863,1.0972179430636293,10.16799237877901,607.5469514495256,35.179874370076355,154087.8497409344
40.32546670100048,-74.96699854723023,774.2529728881354,3.3303155914785814,13.256842152371044,6.9691730241064285,1.1234583704582932,10.958054102534328,190.13879157111234,12.0,52560.0
25.00014961445722,-102.5991182230961,1132.3818583660625,11.8806416140409,15.70566396546646,9.601832874182694,1.0666304739225694,15.977598861257233,472.11350021561424,25.82807397616666,113126.96401560998
26.035008385099278,-107.9984066974108,699.6794866479546,9.30118921843983,17.991420564582487,7.499367105094276,1.1151700423831747,14.188554800727,235.1716351938975,12.0,52560.0
41.19176131350437,-116.25264932102692,2308.6352325655835,8.340777399466441,3.7906602105551883,7.631721992762759,0.9622615378138774,12.214298125366359,213.8605878052954,12.0,52560.0
25.73002406396816,-115.8219418154907,764.5702146534902,6.466188712105899,17.69357149288861,7.597860110744019,1.1076135942441176,12.088421441633724,242.90259882164779,12.0,52560.0
25.710161466366205,-100.63033984554178,253.34600070403678,11.488972047640232,20.766875555865916,10.362567350022559,1.1653390115056945,13.875329863925572,648.3722041957385,34.440498882751164,150849.3851064501
24.2906034056373,-91.8332894952774,1273.8248551999839,0.41475717029273107,15.069869847108908,7.181501181119303,1.0507148148029977,8.269769045725361,194.58106173103712,12.0,52560.0
46.956033559187524,-119.6467681208415,155.89580669951974,1.2322099859209052,14.977815092046624,6.401757115385658,1.202631629603894,9.136362228832837,157.76120131061617,12.0,52560.0
41.700200627016166,-73.26329619264105,283.09273581442164,2.7332305572725804,15.791383397008618,7.089966524626777,1.18120716018772,11.654478903227773,210.48862406705206,12.0,52560.0
32.47803380404954,-83.22278465795942,542.1467462870662,7.497117792431302,17.003709381062745,7.440713718608746,1.1403642395951625,10.926592306217621,234.8861342763697,12.0,52560.0
31.116853950903725,-92.32230841268222,1125.1535947194973,2.8141293728587176,13.9140222464119,8.312181683441946,1.0742318346801563,10.266286780904798,308.4701215059676,15.921096204397733,69734.40137526207
32.39287751390039,-79.2643117692945,1051.1372188954863,5.513856222014547,13.975313432456968,7.617361787374443,1.0837081082054238,13.085797643157042,239.49479316717893,12.0,52560.0
42.591684748348364,-119.66991513214589,1923.2666315666431,0.598456831933985,5.6828947860956305,6.8849627793218975,1.00270522455034,9.269691418166946,163.62440204397268,12.0,52560.0
39.87289466568994,-98.25070060241129,1779.9496762441897,1.1636227199922642,7.358433542827882,11.17102764397913,1.0145476447354957,9.697708163385407,707.1667473009442,45.25054012426476,198197.36574427964
28.44469362881923,-89.97497114947018,1034.6375396978692,5.2637327240064975,15.258766673167013,8.44926242904738,1.0810490195434073,11.863473516645273,326.04067930170976,16.587640306937583,72653.86454438663
28.178624048018023,-79.25274306961238,814.2160140299992,0.7200202105120006,16.6611167014146,6.206904337593267,1.1049181033267992,9.990013514037699,132.10682332317174,12.0,52560.0
26.361495593121536,-81.69264375733954,773.1957060663666,1.7314845929903522,17.45237708566534,6.386066626369392,1.1073798498063947,7.73391695405937,144.20056327148455,12.0,52560.0
39.84726527283212,-109.03826051547642,1862.1083077597414,1.2308113366559987,6.873170571591915,7.420226478451598,1.0060343641573914,7.075374802829303,205.51063573200804,12.0,52560.0
42.34494389332166,-73.19247084380297,143.93232680662197,1.7222806424289752,16.43292287116377,7.016289999395722,1.1982928074866928,9.025767416899077,206.94529180414324,12.0,52560.0
30.3611142798001,-117.285324562733,50.51552583524187,4.928447400266312,20.58857256104852,5.2996027030448944,1.1945258255066995,8.363673915873736,88.89871567053753,12.0,52560.0
24.50267906474191,-76.74278459445779,1913.3956527854223,1.83449644830172,11.168822363864894,7.213628422961186,0.9845616629183326,10.577472833994644,184.78819743552685,12.0,52560.0
25.972120019434257,-71.5692265213506,1155.6083748539372,3.241091632633902,15.2747137450461,7.586933541228992,1.0652089018322501,11.409513214174872,232.59674397488052,12.0,52560.0
47.22864083628073,-114.43370974597822,331.4971097575108,0.42113930544226547,13.842425090570716,6.8729410033943115,1.1823760829868757,7.732662917163927,191.93469573201943,12.0,52560.0
31.090674659458088,-85.0084325329956,580.646924334913,6.5393858362862805,17.188916056153097,7.2754013585334265,1.134380251820237,11.478706785779156,218.42358563738256,12.0,52560.0
42.46135554811521,-121.82458198598809,2239.3594083717703,1.8474347621424547,3.8254368853348133,6.754973991533113,0.9705065909817876,9.021643887104666,149.5682929898176,12.0,52560.0
38.99192565250233,-102.10716744248563,2065.6170819872573,4.1825710128118745,5.9087198123257565,10.488456004078008,0.9843436214933048,10.571967388214668,567.8732587865167,36.707007432436505,160776.6925540719
33.1665513516695,-96.1207018433256,1709.2884195330546,5.169607676587322,9.794304077300824,9.155161456266244,1.0146232957267278,11.254373308985535,389.2896497002539,22.74921100442077,99641.54419936296
28.93649429269332,-92.64515780087976,1167.6960482028371,0.9411728523583149,14.31287542297498,8.181660168692082,1.0672013034468215,9.234582239668953,292.2406746053099,15.194388848617745,66551.42315694573
26.913274035825754,-73.45938859457779,1258.370230335498,8.640003676266202,14.375796407239285,7.464862990376005,1.0552396846205068,12.976850582149549,219.47580122439837,12.0,52560.0
38.7603112329328,-87.69846288611349,2341.0819939758217,3.8307875421676796,4.325414666265228,7.812540689821855,0.9565158808576614,11.43030448947396,228.05472049533049,12.01908324059946,52643.58459382564
42.591210735306916,-98.0109906341612,2318.5336564446034,2.2395392887479373,3.311434840740308,10.150312771484788,0.9627367647292043,9.878860905799128,503.4030419598349,33.076780522137305,144876.2986869614
39.453702084987135,-80.27754804164198,532.3403289702856,0.8052111449179288,14.969847400682147,6.476549286410086,1.1497665499589007,7.754770551903595,156.17470651367395,12.0,52560.0
36.7272511979798,-72.67122766846191,1950.428867806657,11.410057441548554,7.27925143376612,7.242037404662088,0.9936455374265645,16.44816966629405,188.705162494101,12.0,52560.0
25.00682936235927,-122.80842797115629,489.4375454775,5.627101965616808,19.56132591842722,6.970363243678611,1.137570043641737,9.7463527960231,192.62576833151329,12.0,52560.0
47.24373066226521,-70.94385129817391,528.2191973638044,0.932899604802893,12.657565617137612,6.032433453218742,1.1596418811697489,8.449140789895964,127.28332599361379,12.0,52560.0
43.16914059970979,-119.34886449056125,1629.1014213116928,1.648211689078028,7.274649292216907,7.070427600290038,1.0339034688011326,10.149227894737379,182.72039919233902,12.0,52560.0
31.027728880823155,-80.02311391948689,983.9026146383652,6.636072974662804,14.788265647922861,7.487384560781141,1.089501098278241,11.11395605890311,228.65889236861946,12.0,52560.0
47.51928790461241,-108.86192336222372,2237.075688913518,4.758671283783184,2.3217594951351685,7.361806098253334,0.9760824497338872,11.226669546390491,194.7195833996115,12.0,52560.0
38.44515815127173,-116.86229848129092,231.84316905250103,5.80605104897566,17.07539354030348,7.541728822072269,1.1831905061623769,12.135638145784252,253.7683277695181,12.0,52560.0
37.97814379697392,-100.24779545545292,1237.4310251265933,2.3278624962614547,11.181970710148263,10.978425489733146,1.0698222557349588,8.364088856179386,707.7857403821968,43.14657535767828,188982.00006663086
41.95375630630877,-89.22634470982888,2206.0812424546284,5.041837718648811,4.177385653379597,7.027772855270008,0.973309441172764,10.938129367676444,168.91728369544128,12.0,52560.0
43.482474914163305,-103.42860036873235,2171.790511941222,1.9542591328114078,3.924514454103676,10.741466932953912,0.9783730030409107,8.984750883435792,606.2688463627879,40.088161286105624,175586.14643314263
39.75548657595606,-121.05346795273425,392.5395279294641,0.9492889669104799,15.718116859636396,6.79253949694975,1.1661582649023523,7.907487957947536,182.7359587584955,12.0,52560.0
27.0742979127888,-91.6290984584293,892.5977262295664,4.006055215426712,16.522124268785962,8.342183134350332,1.0950231853872163,13.165642951716958,317.8575107077489,15.426742797775539,67569.13345425687
32.118420143867965,-75.27022309002356,1493.508932111137,14.921127401271033,11.403420364172788,7.010792638604309,1.0360218746997298,16.036948816628048,178.5008528812741,12.0,52560.0
46.27400736782519,-103.30637023884842,399.3598257559372,1.4877401357797566,13.721638835116819,9.877072386504807,1.1733164161157865,10.098560434349313,565.2881235081111,30.1017945359731,131845.86006756217
29.390774684252445,-112.31803000793533,2323.892769468858,2.4719331778972937,7.239410977911119,8.020557282292858,0.9486135360672862,9.011798686481006,244.72196794365533,14.075161379969435,61649.20684426613
32.932008572100315,-100.10082331962798,2197.1034023718316,4.483448413440083,6.937777014138915,9.72299094014428,0.9647970462272157,9.386105621401711,443.4101321592652,28.69329860848151,125676.64790514902
34.369845190660705,-121.38841360336583,417.3414261020367,3.1192347553847855,17.18499788618957,6.0984303493538405,1.156828253938471,9.994917945016955,131.18769324855836,12.0,52560.0
34.545719752666855,-79.69367043806517,308.3499978011453,7.416952024515024,17.78618408739307,5.787754575125369,1.1695770700523211,13.229083275974014,113.37809885325287,12.0,52560.0
38.71054997986862,-79.37759620868991,223.2721890836714,5.7376164959470515,17.047201871537386,6.828398445353045,1.1845147224135248,12.547181387647045,188.56758179665505,12.0,52560.0
46.633820105872985,-92.24797497480006,2184.475920407182,0.24026222890369742,2.9029984457950118,8.920537887584121,0.9804414128334396,10.0188754701283,347.9884084575022,20.963291387349464,91819.21627659065
29.776625083980118,-104.93244399732697,480.8246673131967,25.0,18.182064470926782,9.284461604383011,1.144136322581309,25.0,457.84444705939273,20.5090984217661,89829.85108733553
26.916033031222035,-80.8116983199277,1010.7581299355643,5.583802592939215,15.860641311020004,7.145273768912775,1.0819286015580274,11.650898600270247,197.3445904167745,12.0,52560.0
28.739291756638494,-94.04690066142817,1088.2662502517671,7.977558944882034,14.84861497149785,7.988841057702312,1.0755592819715987,11.990824758338755,274.19258062622816,13.104336587408904,57396.994252851
45.286197605022465,-79.39965533829913,1445.6462852282907,4.213000110436612,7.740263007123517,6.871872529698803,1.055710903080766,11.071249258415836,171.2932683393492,12.0,52560.0
39.49945950372494,-89.90122520051688,190.73011811887142,7.759695992754426,17.005781440169287,7.957914718279659,1.1892849245069588,12.336362055164866,299.67723992674433,12.799168632673691,56060.358611110765
30.861762941739844,-81.64210444650894,559.6855094132279,0.4768596283598961,17.38335806099868,6.686146849759708,1.1364786321881466,9.397275132838613,169.84744243937578,12.0,52560.0
43.58272653524681,-91.67759836624097,2236.947120867044,1.7092348206906174,3.503499314223692,8.4827668870291,0.9719286651689297,7.468943736775503,296.63131195739,17.95174070304151,78628.6242793218
44.672879912722465,-101.63638231635403,2182.0160552991956,8.363496779818163,3.506039694388088,9.415792517767434,0.978604435798256,15.86009951877142,408.45839301742564,24.039769652904006,105294.19107971955
44.31634412856667,-72.27092356398857,1879.4717408255474,0.9008588350576462,5.428266316476714,7.674363029295602,1.00908119890876,9.567773014765203,228.04635587299916,12.0,52560.0
46.054236807349305,-94.77985345654238,66.17496457135273,0.32589067884181216,15.786679170367094,7.730113408330024,1.212122398166648,6.17472958594969,279.9458780008868,12.778167728025082,55968.37464874985
30.05378448416068,-91.32516599881092,798.276109020723,6.20692079691195,16.194208000627462,8.670837440757607,1.1088333733736624,10.873317795369204,361.4260286747114,18.627131749772158,81586.83706400204
42.12100628991068,-112.09366747160354,1514.5417901161206,7.21904220837944,8.276447372330072,8.14935886481608,1.0448328243304703,13.31072257796439,282.7399264019276,13.93620925676318,61040.59654462273
35.052947934579365,-90.21485737092706,674.9527040208721,0.7100631394582918,15.434399395500957,7.301328856691832,1.1284062390182266,9.837650751080721,219.6044885101376,12.0,52560.0
44.20796526936148,-93.13318692792103,2184.81633422799,7.7060848586024,3.6287124138236138,8.678750744453474,0.9778291834050901,11.096965762483084,319.5984361510449,18.63680443125286,81629.20340888752
41.483776251878716,-114.01872651086066,1528.6569191612116,4.643241985550654,8.382925609469115,7.086541860602579,1.0426292370771248,11.64157621184993,185.52522803014116,12.0,52560.0
42.63473871599339,-120.78229674293024,191.13798721314052,2.936565786477226,16.06275046192314,5.6488653840770695,1.1931048589712037,7.425131624692028,107.53065588468328,12.0,52560.0
39.747884104345715,-91.36459673540236,2183.433301428973,7.093718592888955,4.975034960122446,7.6989601252733015,0.9732636410841492,12.149028117168116,222.07348843584523,12.0,52560.0
28.258290467272964,-82.7606174550827,2299.4846464594098,2.173734458905129,7.725604981061652,7.667827171670044,0.9498670573129588,10.638696885866924,214.11632319182527,12.0,52560.0
37.08064605352652,-95.73632597021155,204.95555577230667,0.8626561520859392,17.646072849308208,8.9604776130871,1.184657616108366,7.855774815127988,426.1439553397643,21.8537684093861,95719.50563311111
47.6320737485882,-111.75427823273913,1287.0173589699295,1.3410668432575699,7.988273721603964,7.690247213818119,1.0754477404876666,6.996333346988926,244.55706794552242,12.308553582496064,53911.46469133276
46.497313595930855,-88.0078132585761,742.0069916697256,2.814115685638085,11.598763971202388,7.157338882326577,1.134404045347771,9.863927167035921,207.9660831286144,12.0,52560.0
25.03616965912828,-119.67429076308147,954.9570020257377,3.0314322970223486,16.75940709010709,7.8595158848362665,1.0858966309221367,9.093196738250835,263.60028662111586,12.924696626136804,56610.1712224792
27.95555557750649,-100.14097994069445,447.5698987337137,6.5509550496073485,18.927913934345774,9.780674552541102,1.14577081511498,12.68604306904341,536.011595313277,28.457243551944,124642.72675751473
27.161490562909485,-115.17819504648531,1395.811602789542,6.268440502877491,13.476683214389903,7.88716385283068,1.040916829672909,10.698672583064821,255.35750379863796,12.714207383548185,55688.228339941044
41.42351783964709,-114.0392112427663,2299.9908607323596,3.4830383206053637,3.7729994837117165,6.372575294003227,0.9633638125975034,9.162658724779497,124.6537245687773,12.0,52560.0
43.62684791656668,-113.076126745457,1217.3127886464295,6.070818002314511,9.608068893151415,4.70315195075589,1.0784194341585673,9.217288016337214,56.09507601126241,12.0,52560.0
29.124272791456125,-103.1178189196252,217.33670371886515,0.8516515454375837,19.95869794024997,9.26496888266386,1.1735784416494772,8.71492458052433,466.67444801951586,24.398107959601838,106863.71286305605
36.140464630843894,-121.23788889649853,1495.603173676232,0.20544487980215465,10.184241568689439,6.363019509771492,1.0402125212315279,7.930181001949374,133.9929183173867,12.0,52560.0
44.1768726722688,-102.5191541898287,829.7307267939917,8.274285668846753,11.768553837555412,9.523061726305855,1.1217871231772747,11.538509796419968,484.40682431597793,26.160613330672813,114583.48638834691
41.58723707439002,-96.36779785580616,2057.1019512272887,0.3142446957193385,5.181217170319263,9.506189715542114,0.9879619933627988,8.421105273952115,424.35534223051184,26.77494368554244,117274.25334267589
37.01369293180436,-97.90210861181843,1054.533992993199,1.1331054593676637,12.568688162499498,10.949776191497477,1.0885941650414042,9.912347636393564,714.5814431935611,42.40290968214699,185724.7444078038
38.16834457101055,-103.32965857823581,478.95826928254456,4.753959144047984,15.675747013001569,9.56840304525522,1.1543228888652983,10.593693954326051,505.61004491315833,26.842831444637575,117571.60172751259
36.20065312599072,-78.68608316417937,474.831382004925,2.106789922555884,16.290815770173236,7.075315503520416,1.1524397884372546,9.5858742933199,204.09185858452082,12.0,52560.0
31.141162831651695,-116.15235860929278,1849.6587501163617,8.36003575918866,9.559698649806322,8.055247884203961,0.9980105120342785,13.343994955015393,260.8205753475396,13.241351397461194,57997.11912088004
37.56052782861639,-96.6923758358058,652.0984839715165,1.4151723713526219,14.819250747585986,9.659844258484465,1.1339316086649631,7.403907630196821,511.05452674030226,28.551059040862526,125053.63859897786
40.53324724920218,-120.64976348434607,1846.0154780989508,0.04776949515970134,6.763932956645643,7.114384787129663,1.0084330237867367,10.496564681944935,181.56373812015445,12.0,52560.0
44.95974998065938,-120.15759334059287,510.0117996245065,1.430448048890404,13.452004208055149,7.735977255932738,1.1589561391192733,8.293249033187502,268.2764540255446,12.287626983766414,53819.806188896895
39.27099249550196,-93.0112441174368,785.6135575091164,3.45171128972819,13.505020906294714,7.597457011747059,1.1209477914403247,10.85836621606924,245.78769921209442,12.0,52560.0
42.26691688903579,-93.43500505605766,1127.8589944064845,1.88602463248952,10.552770966850357,8.851608828392443,1.0866014315871577,10.05467311216857,376.79654943825005,20.35744670490156,89165.61656746882
27.841719238909754,-76.58619030639932,2264.8061222704127,3.061777069195136,8.058647494704596,6.420992576538879,0.9528634998548154,9.66955208897818,126.12674825532996,12.0,52560.0
35.07737938607496,-93.87482151435606,2237.5207909141027,8.369235692713,6.051661438692896,9.140797553467033,0.9629892792019926,13.749695445699361,367.7424185511732,21.99432481611321,96335.14269457586
24.22395887585024,-72.17128489813808,512.3550635050449,9.743782765635766,19.65868195621466,7.1194384010504255,1.1340709115421637,14.141252725561126,204.61969158304848,12.0,52560.0
29.920292748518953,-121.37047818640379,872.5613181585132,1.2368436669326353,15.788544266493236,8.345305959590352,1.10046738091131,7.040938491486694,319.7966936466943,16.981999490275033,74381.15776740464
41.435081162712116,-118.70758502183998,375.5705445199781,2.480631422583053,15.316052384066497,5.788607993043717,1.1701560046671897,9.089651612049726,113.48440624799647,12.0,52560.0
47.80343883238472,-121.62044347519941,1233.7644887661231,3.186429258938922,8.256381417687845,6.872059360425194,1.0814279388558932,9.176796472538479,175.48027104084096,12.0,52560.0
26.38027439009318,-113.99505008198884,1116.1864706533065,11.91254847182437,15.388798859052205,7.9393969499701305,1.0699075655503634,14.593435033479269,267.7187639614287,12.104680356707822,53018.499962380265
33.635863580670915,-94.77141400914938,2163.809186632743,25.0,6.926385806002267,9.498078985495109,0.9688502087464528,21.435196186596034,415.08206820043534,23.442274502253735,102677.16231987136
43.20170324877983,-89.13910220291888,2233.4127991427526,1.0736477533270539,3.639012230509536,8.01737046256802,0.9718815974338857,9.99590911209147,250.42588563389856,13.806340916363599,60471.77321367256
28.89685523109357,-121.53840147077189,932.8903905973551,5.192839020724756,15.733601087087798,6.525709023155448,1.0926695435623845,13.03809459797095,151.82453417016822,12.0,52560.0
37.32203878325487,-72.91757194833764,1190.3363043851948,1.8994605070865171,11.661370538712372,6.865431718813077,1.0741704133359316,10.31327987545,173.7987893617591,12.0,52560.0
41.5937111047122,-78.52306966087943,2153.0422729677966,0.032564988350062246,4.6036330307795605,8.359097906634616,0.9782641699544409,9.54417406198661,285.6961497379726,16.462744408420097,72106.82050888002
38.783650806244296,-107.98292596351698,1939.9645824332463,0.03718237160443637,6.725117263527235,8.381796069017032,0.9969056242548014,7.608747618552875,293.51839295007443,17.122680068656514,74997.33870071554
28.512593630769988,-119.83187336777073,28.70202100026528,2.468939405128982,21.27400978476741,6.253661208475139,1.194833764475381,8.717855441094144,146.1102016349299,12.0,52560.0
32.52922964845774,-114.82609804617091,781.7417627569264,2.680339979754414,15.55078052892112,7.123144651323115,1.1135248869725487,8.673899531678595,201.22652316624507,12.0,52560.0
42.81100282764953,-117.14500165723148,1023.8226958079796,0.09131316202815476,11.013762976857263,6.419003792192066,1.0986395870091537,8.827665804765559,145.28746456669185,12.0,52560.0
37.3014363391684,-117.34267591785687,566.7247551660914,4.645280880143088,15.409220567252934,7.691866324477432,1.1432868439122992,11.059644191858833,260.1479420324965,12.0,52560.0
24.125510725029905,-95.99766881205036,494.9804458323342,1.3925793648399158,19.792464107497025,9.468483106553009,1.1359173528912732,8.742881564985838,482.1231266898781,26.32755398661209,115314.68646136095
42.263778240674256,-110.72423810535639,109.92712569771761,3.282950522091992,16.66130377361142,8.473857888186341,1.2021994961298794,11.523948566289606,365.754834232844,16.867209675677252,73878.37837946636
24.847472518565738,-104.6604553074262,1551.21994566603,1.431955073171938,13.238438570434097,8.610293236679468,1.0221156233769593,9.345102668481573,326.22997122794055,18.511030382353557,81078.31307470858
41.897610785549574,-70.56671199724659,644.7744913499342,0.7315315686253708,13.562069816235525,7.6404601717616245,1.1399077696949655,7.4325297761505205,254.21329903782419,12.0,52560.0
28.8595334439657,-87.04703055803138,144.58628466652516,2.091415621489273,20.474622258811138,5.796083647646916,1.1817065599907755,8.43775877793073,115.04919498290023,12.0,52560.0
46.99376352286512,-72.75504397946193,569.7307590567915,1.057286211740418,12.483486388799715,7.131575613885603,1.1545805893870438,9.452763686149225,209.3874895910667,12.0,52560.0
32.83057803125003,-116.30194602821176,1928.5552077499813,3.0611598333521775,8.579495344125107,8.164706756443259,0.9917456188795407,11.086775323196823,269.8932783521944,14.605601284789719,63972.533627378965
31.846358792113897,-103.36446835904127,2046.544252318781,0.8867211410737568,8.166826848453146,8.336632744809886,0.978760528055134,9.194048963351417,283.542693445155,16.376883078538707,71730.74788399953
27.57331320797867,-94.04448262275287,1169.6976635600604,2.840408235600069,14.709820056246036,8.6797750588631,1.065469957431037,11.98051143880654,348.36669150383506,18.424415450831354,80698.93967464134
31.334501171765158,-119.85506465800815,1010.2481955726731,0.6849497245980809,14.538160475034415,6.831305915273347,1.0869693929117568,10.37297843363655,173.26008450043406,12.0,52560.0
45.03961828387681,-123.77387804409028,2347.2917905342406,4.446482641229212,2.4043637716315143,7.025362148161873,0.9624358802979563,11.197132586558443,166.85835556061534,12.0,52560.0
47.91202410305394,-87.79654597496645,497.3438898196064,5.608681839399633,12.642329430166182,7.477596296158196,1.1640065509647493,10.358912312261976,243.33886190981778,12.0,52560.0
32.839428732164365,-89.34174609272249,532.5550931939682,0.46790749689210037,16.95284082118688,8.203931628401984,1.141877909747908,6.708759484057138,315.25049169081365,15.991778259165372,70043.98877514432
34.76665514290902,-101.81740426002096,714.6438813466314,2.5229618105990266,15.282140169047505,9.657346588011327,1.1236173283138384,9.04891899234176,506.01324670063843,28.11472786634789,123142.50805460378
41.32970251686569,-97.55921989427024,431.1624175089878,0.2940337796761423,15.014114739886367,9.603264926771342,1.1636164667750193,9.080276403505074,515.2720585119781,27.56663827416434,120741.8756408398
45.26869873116179,-101.56607796802716,922.890123725964,3.647028552054434,10.88204963829568,9.95787676618174,1.1126800548243845,12.380193626406985,549.3391480517255,30.38071722085283,133067.5414273354
38.23306402048282,-122.703727578376,2187.785460235614,1.2282985160910884,5.40336803244147,7.493668347226773,0.9712397613687411,9.237915550947612,204.352456551487,12.0,52560.0
33.3966167562679,-105.88993326425702,1484.5278606960069,2.999923869844973,11.073847808943587,8.164251876754811,1.0383666488255086,11.202421674984468,282.5334802815565,14.573322776948821,63831.153763035836
33.902924180366966,-114.43755820854635,1000.4327856971875,2.9147742076071106,13.826526031706788,8.080902091388184,1.0909630847551939,9.454495541138904,287.8455994596491,14.399367608422063,63069.23012488863
40.694835515923366,-118.68509378852609,2243.8976910794913,10.326781166948923,4.328163198746042,7.715700702993183,0.9681994057477509,14.943391650442413,222.36218571179424,12.0,52560.0
24.077238326502687,-72.3370965699751,135.34487329245712,3.185889941936951,21.964759262294454,6.796740765706296,1.1770327225924972,10.899562160534778,184.78242343219767,12.0,52560.0
38.870144099036175,-91.63457484772306,520.4573034064301,3.4986616457221857,15.216212949850567,7.297477654371271,1.15042333903181,7.723683856410277,223.53524556899148,12.0,52560.0
32.53183225059258,-84.65256065122345,1366.8148801421864,2.0543385437979342,12.039561043969108,7.061122698008972,1.0498810314119102,8.73647656342695,184.81251106845133,12.0,52560.0
43.06073595065002,-106.97035786362966,1485.0152431997665,11.909966849479893,8.171687755606397,8.478950350781975,1.0490158880369211,16.28562057082138,319.72628899609344,15.717233134513382,68841.4811291686
26.231775355755172,-102.77005500732318,114.14686561901928,6.005670119356179,21.445586199559333,7.851154146095292,1.182082535040998,11.932764074377586,286.03443351791555,12.157331769705468,53249.113151309946
38.11685440676138,-111.20610432957693,979.2322438189746,1.3441589463472643,12.68955021505774,6.374407436081949,1.0981221723121006,7.370677310027238,142.2132698096973,12.0,52560.0
35.54334935726697,-118.76385376786706,1564.9864362974772,7.436974694406146,9.947076575035046,6.962090951623217,1.03225135841037,9.54603796577086,174.17047851277584,12.0,52560.0
39.41581262172546,-114.33229157815447,1681.4079004400958,2.2653276843040984,8.086808810841788,7.856825825044853,1.0242978973319705,8.92025971622005,248.39203307624413,12.949428243159883,56718.49570504029
25.55648626759124,-80.93424155398976,1538.772967988721,7.056588341875834,13.100416311790303,6.9181373007047355,1.0241732336451532,12.148050173652845,169.555138841386,12.0,52560.0
37.91961089827515,-87.41252652007611,782.9404739790004,6.923893455021159,13.926473886643453,6.619016397723513,1.1196633223914176,11.09362853321868,162.34459245770663,12.0,52560.0
37.475630111028565,-94.46584069678426,242.57789416302464,0.8373086881281323,17.301843601713284,7.833756347472146,1.180756216903384,8.674087137310472,283.8183193694683,12.852800667183509,56295.26692226377
37.4558422659881,-98.34514686519452,1036.527622478015,4.831135313360676,12.544081585335478,9.586943017368087,1.0910708485557277,11.506345284695879,480.68812656491315,26.7981112287045,117375.72718172571
38.483703998314915,-74.18854868256928,326.43556093597203,1.3735852392568895,16.496275434889693,6.579292824246647,1.1722512126300733,9.628975748425614,166.92767436993927,12.0,52560.0
40.235230493432695,-120.0723128199519,2275.344307279188,1.4123977746181362,4.277365008295064,9.024874506566828,0.964579809495104,6.020335954852095,354.5126089102278,22.8824180540733,100224.99107684106
43.31973599233847,-108.84755608515253,1150.9066611338553,1.405885889923231,10.098639235495323,8.764991020723409,1.085295453453432,7.266389416584195,365.4032573828666,20.31632214834536,88985.49100975269
30.475697283077146,-105.10335590718144,775.0768349693448,5.172210695742289,16.20682980526079,9.660355987728476,1.1118941884406284,10.737779239419691,501.2020705970515,27.722730646411296,121425.56023128149
43.80118584432149,-81.74900614050947,1843.8036892629823,1.0445554796019123,5.796822111125659,8.260918082709429,1.0122061891016425,9.313341045006105,285.31456312700726,15.76910259226913,69068.6693541388
35.95813637432289,-70.40421051125355,1205.117650345788,0.0036249830510498324,11.981853185628406,6.584133345505082,1.0710322407152573,8.589255806090673,152.85104150630593,12.0,52560.0
25.849398699223947,-111.00379220311373,757.8809771496311,5.024390036362695,17.69789452733503,6.637648062796677,1.1084912519494141,11.580877959269628,162.08578914511236,12.0,52560.0
25.405222301855503,-76.78740395659764,1952.4832268901082,0.7510320004459833,10.6635339481027,6.677622444199882,0.9815468812752937,7.9905176699048726,146.13243885305107,12.0,52560.0
32.02171964870546,-79.14637093668327,2083.8221193826703,0.4414135944408515,7.890551389092343,8.411000552634436,0.9751915621177191,7.871688031892559,290.1368714562898,17.2848106060132,75707.4704543378
42.837527450675225,-111.86850052734461,1621.7594357670512,1.0846956499470495,7.418185150195129,7.271776554654053,1.034308714847451,7.7768222678621415,198.85740367720535,12.0,52560.0
40.984342433781976,-102.43604066924198,131.77532533024817,1.9115014637871026,16.914045317883918,8.17140188731408,1.1980361406460616,10.06873383199928,326.8358109204708,14.909708719469009,65304.52419127426
42.926759152137755,-101.87766505820397,1367.8484547963465,2.5843393850936764,8.914881525580595,9.666117833751503,1.061377272090934,8.44601708576871,479.28743434605536,28.353572488895033,124188.64750136025
36.414457354598625,-71.17608389956585,1836.6418905535302,0.1823752826822444,8.055811450299233,7.26366229769633,1.004964794676973,9.12946884383683,192.56962588783364,12.0,52560.0
34.564775950931775,-114.23183732553949,344.87716875892556,14.103415849083156,17.561304202166916,7.12975718069143,1.1653863120106622,16.711473395215066,211.1855188246989,12.0,52560.0
27.538860640950816,-80.84546956034177,564.2363882953559,5.036012338215069,18.352923477942618,7.199888065856096,1.1320797695836022,10.967554028782857,211.26340145074153,12.0,52560.0
31.876626086623478,-105.95359343465206,2120.338350062165,1.5614828079990035,7.714982073639966,8.452150111696183,0.9713763051025364,8.148837205067641,293.2642435821088,17.53910265787811,76821.26964150612
34.416464788173,-84.53300132808734,67.88969801031621,1.534994062011984,19.267722375486205,6.813284662968782,1.1974490330946181,7.294346203810239,189.36366268717808,12.0,52560.0
26.126410312310814,-101.3194057680342,1811.490588025823,2.3807623813532666,11.29313337815182,9.698352947152099,0.99662162134635,8.651274121158306,454.563190368353,28.62730047998386,125387.5761023293
29.29468686506907,-92.76857279170684,1147.5804361843266,3.9366172089365543,14.326111323373318,8.328042249517967,1.0697686840594587,9.96596208301207,308.95031617351435,16.11783183935757,70596.10345638616
38.35740705752973,-79.03896424038892,1083.3177380382642,0.6330441070461814,11.992871454511494,7.7286380006413555,1.0869846980050804,6.0,250.90096556531196,12.812024028353907,56116.66524419012
41.65591474174056,-80.57505949087026,36.88974733783148,0.8376027431257612,17.281887093450845,5.628062748477373,1.2100811988916649,8.26573545947386,107.86022208350954,12.0,52560.0
47.96034027343079,-77.2131480888562,1970.1677897002528,7.8483291838376745,3.790891179769247,7.057175897581703,1.0037009380526476,13.818226351933813,176.38723848835068,12.0,52560.0
46.39471995224538,-120.78066443138842,876.3832635150281,1.184227769997071,10.82328443323622,7.588194165948997,1.119191536201329,9.391198148518889,244.50611585267401,12.0,52560.0
39.4215647888446,-86.62927013585377,1307.022202495292,1.9134014531029309,10.331397348374868,6.853557648683873,1.0639558862873135,8.55259382097195,171.25443864659073,12.0,52560.0
34.10995327905773,-116.44068165702481,1631.9756334788694,8.200209879836462,9.975160215409463,7.150953402557852,1.0236796447598557,12.976449486000151,187.16555062900179,12.0,52560.0
39.26825675299759,-101.5457973270058,1692.2583919222395,4.352444431111919,8.065972622567289,10.481744756665151,1.0230047835710079,9.944069175360752,589.0449112664647,36.78643859345705,161124.60103934188
42.85563883392557,-94.37622558704682,2295.232540006052,1.6724502806179051,3.3719131097860178,10.59938069196554,0.9653353324407322,9.181983048373578,574.7641590965773,38.34825219004025,167965.3445923763
26.840068582161294,-102.25206782367114,1284.5890887031296,4.6042508498189925,14.240444893132834,10.302466503757518,1.052363380914496,12.610679898384234,575.3860990631312,34.07919310944123,149266.8658193526
33.83771735271092,-95.9409695066376,971.3325313191376,0.07951803976246587,14.020689606271898,9.666404545813437,1.0940792389998926,9.20990938700733,494.0986661770719,28.165482177935896,123364.81193935922
44.15525485525481,-70.18757932487458,2289.814631050265,5.3218141220404656,3.014535757121969,7.879394109795836,0.967239515089262,11.818041640055583,236.58243934769092,12.380592041090459,54226.993139976206
33.21199084639306,-116.69826505950584,1548.2223593607403,2.670042809452274,10.74706858991764,6.6465422696401815,1.0314650988030576,9.010563790810902,151.42997653046135,12.0,52560.0
37.72493450945248,-87.52537355183301,729.5978479382023,6.710484745886846,14.304932559535041,7.398070031884538,1.1254069230294657,12.926216919065912,227.84258597762408,12.0,52560.0
38.10646466069276,-102.61594781517678,320.98490406049933,12.37229142950598,16.642151177429177,9.298429835257096,1.1724241080960232,13.399122516055924,471.2849804467676,23.540340436651604,103106.69111253403
28.427430075207344,-116.81747085900425,2025.2797134871314,10.40334728493847,9.32009269651501,7.715112066613054,0.9773436702339406,13.939184192574013,224.41094027924692,12.0,52560.0
32.69365059965492,-115.42821477778729,881.9922146500808,9.599250350724624,14.899951532203039,7.308712092070144,1.1026037001868323,14.460003914223515,215.23456297561845,12.0,52560.0
32.02827092980637,-72.73925226273668,1591.9179368473463,2.871152816582084,10.840011099974014,7.6464644488993825,1.0256044018382509,10.611197146806553,229.26190751725468,12.0,52560.0
24.628721004769556,-76.50151917756486,1140.5430780908375,1.7860367225120153,15.76812523002411,7.046302704204031,1.0653414088707587,9.875483421766099,186.35570862662155,12.0,52560.0
24.580602333392527,-75.01973413758881,493.45287591219125,2.5022182472000476,19.665102044509098,7.012319581213039,1.1366195828235552,9.855127775371662,195.96126762013526,12.0,52560.0
43.96072904821857,-70.45723010532113,1452.014128516707,4.6833902583151374,8.099696514434187,6.4890097376255795,1.0535391276700765,10.575164180088423,143.9315331799571,12.0,52560.0
30.553699439347497,-112.75096893954003,164.4257041026239,8.616583692623417,19.847335943580006,6.550390447135447,1.181444534232745,13.815521379365837,166.02936414160175,12.0,52560.0
36.43389038973157,-104.80627578234066,1003.7550544934375,0.9276591404530055,13.047302556119906,10.098210827291426,1.0934926611941325,7.413162235568242,563.0139784163968,33.125861284182925,145091.2724247212
31.169413766130553,-87.8621723840572,1320.943556399537,10.013577605933413,12.723514531763609,7.778875598835559,1.0532599162049292,12.994533847608146,247.88830599444935,12.0,52560.0
46.57630188276817,-97.87466284752504,1057.791798402218,6.753496622542053,9.680358644756241,9.820007922560825,1.0992761012194536,12.126179585277589,520.4898983303855,29.002253735022244,127029.87135939742
30.22312221277857,-101.40696519756999,1801.8397770973581,15.425599278124317,10.122024673582278,11.460405954551646,1.0019362888918266,17.463196738125085,754.0673132899199,47.10280044028311,206310.26592844003
34.31176350573444,-104.67819253587797,1990.4613918178436,8.489455403994238,7.763702597372603,8.450454812733453,0.9870171731978666,10.902935028118968,297.80704323741867,16.83718911338346,73746.88831661956
44.94552601163045,-91.93584587505359,1855.5585161989638,1.3136681146616211,5.382991099317083,7.6048693116498045,1.0122368684786223,9.334376525936394,222.60115906755811,12.0,52560.0
44.206405603003404,-92.91795485343557,112.37481579208902,0.4480007554186249,16.063829424346448,8.86837083192798,1.2043326418804583,9.196074506754446,419.99874871529926,20.71647620620232,90738.16578316616
28.466434028310655,-115.28127696053103,482.02647366141383,0.47622020125860265,18.56791094953832,7.052332708160061,1.1424584236134756,8.192989835795608,200.3589684332544,12.0,52560.0
43.26343943509705,-98.5260487740043,1297.1258720477829,1.3768591156152872,9.238212937184187,9.839657501386784,1.069366574653984,11.675475009309963,509.37374357067876,29.318329317406466,128414.28241024032
34.996485281709425,-94.11252408466811,2244.876456256247,3.8095759667932354,6.0317956779496935,8.232770429464253,0.9621736120697981,9.466223452497719,268.44879710833186,15.518545559660762,67971.22955131414
35.591252930048526,-93.2045053085049,2007.197124624038,6.525105094106138,7.279441373241216,9.072030680683783,0.986669289985218,11.48175846039944,368.34531145450694,21.93896905931551,96092.68447980193
27.20351933798265,-112.654211582733,2025.232129877288,9.180464500493633,9.687551419341478,8.040134140835566,0.9760796887389697,13.03419841294353,253.6560139933417,13.209960720412527,57859.627955406875
25.934436330170993,-83.9173448183765,741.6355011480263,3.91004183184316,17.769856094060547,6.385007299876619,1.1103904136471092,10.254599965556675,144.5206487457113,12.0,52560.0
41.47054336737037,-122.63924887966223,1042.085995047312,0.022588913473471993,11.306321019505017,7.1348318427292154,1.0950792114733543,7.619083572524533,198.86885104006726,12.0,52560.0
35.91506765652719,-104.83907980066923,1140.280154611931,0.8247365962572512,12.383798775370256,8.924337846595986,1.0780029969880902,6.806669304228505,383.10514220240685,21.799492958204077,95481.77915693386
34.484416862764306,-81.86851697907579,394.5443683727868,0.42022537592807563,17.28740873093399,7.08395976376293,1.1595791484083968,7.596277270073075,206.1098080839015,12.0,52560.0
41.508197487657526,-93.54978226300827,93.94214998180603,1.8059805359500791,16.983887853811904,7.009784111575328,1.2031461096019371,8.966443486641156,207.20598881554082,12.0,52560.0
42.37230957578663,-109.89722864441354,2273.6289007160303,2.7834112991355435,3.6465337229678294,8.928899670221583,0.966985407540631,11.144333277955724,344.1785128857252,20.754907053151634,90906.49289280415
27.813796024064487,-86.47253155547543,592.895953879146,0.17746799325495438,18.09848546950578,7.809044877314513,1.129174514974154,10.749172724000468,268.8591541846443,12.165602567220521,53285.33924442588
38.64540358746339,-93.36088901557204,591.0783908622425,1.7137763104389578,14.859908578587527,8.123163038133194,1.1421211328005128,10.630834463684161,306.0960191862692,14.41355608404284,63131.375648107634
27.248497974664453,-81.00284508935509,218.4421479696477,0.7898041679553928,20.514797719782777,6.542226023207544,1.1712018205822106,7.543427665166108,163.97527796647634,12.0,52560.0
42.0330020646971,-84.30863994574955,2229.848449626193,4.165944052312261,4.01100868283371,7.449287133144995,0.9710091652848617,9.664594898635958,200.69542707847089,12.0,52560.0
39.76692375041135,-91.05417221004333,1399.7743335566572,2.496517595154769,9.671276873536653,7.528586837344138,1.0544108953295583,9.30671626408164,224.96775862662994,12.0,52560.0
46.95875090600299,-97.63840553321604,1607.5477199583422,2.735304205768807,6.26708840844905,9.625143771880841,1.040387363214903,11.782653190085586,463.85981330406435,27.108966520768956,118737.27336096803
25.654992392554107,-116.80816521395374,2189.552991686065,2.232310402443597,9.166184332117378,7.328228363593587,0.9580834863188156,9.140877378847886,188.52560462606885,12.0,52560.0
25.369313307630105,-109.88801703418928,842.576001983879,12.496054844136948,17.333749995807693,8.83603618399215,1.0985889300433767,13.904623917837252,378.9463077106594,19.261267685308564,84364.3524616515
30.772489792636804,-101.3686284624774,1499.1874005086402,0.9669367915432936,11.773128659157118,10.736240687677354,1.0339568897612637,7.978749510582334,639.777780536257,40.276811503819324,176412.43438672865
30.28093640966174,-91.63783850165501,112.34270225475215,2.908175010458646,20.241662863572966,7.982912673399986,1.187187738688781,10.653372208458489,301.9767747130139,13.396633784584523,58677.255976480206
29.927491177727994,-96.25977581837354,464.5186171900878,5.327487869050662,18.234640943541073,9.426738251165334,1.1461674055811515,12.024421053705701,480.0676078712515,25.103908230307937,109955.11804874876
45.750109932504884,-108.43803559818541,1998.365016114063,3.255337434846383,4.284776923564156,7.532733154948633,0.9984138636451962,9.712942461117843,213.37245593274847,12.0,52560.0
29.989108796388145,-123.65092467935563,1844.908688085239,10.581478440964828,9.933815232572124,7.403460883685848,0.9972774519038876,15.168984672850932,202.34401472468585,12.0,52560.0
30.526793427087142,-97.20308201735605,854.5296056680096,1.8990572494490845,15.714784337865801,10.300179296766839,1.1031509828010255,6.4116277066132525,602.7529080746834,35.603305900158965,155942.47984269628
42.22555829803113,-108.57619661763887,916.8092941026257,2.4920658431115834,11.831476745974907,7.128731811044214,1.1097898691599388,9.619834587906187,201.02385161241963,12.0,52560.0
34.79375621881296,-84.3311517616311,1289.8595518575191,0.37075266808951646,11.822715823210999,7.799441320393192,1.0606089269059649,9.255274106496065,251.60297236044707,12.473901403676733,54635.688148104084
42.64105336692435,-122.7069016753939,20.573591150620228,3.756181781899505,17.084242443018972,7.501359849926229,1.2132514720549314,9.254273138954261,256.05946287153046,12.0,52560.0
25.568787781545247,-92.4192981894873,594.1615197705063,1.3599004815546536,18.76439454691339,8.85384163275796,1.1264273426503666,7.812334045137247,390.9024900527224,20.937235167728417,91705.09003465048
35.70170864816122,-73.16039117467247,515.5917044875504,0.6988854360933086,16.19593717862633,7.976375982383301,1.147197420957885,6.1795934783398145,291.08847957356176,14.468765741471461,63373.193947645006
24.806726404398784,-114.58189957597902,616.149413264437,3.1457130590470075,18.86108559909374,7.282550110606724,1.1230821533516306,11.795302549201036,216.88622778889956,12.0,52560.0
25.50367688292851,-98.53092749946785,1938.0559052295903,3.0398006354277327,10.720561503743907,10.828112157207968,0.9831069160966098,8.95969560883076,624.063801481366,41.14383657676578,180210.00420623412
45.754498880265864,-119.06321244187454,685.6237785805347,0.31561720225701956,12.159907664437032,6.590185512727921,1.1398913456081776,8.478622254788744,163.1271996961425,12.0,52560.0
27.341888906822284,-90.21317673788695,475.82074647935264,4.792167753524368,18.9425088490772,8.082972690012758,1.141842237761957,11.600001101894671,301.50147601219106,13.878023866019499,60785.7445331654
36.77809637460521,-94.27128924780382,1220.147036687415,3.910241772529511,11.645688867493947,9.36607646440951,1.0703338004095049,12.16062660248745,439.70594935003095,24.48943558056824,107263.7278428889
33.86629446241696,-102.00226169250706,2080.235186567102,0.8380341420348426,7.358700541872297,10.296213124281886,0.9774766257149333,8.318143156438143,533.4687156056285,35.08222060318324,153660.12624194258
32.33623983021222,-95.84564084041797,594.4122951332497,2.535250170820533,16.732654280136835,10.057521980958061,1.1342881047681934,8.873834349958218,576.9874317596025,32.32108813660691,141566.36603833828
45.59600029649454,-75.58496844267344,206.9162578468609,5.096478457927235,15.079702363970474,6.290983671892587,1.1949265934753623,11.265568253041005,148.7534013263098,12.0,52560.0
24.52376152261175,-113.40010767520238,868.243271322202,3.0152910092980774,17.433411915283266,7.178150888659654,1.0948096724393594,11.35007093742959,202.46333186853818,12.0,52560.0
39.93095246821414,-122.78151636791125,1799.411342464647,2.01334215304428,7.224246204747875,7.490833459134306,1.0125955364909154,9.003798254145627,212.81215916943248,12.0,52560.0
47.121466421125206,-77.47009622624856,1330.6434963736112,1.5564292655730187,7.879699095420772,6.597824525461801,1.0701444655134023,7.78801466144292,153.67906053636753,12.0,52560.0
37.444036403084205,-92.83567755105305,1963.968219586947,3.770475858550417,6.982979761553057,8.8032302930537,0.993027358748083,8.413376145151815,338.7329213970629,20.35383899794868,89149.81481101523
46.4837390887942,-75.9044434050605,2303.8293113099767,11.194659775455088,2.2319024055018772,6.306891033225433,0.9682901018709207,13.251239003746782,121.45670066027503,12.0,52560.0
25.254189102864572,-91.76495793568867,1906.5366946688487,4.455856190606307,10.984523101127538,9.080870164892968,0.9860378775204047,11.710783511251782,369.18666123236085,21.961239187227953,96190.22764005844
34.051039657779874,-80.25130114217606,1457.051327648133,0.31074752168384195,11.04238013677724,7.386554647799699,1.0419866089674612,7.801699141442131,209.97030913927225,12.0,52560.0
30.24378698308923,-100.79763837882201,1194.1529795646657,2.4698216560939046,13.761946027685239,9.685951551470863,1.0658103317553211,8.752867901751491,484.25800377438134,28.476630054611288,124727.63963919746
41.53970315953752,-83.50756371043349,115.36442550887467,8.85918089848627,16.845902499085497,5.91087808727076,1.2006580024734008,12.456347871271031,123.97820103817145,12.0,52560.0
47.55113017193392,-74.69576078794778,2362.6863095774183,0.3969060279738074,1.5585430909553146,7.354651800577548,0.963540102269074,8.340198649024503,191.65764512324986,12.0,52560.0
30.15672149866195,-93.10535995900086,932.6850717286012,17.99449786136863,15.35687312002981,8.943367509108876,1.0941235412077697,18.509352604302475,391.3268070774895,19.04021688736113,83396.14996664175
39.70019043537779,-114.2376018696315,382.303149122143,11.90916493003979,15.796123974653803,7.360983533602034,1.1672716878681746,14.81774038556077,232.7820534128053,12.0,52560.0
28.75434318623376,-109.4849287883693,1606.767075843567,0.3260312047591837,11.733094589068468,7.515174723079592,1.0205236195061176,9.814807436228397,216.5759915330977,12.0,52560.0
37.56792610971864,-113.27319284754009,696.6061280471932,10.83700291275954,14.549985398801248,6.6480249737308466,1.1289274443282218,16.347821285889687,165.84942186294333,12.0,52560.0
35.13437968052007,-110.66972050983043,1414.1522848158934,1.8047751721992311,10.974772386948617,8.218966301337698,1.0477273301745085,7.150839095828742,290.85054132865776,15.993757339085779,70052.65714519571
47.32812791115689,-107.45356573504404,1416.5076206701272,7.44982231498625,7.3025159026321695,7.943445014425852,1.0611401737410275,12.863004666363299,265.93129110456994,12.565704674227533,55037.78647311659
38.604654544715196,-94.02277551532782,1080.8369737488285,2.167774816497983,11.93358179409247,8.830857267467032,1.0875385827404311,8.36843037155312,374.47538315505886,20.600949733672177,90232.15983348414
32.38815293008365,-92.24845200895302,2009.9623049972015,2.3253865970180096,8.223780290991696,8.57743583827154,0.9830202301759651,9.097330621577493,310.173645331941,18.305308110970362,80177.24952605019
26.738298837310403,-100.9690136489395,650.6216065019544,4.023145396987053,18.074780709795153,10.042777590787717,1.1214549436946706,10.785021300344264,567.9542694718341,31.684740308118908,138779.16254956083
27.62992388963843,-90.76727788967489,1087.7455680502073,5.95733995521717,15.184549424807228,8.524575416788819,1.0743741535077407,11.319140072813198,332.76974056930584,17.323196263460282,75875.59963395604
29.407606318829643,-119.59495401698624,1299.7072660465121,0.1374927933887757,13.379474508072036,6.430313440898749,1.0535785979401542,8.359047532786425,140.06620847786778,12.0,52560.0
30.02319987216715,-119.25943519885936,1599.426835426173,3.5973017936163187,11.396479025792814,6.050282499669748,1.0226538406144396,10.965945323408091,113.24671618286436,12.0,52560.0
44.41478538818731,-114.72120914068644,1885.853004203303,0.8267832112324377,5.360446358323989,7.118321272079518,1.0085297439202012,8.849562087387847,181.88273283683208,12.0,52560.0
37.4693469187806,-96.02381510582138,959.6413332502494,1.698282962769209,13.001347924864323,10.616129958601546,1.099533527968725,8.242766212660376,657.7746924422835,38.78039318435132,169858.12214745878
36.561381872984796,-112.44428735029106,1557.5917269498984,1.7106506406643536,9.686035076405172,9.000514287680964,1.034143392936028,8.271350856034223,377.0098898534974,22.103258675216182,96812.27299744687
26.75445292486122,-108.70264221140083,378.45406830307553,2.5324275970609507,19.702939712723182,8.952814040238177,1.1522299036542265,7.791810202294927,413.41653054854385,21.802440537304864,95494.6895533953
44.64335264038644,-102.38310684665832,2239.7024792910993,1.6266818082306636,3.1687793321374755,9.91213083057697,0.9727712773438658,7.951304727913537,473.67647943628646,31.005644028456793,135804.72084464075
41.34754327700361,-80.15922930343949,931.6799592819884,0.45429267142069546,12.005657261206984,5.949801953694448,1.1071166935762253,10.627057637130651,116.5925856040156,12.0,52560.0
25.624040685600036,-123.25144466070556,1756.2609843039236,0.6295577890261074,11.775221888496446,5.775243634769002,1.0017466057763258,7.427330384501372,96.48033756150406,12.0,52560.0
40.98804233351445,-88.93354370722238,68.4117748795828,0.13603927384636705,17.29311665066817,6.217870433954679,1.2055152707318926,6.649568989375236,144.89977956654988,12.0,52560.0
37.04491721622351,-87.88066732380298,508.34540011344063,2.5413934209039106,15.836452434452301,7.085055623332782,1.149623254137274,9.908749486756074,204.43504056122472,12.0,52560.0
25.961408297922677,-80.87258786074162,1179.2564554901157,12.355576198388086,15.136038777682502,8.192453161845261,1.0626569056621862,15.28090800788262,292.1493836798827,13.76311405462027,60282.43955923679
34.99921539668776,-73.63134129074308,2110.240873202985,0.49172355901580145,6.838790141775762,8.086750686049818,0.9756418691282792,8.06032225119041,257.97795515722794,14.790390956574733,64781.91238979733
35.63271089112113,-122.91255615673835,1274.8672568826116,11.694725142398683,11.66098319136799,7.462610855985626,1.0631554709524367,16.70769024513372,220.92210336580095,12.0,52560.0
27.978588963918618,-115.69567990228633,2233.091747859432,5.287446103248883,8.207872823667822,6.922295410993748,0.9561379162021624,11.831419672619369,158.5772682172464,12.0,52560.0
46.696755528006776,-76.14675012097638,1171.4366138670553,4.058910009769103,8.962353658395635,6.601061299900506,1.0869465454741343,9.799354487817292,156.32177881280563,12.0,52560.0
44.399408915535886,-99.23999764190117,1187.268850231561,4.145680820443293,9.55656422394987,10.22915234781624,1.0825723068490274,9.97803739115584,579.3564656195072,33.9199559218537,148569.4069377192
40.0565360958986,-93.51210549759297,304.9973566312659,7.011562542591952,16.153055031442825,8.67947799155579,1.1766502581764557,11.603833708868349,384.6787689526992,18.516120302962623,81100.6069269763
35.095093464014575,-88.19653099895004,1930.3218610822832,0.4523158583808627,7.889540794301926,7.997010516894077,0.9939626748551741,9.321077060924825,254.16929362234788,13.829839769886703,60574.698192103766
33.8823729980282,-87.33040335723558,607.7776816716088,2.810805294033205,16.188622010561886,6.512669092892252,1.1345967941404334,9.316706021076158,156.70707105099922,12.0,52560.0
39.6233632116229,-73.68601822090855,2161.07772470611,4.7772932202287555,5.146524688276468,7.94308331237004,0.9753785567550256,8.714591729192271,244.40526718628553,13.600267684909769,59569.17245990479
37.090364865765736,-70.16473145976984,2187.7616443863426,3.5354920912388694,5.746320673952225,7.790020607717416,0.9700483305366467,10.063311640262109,229.28687570290373,12.208108974246638,53471.51730720027
25.494554541165254,-85.11149710972923,2265.078066260476,7.153757651437624,8.761165240087566,6.8241761224314175,0.9504566855036198,10.44782338950906,151.02645021968203,12.0,52560.0
36.300063570487964,-108.49005470292185,1258.148564065354,0.30006551580073804,11.561089544461485,7.591547823145957,1.0657008060325635,10.801116031586325,233.12899702825388,12.0,52560.0
43.35368681358815,-76.49337027610545,1631.4832077850735,4.6937878404352285,7.204994709213112,7.87147760785604,1.0338572059080473,9.65747120764446,252.11538949394304,12.866051457066181,56353.30538194987
35.021757062327,-121.34207061479887,1872.8677945467591,3.0545166155618455,8.256266114021347,7.2747740623532255,0.9997574468782524,9.638472250907832,192.4523334184396,12.0,52560.0
25.24695786130244,-111.52163394477721,331.8147923881081,1.9067330833228973,20.43502388728062,8.25146310055544,1.1557813746281846,9.453883131635102,324.6673241075243,15.662489391768391,68601.70353594556
42.870676785216794,-75.54117125695939,1450.2781240940435,1.6637286821146118,8.437128219870699,7.698991378769179,1.0525005846197502,8.651847416453691,240.15622594306993,12.0,52560.0
28.832730771263385,-110.16565822027484,101.62900510188179,3.879110276793383,20.740406738009696,6.580461994232859,1.186683069143989,9.979429684316598,169.0728626819312,12.0,52560.0
30.20690003731293,-112.08484278042559,1204.2072784651675,8.865459852788094,13.712686318015116,7.521403549328948,1.0646881115072797,13.82546865506591,226.51088720532638,12.0,52560.0
27.952952482375103,-116.54123417042665,388.5255822561412,2.7421125262829187,19.282960761750623,6.961381412869876,1.1524956618153526,11.476726666325286,194.39970056233733,12.0,52560.0
31.925161556915942,-77.6079650870665,455.3565637897616,6.965554541659639,17.690312150186646,6.433930312289107,1.1495736744289085,13.10034362317654,153.08613976677478,12.0,52560.0
42.16203613652724,-96.99685400368132,888.8132087283916,2.057704269323964,12.01850990667148,8.94726618454939,1.11282612771689,11.00883921588263,398.53676570211866,20.949514172216926,91758.87207431014
36.4652606280945,-87.55576703507563,1049.200456785277,0.4320983013212009,12.765219070859988,7.937789558890231,1.0885507361743911,7.003316051080518,272.218366270008,13.990934237690308,61280.29196108355
28.9171505796171,-111.0904152599484,1503.1503703866056,0.2539141413744318,12.30595260379524,8.31275941296335,1.0315251618141055,8.533183644731093,296.2684903845352,16.358795679513896,71651.52507627086
45.06792187564898,-83.06581726539432,197.13963588366727,0.2107955326324868,15.296785622003304,7.097309142463036,1.195418468312215,8.312772582049426,213.68357104679572,12.0,52560.0
45.109964518836705,-82.95970057204667,1218.7863917451182,1.9131119788695965,9.154292293878278,8.370123685586286,1.0799588590602578,9.569176737333839,316.64515160422474,16.54191373636137,72453.5821652628
44.89388220110416,-107.11970665495178,454.64781000238065,1.6453558066154923,13.80394847965447,7.766317404162625,1.165241863755629,10.638691848731982,272.9175671338967,12.0,52560.0
29.731109073156944,-101.82313781744472,1386.0609165755457,5.062499649955957,12.764301778599643,11.153325357294241,1.0447565356444728,10.772552810223111,724.7666730359946,44.75489423723403,196026.43675908507
34.829744260343716,-112.67672501876916,1537.0229771816166,5.431939555240914,10.328938858807184,6.930042918322951,1.0344085361395263,10.772559693279643,172.1352730713063,12.0,52560.0
47.639751747381,-71.26570474056317,1344.9680305957922,0.2087704528614475,7.638266292210947,6.612827127999567,1.069190641410746,8.766039228619265,154.59187397116614,12.0,52560.0
42.52829943143977,-89.13746083884578,1777.1433149383722,0.9996099113524782,6.578650280937836,6.5790097416716495,1.0177285547938997,6.465922673732471,144.90506051437717,12.0,52560.0
24.652018109413437,-73.53463044136217,818.7500012933451,1.2822640174650655,17.6918945594159,6.836116920399286,1.1003993576296247,8.485135951532426,175.7716293474753,12.0,52560.0
25.56491019025181,-107.6171806440268,1840.9536880868516,3.1728601009548782,11.284804814403348,8.143494107952373,0.9930263650303623,9.742678833430384,268.14094958581245,14.78499257201299,64758.267465416895
35.134353043495985,-81.77789069816795,1049.9856544655008,0.6243479245628945,13.159780160158197,7.61433486679425,1.0869469671248404,7.270178415169427,239.92432240057548,12.0,52560.0
45.821284940677444,-82.64363323022394,1172.3591060077804,0.5752099869665931,9.219459881750087,7.462872022376663,1.085834856073911,9.613596805807848,225.65853560916776,12.0,52560.0
36.92884315086514,-86.65059479920676,1562.48306288135,11.514563362786921,9.546448677452359,6.6826870330726145,1.03403230516143,13.634049636860212,154.29699888714407,12.0,52560.0
35.947500192822964,-71.85549533559278,63.69295391815302,6.522705589196952,18.833592218644192,5.98447510711267,1.1998271714322992,11.750575695481615,128.57806676656662,12.0,52560.0
26.531368798959136,-102.74801185025896,1576.506246980191,0.7969996756412402,12.581551878431114,9.586105237772099,1.0212867590544996,8.829988475772305,449.82571917595754,27.45889768571291,120269.97186342253
39.76272251338305,-116.9412645261531,1492.2326547916346,2.0873292894135185,9.117787317235274,6.138284991360695,1.0445745069079668,10.876539447419452,120.79544874531994,12.0,52560.0
43.73047585440541,-87.72772160082073,757.4361378728062,1.7578790695819009,12.336240416441541,6.661795434370619,1.1293701791559612,9.042059719892116,166.9476069048666,12.0,52560.0
33.130080180181494,-84.61727077423086,224.19039806078496,6.261762081372959,18.71583355758084,6.210609789736427,1.1776138545028,12.880441561777628,141.0508284928646,12.0,52560.0
42.61468442220786,-92.946729033224,236.42637079303793,2.8551380229394536,15.797036448579414,8.939971407699257,1.1877761415495596,10.553797290496224,424.3390417182368,20.999363369591943,91977.21155881272
47.147439693619475,-112.8318337707966,2217.272517824844,0.5471741998276648,2.5521329849650947,7.8106122510220235,0.9776807588209492,8.47645358729957,232.92832698059016,12.744434383390107,55820.62259924867
28.890395019064538,-96.75937914985481,1660.4847845174925,5.372817851034995,11.369972787175683,10.209347612460977,1.01509156212531,9.91627462069285,540.0938044977894,33.71628572572998,147677.33147869734
36.55991114867379,-107.14175422526701,322.5042207743621,2.0226093016831697,17.09700133075169,6.970348404287971,1.1703744044861673,7.492068547924684,198.1792948047717,12.0,52560.0
30.891310994029812,-100.91680747899879,869.0011429551971,1.2202584292606171,15.518599844059874,10.765971682593284,1.1019708231197243,8.859961539259395,687.5428969381627,40.4147288997116,177016.5125807368
43.02850605681215,-89.15819690438815,1430.1095254857994,1.8832069715474626,8.51079103004156,8.648710596001164,1.0548291077252518,8.47868793424534,341.1977862301494,19.04298641129648,83408.28048147858
37.862240781147776,-83.75840389469494,2008.660658115744,2.754681375113806,6.589363816961203,6.097658329104821,0.9889235112085891,10.755922135085834,112.10422070011113,12.0,52560.0
39.22997802120729,-111.45986669132748,123.9130103369603,1.680988400123948,17.487528531616054,6.3096847599442505,1.1967904916734384,9.90362086179266,150.3180454396289,12.0,52560.0
43.149939830781456,-102.11243052506452,583.186852898621,1.1077903620028804,13.555896933373834,9.975924978312781,1.1484041729751258,8.443141023877269,570.0648845103764,31.556311732754203,138216.64538946343
33.503291343898915,-109.46527516645202,2137.6025969030043,2.0333284659231587,7.1233970154123,8.56387294150731,0.9713358974131623,7.830741570824372,305.0352919117321,18.512018260690496,81082.63998182438
45.962161641769036,-113.27389285145907,41.814009437483236,0.07743637854491921,15.960467450844389,5.788484174828721,1.214901917800581,8.659344486655678,117.81640667142561,12.0,52560.0
36.79269281390736,-81.69709012022473,499.329864649452,5.92238229170976,15.966212967931082,6.772022683277659,1.1503503405403244,10.331890039663676,178.63038823651118,12.0,52560.0
27.790915748048352,-74.90035450040241,2302.477538815659,0.7498746107024953,7.84786004269154,7.091671701047142,0.9490985131734588,7.539768058904459,169.24941038682732,12.0,52560.0
40.701578836051254,-104.00746197303286,1479.8963947227674,0.1795903774843721,8.910147980848022,9.574898326906323,1.0469266141107256,6.932455340632438,459.5034300529307,27.822337656269735,121861.83893446144
43.038272410518104,-83.43093808381659,642.7778525972653,4.241784212490203,13.231851161260975,7.930440152710595,1.141496331506618,10.378869301166178,284.6665255117989,13.095545862989239,57358.490879892866
31.60228024962064,-75.56225437432181,179.4388046621173,5.947750815254886,19.442683097141106,6.078790765868464,1.1809663148329046,12.972881290037606,132.63529259649624,12.0,52560.0
44.57230216797007,-78.3092926313675,87.09539026438874,6.724361518467464,16.105737008022643,7.069122101222126,1.2077807676706624,12.028567866812244,213.33129185279057,12.0,52560.0
45.7474381143784,-114.1280770188818,602.4932895358869,2.7209963403747026,12.660808828471161,6.594337801668731,1.149331135499035,9.100735373311588,164.78920097145362,12.0,52560.0
30.645707697067415,-72.36023839827848,2117.936250621607,0.9195055879988082,8.098670187150136,6.887203535936832,0.9703413012136184,6.720965436744992,158.4978131870396,12.0,52560.0
47.604515345165325,-103.65947221680904,1009.8744972280725,5.345869258792183,9.659398413081968,10.034399488929441,1.105770901067483,11.870071056951122,558.6107934124303,31.323562749886488,137197.20484450282
27.3770766731702,-105.68100429661284,1734.3934186150634,4.812067407634156,11.380516486358559,9.691132211567533,1.0058472539159216,9.95075491746614,457.7470924221515,28.229456559575052,123645.01973093871
28.84837604165976,-120.62870832699986,2205.5183842042993,1.1308881570013336,8.112376882276276,8.0930247960611,0.9597597890470525,8.819554037190516,254.3695770032149,14.646218883682412,64150.43871052897
28.421396141712627,-97.74662267833632,991.1362986147035,9.349027317686655,15.52676336579799,8.866683025728685,1.085761103871647,13.184354051512026,378.43198293668615,19.704845927733324,86307.22516347196
45.45575304018889,-118.11326475538985,475.240143069005,0.4409181028792834,13.511833229529302,6.643720112221461,1.163554870849763,9.270363525246896,170.6046473088573,12.0,52560.0
39.70302125579909,-110.578849669919,1250.7406754394683,16.225476864094727,10.584649570623466,8.306015873492553,1.070335288614857,17.546602448022572,306.66775845779307,14.053841463592978,61555.82561053724
27.65050279733455,-106.8850984245668,2181.2391752024537,7.871538012892793,8.617414109584914,8.790585081061725,0.9609452439192286,12.652211182308012,326.3788373337844,19.186615950347377,84037.3778625215
34.56776204084038,-80.32337853144907,1934.4111056477275,4.657709158770533,8.023204753861522,6.701654254625934,0.9929866733873616,11.37752207220887,149.43746076192673,12.0,52560.0
38.76715260167525,-76.7236128786216,176.67502720430602,11.171158422224941,17.30980405627159,6.934142614297933,1.1900297345929578,17.231023272050788,198.3837639623611,12.0,52560.0
26.0031380397452,-107.66681885708064,1668.3232641846448,5.125016410817156,12.189119002968571,7.947915149983169,1.0112005818356895,12.141146162920558,253.84404597102284,12.777581352167962,55965.80632249568
45.17799284177613,-77.630301452793,1381.11610345231,0.8451415375886165,8.1599055267533,8.587815772597748,1.062499571330949,8.40075759493484,336.47044748096,18.563805280194106,81309.46712725019
43.28648485059684,-77.70952938203129,2179.7623597044926,2.3347046926539754,3.9354803865939907,8.572698588584384,0.9773623709047506,9.40466040433073,307.87773440787583,18.19004031919661,79672.37659808114
36.12496256583932,-82.70884867921683,311.5057721037074,0.29675262167106936,17.29347659762596,7.252674695151276,1.1711197942543983,7.548220220613319,223.39112804707537,12.0,52560.0
47.21103876622009,-116.0784638431802,1291.0059494270827,1.9749395065930004,8.090652673571476,8.297753652305511,1.0745327690097999,8.044968859732165,306.95257433908944,16.366137044902878,71683.6802566746
34.02626350260239,-86.72256626736063,2113.1212105583036,5.413032773725931,7.113393685869459,7.673387078216828,0.9743364947263111,10.584518719755973,220.1102633206069,12.0,52560.0
47.61864765687595,-72.96870051264929,995.8566124453483,1.9539307262917494,9.739266028265124,7.7524330711846074,1.1073400718803816,8.245779679320718,257.9675607834269,12.409501240188595,54353.61543202605
40.03007997128705,-87.14281414657353,1167.1479042042236,1.60366692351412,10.988088583388542,8.484599182112563,1.0797610202041021,9.746242214663535,329.7551917545613,17.396990347074702,76198.8177201872
39.2321105580946,-106.09269014817697,187.69641284736073,3.618987700067557,17.104188355487455,8.314130021719372,1.1893112378045927,8.885958790597751,341.7558543725776,16.281098991967,71311.21358481546
27.982917487098838,-96.9687168587351,681.9818642684078,8.229296703370668,17.513233568259903,9.30804863436813,1.1193880586996339,14.537430695678452,451.36367558190756,23.346191157678785,102256.31727063308
45.16626619931145,-89.1308476590431,792.3258250220947,0.19501006820604677,11.696165190073996,6.334326356272917,1.1271525117986623,9.019461701266225,143.23659659878263,12.0,52560.0
34.25975251009476,-96.42919792866081,2269.391428012831,1.9475929534335437,6.105725678894586,9.710449378818058,0.9589775786493175,9.193157847301327,439.03227021806094,28.614289383385856,125330.58749923004
27.893601738779505,-117.52254114652763,692.7483180879585,0.6890448890678887,17.475429569838397,7.682912162345442,1.1180830413024982,8.413809267198816,253.52551208244367,12.0,52560.0
24.302580479418218,-107.14854158879089,1116.8675899417717,4.754422620888921,16.008020316523904,9.113391848262411,1.0675279591105153,10.183916000995888,404.007469501701,22.636740078978573,99148.92154592615
37.43413640732118,-80.67061435010385,1617.704528082986,0.4469658132371989,9.063531909305729,7.7448696068621246,1.0287917638856052,8.592280781559637,238.96803594886677,12.272257437782264,53752.48757748632
36.65759093094423,-77.48342551084207,405.9964263307482,4.3722042270581305,16.566744162732242,6.5247711350652775,1.1608719383643678,11.929033492085185,161.23160081978963,12.0,52560.0
41.264486936859804,-116.58579823335921,1177.7328813976612,1.3485026767153787,10.554256630556093,5.92006913988851,1.0800190583349973,7.96531385132225,112.04223412495607,12.0,52560.0
45.36619327242725,-72.57111537046887,1777.72291395266,0.8871619371756988,5.723804534555864,7.07263728888749,1.0207751710078001,6.692226655602942,180.56944428134352,12.0,52560.0
25.905758031432708,-106.2435786361751,2083.115407004417,11.017584562270322,9.729580148543686,8.723853590325202,0.9689369286475231,15.454412643190285,321.6552302799525,17.923347169054086,78504.2606004569
41.555915768168695,-88.23505810854112,1510.4970736965756,0.0747932222592725,8.470242827369937,7.422044370371046,1.0446323420880232,8.434115102448123,213.55222999505764,12.0,52560.0
28.497886658341972,-83.40144211833922,1612.347366454336,2.303428776944352,11.776549803771394,7.84648762192398,1.0196677040011806,8.037818704437196,246.2944073397369,13.099045166306613,57373.817828422965
44.59624927577194,-80.15490332955429,320.5546647512741,0.08745713344135704,14.697797228760777,8.214531586199863,1.1804042460569677,7.172404634967872,327.1516982196609,15.955142097709814,69883.52238796899
43.65752433267974,-72.92951607979978,2270.948063446306,2.6434406314802916,3.277054319518241,7.591421859499712,0.9686023453150648,8.555139250028006,211.87752874862338,12.0,52560.0
36.97905011965307,-107.10234440644358,335.52630441306803,2.7809765328720872,16.893127137625672,7.892741974813174,1.1693767500084011,8.799147196882153,287.48035671895707,13.22775729133954,57937.576936067184
41.04582716695948,-77.64065145421606,1863.72159049268,1.552441140466511,6.503922306956078,7.255021897448218,1.007161595457473,8.543045379430481,192.3026833004334,12.0,52560.0
31.544402716409962,-116.88890721444481,650.2628458323987,0.5669998453190156,16.63510211008262,7.178818974763205,1.1270750861079133,8.020343142054513,208.48838266410996,12.0,52560.0
35.30802957438755,-85.92779105690599,2241.951682008979,1.8889046304333121,5.955881035629863,7.023862460522039,0.9627869063377384,8.352390392177835,166.81234050806233,12.0,52560.0
43.71928554505132,-83.93320260624476,1733.5037036993613,4.462174552895818,6.4831921142884354,7.532507972542052,1.0235754072568974,9.767508148337578,218.7301482017408,12.0,52560.0
35.02236473215713,-87.40294497512869,1814.0766368885181,6.100310009766564,8.608830759021753,7.940789739427408,1.0057948073368763,11.385644793156679,251.8085565620325,12.916401910271656,56573.84036698985
32.5871583678106,-110.37500424870174,541.3608318825223,3.0264835489669575,16.975687498361687,7.615972998732551,1.1405819694910497,10.017119971211647,251.9258271764016,12.0,52560.0
35.8610987340072,-76.85567006117901,1074.4351443916828,3.5647771393411833,12.795059513447741,7.56381904741788,1.0851059049996998,9.759310439966896,234.7823918184406,12.0,52560.0
43.877982058493245,-114.88164297799867,1490.3954031225016,0.8956572487195269,7.894232963717018,7.731084822012646,1.049358674834944,9.927794777241278,242.44614106020094,12.0,52560.0
32.04499313690094,-121.10372125787514,1852.5372113317103,1.3549490655367826,9.271278790939457,6.195043160262223,0.9986739857411343,9.422674696627013,118.72078258714686,12.0,52560.0
28.17027823525785,-85.25689050695675,267.4233146714872,0.7064504636601888,19.94437664139372,7.277999638082619,1.1666489519109235,6.514855249965679,224.87764706240833,12.0,52560.0
41.08833648793874,-98.32431137743238,2310.4294531617775,1.1469719208391118,3.8109223346477137,9.713239173944329,0.9619752337081602,9.31665647100009,440.7843267695052,28.61169521850204,125319.22505703892
43.82347710499396,-78.1487069222315,2138.7251959198434,1.0189846810693104,4.020605692982754,6.71784362834401,0.9820721912125745,9.338043587744284,148.86859495585657,12.0,52560.0
26.415299484564798,-103.29655438285401,663.4296453794908,2.931285889032792,18.094832282353615,8.637644763565316,1.1196506040232048,9.237089571670646,360.77674853522706,18.762286298392635,82178.81398695975
29.756978706142675,-114.91295622058351,1978.1693784169502,3.308440432358578,9.203890117655499,7.828900698829002,0.9834820406561815,8.19082715465136,235.96021958250586,12.940439089362172,56679.12321140631
27.407327754263854,-78.83212160662703,1253.6109368347797,11.597866261395255,14.256136052712165,7.142899847153735,1.0562922586866281,14.968399868130517,192.4765313869196,12.0,52560.0
32.350593877972,-94.35887989143613,1119.0994261176045,0.8704885252945798,13.580225279902773,7.727515550476926,1.0762747070306702,8.513042733398054,248.32063015374527,12.176290381175706,53332.15186954959
34.808423493729904,-113.78342721092083,768.3531718311449,4.10526746026779,14.947353920894162,7.57860547939255,1.1176614322752425,9.11718499232084,243.2473780128107,12.0,52560.0
41.97183208711935,-85.09926407633193,1402.70523618319,6.798747604529982,8.992218956765054,6.39786806730746,1.0565694454593009,10.337785503206067,138.34832070486982,12.0,52560.0
39.62754203716018,-96.39986352156697,1757.1361001345626,3.2861179361221367,7.56892078804457,9.769100169901312,1.0166469685429156,9.866606505929155,473.91871868206294,29.04344805132536,127210.30246480508
38.90228561948235,-91.36709895902273,998.0203138113646,1.1775038532024136,12.341192431287109,8.192883342013515,1.0969600163662945,8.426809681460462,301.62762563304693,15.479843602515091,67801.7149790161
32.45699871863171,-99.11148973684458,1517.541679359735,1.2182292063573867,11.157650308252075,10.747231249094336,1.0338635777916623,8.23021908542756,641.6866753802827,40.3461742023553,176716.24300631622
44.19474127403424,-79.24971487382766,1684.364752349623,0.16017690936747422,6.635389103691992,8.649728108174221,1.0292364420314923,7.9960132639246115,333.0370323180141,19.172042532415443,83973.54629197964
35.31089201755595,-79.20361335311532,1712.4699244963804,1.4579312506664086,9.131912847754933,6.4529965463518035,1.0166052332817455,7.551427101815462,136.58614364476452,12.0,52560.0
47.49851851236371,-85.69300362148314,143.679313552209,5.4597549614232515,14.888368564977633,6.596726650841629,1.204754695216571,10.754068241414615,172.9235320051883,12.0,52560.0
39.21941131909769,-118.30832562059103,2066.199777530459,0.19473525956873106,5.836977939087939,7.28894177370555,0.9845254039193068,8.756831192478456,190.62961644078908,12.0,52560.0
27.030353797548067,-78.70189145718028,1110.642889140814,0.9902331329052307,15.227036525890696,7.559840999845395,1.0712296813667685,8.174175783321592,231.4145098881271,12.0,52560.0
40.228261489810414,-87.76529905122287,644.5502744369903,4.89986654332912,14.064219906434932,7.446540845221123,1.1379455117919557,8.93355295984641,234.9390452960587,12.0,52560.0
31.802496370360775,-86.36069503576783,595.3995278016422,6.105014047698344,16.886853922081915,6.916109775972403,1.1335505632004597,11.095777695350721,187.4979550196157,12.0,52560.0
40.47185272046634,-104.39892661819093,1169.5735885686022,2.430215574794134,10.841002652448488,8.992327507564776,1.0800012022408798,8.173939188668248,392.6545106786758,22.055119930716433,96601.42529653797
25.671387555897738,-76.51890396752164,2130.659063936123,4.790297783243691,9.51462934961394,6.701399887212517,0.9639521029464844,11.194742225700292,145.05144563545306,12.0,52560.0
28.197154492223024,-84.8299335873177,920.4672444046997,1.9637793749246228,16.01805018590489,7.941044229896355,1.0932380724722808,9.560872509011284,273.72697436151446,13.374381242563732,58579.78984242915
44.537694213738874,-117.9201148074235,1804.3472773448332,0.6970004509783227,5.81260807180934,7.759186749238096,1.017098965757465,6.427670720483756,237.56465744004728,12.909309284546735,56542.774666314705
29.452309368564357,-101.97998614206722,250.42857974958028,2.030984770491949,19.66173571093321,9.999842738507201,1.1701442575233358,10.129406426993796,585.0445264008421,31.389217239429833,137484.77150870266
44.08898700583056,-76.13546045415235,1153.014951119527,3.469695808303319,9.855214191533669,7.050784827221886,1.0859502413273074,8.747193923447721,190.32345558096264,12.0,52560.0
30.70262612290585,-121.45137810834153,2380.2130141347106,11.830146946926227,6.50793407831998,7.062900395092765,0.9444116959993599,16.96910691673456,166.37214126741804,12.0,52560.0
39.42916584140899,-72.08350253932933,1853.641970645762,0.28491412666397425,7.049398423702732,6.67909228529858,1.0064555241858568,8.112416958597645,149.93979916165628,12.0,52560.0
40.65961376423594,-87.32522131074361,521.0578024886589,2.8321832144362857,14.675769055797264,7.433922045286375,1.1525004315587513,8.203637730414776,236.73643803566395,12.0,52560.0
36.30371407548127,-89.90569720725766,1213.4307074010276,1.5954663743358488,11.828301532949455,7.070265722140226,1.0705240850463644,7.586896539770291,189.1793180669553,12.0,52560.0
31.327456240721553,-109.38980014964847,576.0269374835884,2.8396411528167564,17.145601502882005,8.96345636293067,1.1351793477334315,10.121499041834868,408.75305479834566,21.313531598713244,93353.268402364
29.103465032906307,-110.56524340808444,994.755006884772,0.09707014603582588,15.300430448819476,6.736582003075034,1.0861362744339031,7.5886822197434425,166.02486084200368,12.0,52560.0
24.79654450949823,-73.12885614761583,1876.5999764892163,1.5018315753912226,11.301436788215232,7.6297910782607445,0.9885977625069486,8.785114253692965,219.54702971468822,12.0,52560.0
31.29471362977737,-107.89328747135737,1855.5150603911607,6.8562647300412385,9.478495548719826,9.522316097038484,0.9975741412592996,14.04909511726119,430.6683626420157,25.52566336087692,111802.40552064091
39.675906972750795,-82.12271397717404,562.8788994076766,3.229222775653644,14.719954511728702,7.450165942959722,1.146553705984216,9.098440788317296,237.0621644930224,12.0,52560.0
46.51931564276359,-102.77142289681773,2214.891497208567,2.39558655928934,2.7548563239195225,10.08272236297249,0.9772527470182215,9.509307364808452,500.8530585250841,32.43412906252355,142061.48529385315
44.90890757431325,-116.48028017762599,1430.3122749802878,1.3448294884095682,7.9454540778243,6.695569754079608,1.0569243179088923,10.510711077893404,158.62678101125692,12.0,52560.0
42.38555463684726,-123.42137392445062,924.2198124895946,1.415529802271406,11.739014734008254,6.22357213927808,1.1091544478257627,9.173934051922524,133.68454839870168,12.0,52560.0
42.92273623807917,-94.61010380117645,1214.6066822584482,1.9322026665257335,9.835539035025562,9.55044573720945,1.0779081045374617,7.231398317485834,469.48602120268544,27.5063192309309,120477.67823147733
39.959637683423885,-71.30794379835763,1460.06958318183,7.221098595986562,9.251691195881854,8.404729560608027,1.0482058422680691,12.939125971670501,311.1629006720185,15.968897433851206,69943.77076026828
30.246884581584073,-104.06664553430295,1352.5394657929692,13.670917965077972,12.810697830766964,9.14194175770229,1.0488796699518164,14.806947349706649,400.6923236479357,21.74043804429064,95223.11863399301
45.77268073693992,-104.71161396437557,1177.643984576104,2.3096810742694456,9.202331871461404,8.41197739821965,1.085202022688769,11.073977679041224,322.9794497352228,16.491885534937715,72234.45864302719
40.097575485740016,-105.41905263613013,1221.7400737327723,1.9992317595132414,10.640286911881363,7.283701204319932,1.0739171432393815,8.212097929710371,207.48998746579355,12.0,52560.0
37.45057514353056,-95.89063278553765,439.8603468183691,7.497542215108358,16.12566537603062,8.357651240599264,1.1579386564085166,16.06193673835981,337.9934545535989,14.822111619357385,64920.84889278534
26.663747261123547,-100.20409629508815,1954.304312245137,2.226817365701983,10.275049948192116,10.170902362549441,0.982670292095596,11.096941605414404,516.9592216709055,32.99783588043581,144530.52115630885
34.72933305135421,-76.48461015674121,1309.3895614596165,3.2120104421991793,11.72486271583604,8.431992536954256,1.0584453888581742,8.971271181765932,317.270066789427,17.174617613351746,75224.82514648064
35.04859850884623,-96.70187724693153,331.9700708571934,1.0503538142974351,17.49360002220297,9.63974521976299,1.167456666996051,8.654228854580394,522.8865137561039,28.03699054155203,122802.01857199789
44.749526628544075,-96.58107673781728,1843.4539017670115,5.442546001993786,5.514418600834709,9.9498963435031,1.0132758210161033,12.169900739156429,499.0606787882335,30.348878594446706,132928.08824367655
37.119557284506925,-116.52793388508994,2239.216668538095,3.037048089664568,5.428832803419354,7.249434170613716,0.9649379153687482,10.76262142287079,183.81532120759675,12.0,52560.0
33.12961317528983,-70.93206479083915,2274.59042018397,6.622651034436012,6.413573526309232,7.097284330086247,0.9572994258650079,12.504394132633044,171.11749556940617,12.0,52560.0
47.44320788425583,-110.5014638930832,898.2622031385912,6.069855529734394,10.377464415891705,8.610077983017641,1.117988167612632,13.144504162199969,356.802974603826,17.559420353583043,76910.26114869374
26.657294239831575,-120.03834035718145,342.5301590745946,0.9683105417900503,19.94763077360296,6.9877365590437215,1.1562222343462634,8.433423589112786,197.25176209490877,12.0,52560.0
34.14116227948667,-88.19010255533873,1253.791111386695,5.02999436331055,12.234904647833826,6.099246837614085,1.0637500370343156,10.57793541569509,120.68081143183679,12.0,52560.0
25.008592204113725,-91.85021601152889,288.00996585114524,6.438839956801937,20.76936254365901,7.2373369481468535,1.1605204319714102,11.44706718857163,219.96783120658193,12.0,52560.0
41.75769889840633,-101.58213468439173,2242.890056060029,1.6992476708083335,4.015349994117926,9.585426448160622,0.9694141082161194,10.049596480851552,426.8877155660352,27.147269525630026,118905.0405222595
46.03383725277962,-101.20161937044338,456.91951310524746,0.757912155668756,13.448331745534627,9.295380700307122,1.1663702680905434,8.892964541764428,468.39040396825834,24.638249120775278,107915.53114899571
30.720895909211748,-81.60654826349271,621.5827466837706,0.01054250316739616,17.054234747133854,7.455855712627731,1.1293365790689178,8.355865900728746,234.0377337343097,12.0,52560.0
44.600200243178904,-113.43151743461895,987.7949339862296,2.3979254303740154,10.693170323128953,7.277023479900141,1.1046981666010687,10.393036357333028,212.85064286685568,12.0,52560.0
31.013237531085547,-79.70632077697596,931.9314351707194,1.7381304051571345,15.104440129650019,7.142535869085014,1.0951816515917934,6.581615353669655,199.5324125217855,12.0,52560.0
45.85848387945396,-88.96765584966903,1911.2976839069759,3.237913586894492,4.774668732721953,8.732327900048663,1.0074751225616936,10.314830740786874,335.42423718382184,19.279269174627583,84443.19898486881
42.09508568632282,-101.37563221590568,1106.0340329112903,0.8332221869498152,10.735270096635414,9.47884890500244,1.0887892124396086,8.762215978818347,463.6396991386214,26.423341123003944,115734.23411875729
43.31776264419453,-99.2664547044711,426.4284588079418,7.854907040506232,14.44610045389399,11.000166549215505,1.1665756187147933,14.715513921864586,776.3913388327484,41.830360103292186,183216.97725241978
24.43215733441091,-110.14105081195083,655.9595512568563,1.1923047685753512,18.73459549213559,7.105147449007034,1.1182013663438088,6.8810772824288104,200.54383143793282,12.0,52560.0
47.10744856977662,-83.38582603436336,1231.6898567463024,1.0269544192798965,8.4776262885892,7.381503322185812,1.0808518022434694,10.484796610420048,217.35548994795528,12.0,52560.0
41.440103809687756,-96.30476391551554,370.940323474201,2.621202386547103,15.342326916248469,8.904799672194605,1.1706973779566454,9.663212386637861,413.3206571901458,20.915182046577577,91608.49736400979
31.3140262892672,-106.67385469150844,1475.7405080375136,2.7634074572139182,11.75134906499476,8.773348775461933,1.0370145046806354,10.244831911120405,350.1474913136045,19.642364428218528,86033.55619559715
43.90547195661233,-91.81329374890868,1366.4785895917273,0.9687205551792704,8.62948687546594,8.554763068515324,1.062630327435045,10.592334878238814,332.64129941259455,17.747958097294624,77736.05646615046
30.75650876195832,-70.23033958922855,1720.9915129897734,1.2690517585613819,10.447098293473863,7.711618610238806,1.010827747935701,9.434344576743516,231.78417838330245,12.0,52560.0
44.94609214958707,-100.49583689854609,2251.736984602895,0.7438980307543536,3.0057504475065073,9.76333356295058,0.9718837584204236,8.926780765807685,452.25014040492925,29.21937896412161,127980.87986285266
26.70192936988649,-74.28266435795454,2191.1658554207506,5.069925515869418,8.84242605650955,6.706431284415377,0.9589905401887308,11.332704732484434,144.63012604985153,12.0,52560.0
40.888463459059096,-105.36909064407342,2271.6599710038186,5.880252549630399,4.103501136259361,10.98907755761495,0.965629193680481,10.947977767784986,640.7138427481533,42.63358325435029,186735.0946540543
36.97676343947785,-121.04443382605076,602.4231209164083,2.482029981517609,15.292432242658196,6.703871586619048,1.1388547425273712,9.455031039498094,171.5597478389308,12.0,52560.0
26.31682728469058,-112.97092625610485,333.125429801664,5.008271158343162,20.106199235782842,7.4930540032055895,1.1568961957950237,10.1463473756586,243.3553986492182,12.0,52560.0
29.805451878212136,-101.39046226030506,739.4185471815474,5.326245913068147,16.621853153447073,8.698390075709977,1.1150875328354384,11.14226726853031,366.94046176095213,18.788722179972346,82294.60314827888
24.297696870655557,-112.13971385589328,2150.3027111838287,0.5952787883629068,9.808874671700359,7.5302372020332236,0.960596129418299,6.0,205.08637402164427,12.0,52560.0
35.250431171148136,-123.9877399362142,2333.487269603902,13.546578139706373,5.423947031032148,7.425593586782963,0.9536500055814365,16.642794364904884,195.23269438042834,12.0,52560.0
31.23036625824001,-74.58991696163352,2065.193383547733,6.882191857876269,8.2397298212416,7.80274206386249,0.9762408332269259,11.983230410185412,231.88290107241107,12.0,52560.0
38.36057962314621,-78.43051179352983,281.8421762835538,0.9150545638756142,16.800773055354817,4.871194480637251,1.177270745433983,8.145588254325252,68.03819183362128,12.0,52560.0
31.13370738500681,-83.91621949970485,2274.878635382308,0.8239907206090578,7.010615972204109,7.659399758923226,0.9552249447973461,8.758104133093605,214.614899761964,12.0,52560.0
31.198058676167634,-114.93801183511445,1027.5921050948705,0.5371490927134288,14.475029766580487,6.4906804188211025,1.0849221542449874,6.602012748069528,148.33350571462014,12.0,52560.0
41.83663676955848,-117.50036688466075,42.15849201440176,0.5957570898514138,17.196058017046045,6.361745989710753,1.2096823530463465,10.672578249856388,155.72929719453953,12.0,52560.0
25.155428063480482,-120.3493435284913,1072.8971029807008,5.515873829267825,16.015988963071653,6.520054172499598,1.0732197914148107,11.186203343775576,148.73469584326938,12.0,52560.0
45.669479884607696,-84.90242380626225,129.64462382761286,2.5369045589857087,15.521288291652015,5.969234575028908,1.204121367587626,9.347129415824798,128.05490109679647,12.0,52560.0
44.454332985388355,-73.8443701228542,1314.4294523634599,6.110218480056944,8.777123390202735,7.122163423892036,1.0688537989424443,10.50765563587466,193.07414201071626,12.0,52560.0
40.02731239743376,-100.751065670696,825.7585853001822,5.4857001475671385,13.03725476896878,9.188297539815405,1.117350199929405,11.320155747479397,433.37561025891284,23.036499772251787,100899.86900246283
38.23731768257723,-117.5664037122134,1146.775141953836,3.7115580891647584,11.648153843503815,6.949431926614983,1.079933562420066,11.891286721826791,181.22368547007946,12.0,52560.0
45.41525995535166,-96.33078768046624,1479.3454585686186,4.63812204820323,7.499349261982793,8.756867897341325,1.052260522673113,12.025972680240379,353.29677756600023,19.057874587288318,83473.49069232283
28.447924308689146,-105.16307699723397,2087.7466080464123,0.07410512415775686,8.939143059114784,7.987875952296571,0.9710922819879425,9.069788375863322,247.47107360484796,13.827743509924982,60565.516573471425
25.895259892579887,-103.75945408510012,1595.32575200319,1.4945732219172685,12.659467520206896,10.30634387042214,1.0186484246577296,9.552422675151087,557.5813100689397,34.88726280750592,152806.21109687592
29.748244077828915,-90.44814629559181,1053.0363069780701,4.062479880995014,14.757308934782905,6.94090615984444,1.0805153807752759,10.007236895521876,180.6547878867478,12.0,52560.0
43.069878688804565,-85.18922188384107,1970.238291735469,0.0375555660433681,5.257606642945818,7.402510241932827,0.9984044764804538,6.282337539181978,202.49465991888525,12.0,52560.0
24.8320864014356,-118.02740566084931,2175.2854874240547,0.13413176268809707,9.49866115502499,8.0293449572975,0.958660588395448,7.839232531372897,248.12768706524872,14.431244347633598,63208.85024263516
37.98736404200375,-122.07812753645028,305.0287201086294,7.639145665213988,16.773618466747102,6.373656465380891,1.1741273154208198,12.30044164168798,152.0026470846258,12.0,52560.0
47.890500388591434,-70.3061636549714,1286.0004865756437,4.608366978924384,7.916846963968709,6.728409386683291,1.0758546155530564,12.02357351496012,163.8554216083825,12.0,52560.0
44.53670625210094,-111.4326691585602,697.138464187017,1.2335517783778545,12.456157339247614,7.56732572263982,1.1371308888577303,9.111399597978497,246.3813012795636,12.0,52560.0
36.51469653704615,-121.09315165494321,132.00565094713482,4.658531984324527,18.253557133203348,7.295876176765914,1.192496395923914,12.729893024078974,231.5578153445897,12.0,52560.0
25.527381822879416,-113.74673222882032,1611.141134371285,6.289660550746893,12.674938646908466,6.686381446843623,1.0166136035428757,13.210782578493944,151.94953218805014,12.0,52560.0
43.95296434525704,-121.89627629718294,2073.394450352957,1.4657138962977414,4.373743994305144,7.368943107089837,0.9888310947139403,8.33163360637373,197.83709650488848,12.0,52560.0
38.375484196253055,-102.84221169067273,407.70831765619783,0.14681103385081146,16.0411048351869,8.139099301712307,1.1627437575229875,6.0,313.4606734991033,15.68830803126977,68714.7891769616
26.758391929429603,-80.67030363962849,1953.5445051448833,10.799085740661177,10.25121539030182,7.182558108644052,0.9828455522529755,16.142141725126482,182.09277973312658,12.0,52560.0
26.252574835760548,-105.57279971308309,2051.081845817921,1.6935785733176594,9.81773647436431,9.161911633898574,0.9725014845483708,10.64740941186749,373.95433618044734,22.962667247104008,100576.48254231556
45.831043666478216,-100.0140960285682,2196.130253546231,0.45035413666128726,3.07390537877915,9.69497105338315,0.9784115719582875,6.630758572914101,445.7908345048077,29.09823973665669,127450.2900465563
40.06080631051388,-87.5183142273583,651.3785120248048,2.707968487445707,14.07348703469701,6.957010993416756,1.1369743107381034,11.435869116260426,191.42062301442246,12.0,52560.0
43.90288318360213,-96.51972021622647,2171.4082951519363,5.852145214115825,3.800685274007744,8.791655957682588,0.9788570910739665,11.969827733180516,332.58399777425404,19.36630589637182,84824.41982610857
45.09549360677441,-77.4819329548485,783.1773562727087,1.0023021376397945,11.772287780331425,7.18717564224394,1.128096406712482,8.79420388033466,209.40690373439415,12.0,52560.0
37.72253644915973,-77.23407354752915,1334.5644720240966,1.256049709036165,10.675852233107502,8.058470445273302,1.0590940513338043,10.691369730518492,277.11650015031034,13.927765179299904,61003.611485333575
36.41871244212099,-123.4648224434777,140.20778058083147,1.1120623713431566,18.233139583878714,5.764870239898316,1.1914172277479402,10.280859630682631,114.130702095883,12.0,52560.0
34.33025784770376,-81.98549944990725,124.43699031760978,19.153033505487503,18.95430070378321,6.067797842446217,1.1907067485886367,20.273417245686748,133.00504946281828,12.0,52560.0
31.60671810698686,-99.12038558694961,1734.488246302643,0.8796138928167062,10.111055090088087,10.526572599315438,1.010343232479817,9.095628814664403,589.2504342430923,37.518083661911554,164329.20643917262
34.430303060609084,-70.6026107696022,1077.8623475871427,3.4275635989070103,13.203734996294418,8.09274689292723,1.0831061312162313,10.796211307980638,287.03105793824307,14.150031758452219,61977.13910202072
42.57311173752375,-97.9054679027265,629.9758533787378,10.37520784362765,13.448211358470449,8.613886655009841,1.1423924241708914,13.74505578551756,365.0755744601127,17.44042954042706,76389.08138707053
38.44616234436316,-70.70761894903194,473.18412053928625,0.6354979325178906,15.627046573455335,6.838410897568658,1.1553167815850411,8.31517701983195,184.72967398633278,12.0,52560.0
45.4205589589163,-83.25325449489023,1614.489308244939,14.141777542957978,6.686896462855476,7.609910905223241,1.0379397706770042,15.402285940261336,228.70774613479824,12.0,52560.0
34.641120345100504,-110.57533623088146,20.955674780308897,11.786034291262352,19.481929847788,6.243879193052826,1.2032561299030904,14.671972843870709,146.45073725335504,12.0,52560.0
38.5701498892501,-94.92667111850429,1938.020982688513,8.636432831616387,6.800829137093896,7.539012360851832,0.996876206692894,12.741899044567113,213.577058513296,12.0,52560.0
39.15138127420773,-70.42467546815652,208.6140625892306,0.9660271189516771,17.0029012422023,7.021608127240666,1.1867663139584264,7.817249827825008,205.42106614967022,12.0,52560.0
38.20073189535181,-77.69334718139612,475.7452834813243,4.021089532621811,15.685308730506513,8.02267992493093,1.1547292531676405,10.576749522751243,298.13198375479686,13.69911492898245,60002.12338894313
40.863210554052394,-118.74218773527406,939.2426208118333,5.723350968356446,12.105581108913281,7.285839073846263,1.105715617809384,11.045233560173175,213.82189382344407,12.0,52560.0
29.69840324099535,-85.85591217226022,1173.9638005243266,17.08277925178439,14.046696224555436,6.652168472371004,1.0673754018158574,18.852349215493007,157.10026339858456,12.0,52560.0
36.29673066109898,-105.3387023629761,864.8883756371815,0.795871714147351,13.921650547847218,8.549353105876568,1.1086522084062238,6.530738292535893,346.3897998857646,18.719681183180114,81992.2035823289
26.501395267400344,-123.6229578584612,783.2949526626195,5.810179405826011,17.349811703804182,8.371869754618727,1.106421533476219,11.350081890566846,324.6070990136777,16.11023409033758,70562.8253156786
33.2282718634755,-102.21202767254202,2314.1201087341883,1.6548027297463228,6.1467977885522185,10.729219366604589,0.9534895584082921,9.150743606060788,588.830531230089,39.89945568557623,174759.6159028239
35.70400964691035,-111.32326122685154,1546.9596413592783,0.7725261332200579,10.007039257771225,8.149105202443224,1.0343212626032212,8.09076059212778,279.86927984310097,15.239328849696612,66748.26036167116
39.653382229091335,-79.78105939189453,75.77043377438395,2.188416138040537,17.649362728626297,6.571852645013192,1.2029867337515512,9.106178443053246,170.7238883707918,12.0,52560.0
46.81274526206889,-105.78414712232866,1043.8186620974654,6.316331537186644,9.69326444879454,8.373482488051371,1.1010927865609934,9.887503709436157,323.23045311187286,16.48839550645368,72219.17231826713
38.41562559716054,-79.31372052649388,2102.5207053906493,2.5008313229853947,5.860188088507943,7.339816338986448,0.9800051426119355,9.928271319394629,193.75545463707618,12.0,52560.0
41.846253988237436,-123.96771130292106,737.4657236573897,3.0846346786479564,13.021329461584433,7.057249825117427,1.1293831187732157,10.627907986269257,198.48046611358666,12.0,52560.0
36.15038542788487,-107.37776589858956,245.044100563044,21.322874824795093,17.684619768256272,8.24186958107215,1.1788555397947227,21.385969647921577,329.9953399592931,12.607100440976533,55219.09993147721
39.21849675303195,-110.97707842738086,1824.9557563840044,2.0373688952412574,7.284716435786388,8.860511390617512,1.0091855087731398,10.468893808475373,351.008290886688,20.33051221874563,89047.64351810585
25.70237318721056,-111.387362502295,1462.3129200078733,3.822213632607598,13.515410523789594,8.456320035168257,1.032331379589431,10.53516370650356,312.1284569587376,16.975475408875944,74352.58229087664
30.105397940204327,-120.31792253266501,1377.3437686270793,1.8180596941131026,12.704318006176226,6.339332153306001,1.0460910995614563,9.665253233248986,133.2508640533022,12.0,52560.0
32.68447423692333,-113.89528939783291,147.51221186563086,1.9954936562560712,19.309584457729216,6.81912987226055,1.1860011342082912,9.384605079901865,188.03642862773344,12.0,52560.0
35.33984052015633,-94.00032322617653,354.38764331333124,4.758186172736799,17.271721984073114,8.908129463129727,1.1652232644713363,11.679972567153072,411.84965979842485,20.43994639543131,89526.96521198914
25.09556989205721,-108.2665020667618,1501.6675629872109,11.115198349247143,13.461323654459571,8.689914306627763,1.0275539035826495,12.77644344618974,337.14839699809346,18.309644154258674,80196.24139565299
27.360578341279624,-101.46068175422602,514.6207426720292,3.1266805473917794,18.704102041583937,9.247598307763814,1.1374709962704124,8.803711166861454,449.776961775979,24.214066671184987,106057.61201979023
30.64354338699134,-103.64918846125182,1219.68678980125,5.850972905996586,13.488816245095098,11.570076557137881,1.0635110787357527,13.414863332037662,823.6083112200602,48.64628416699058,213070.72465141874
47.316784581625214,-76.70113405000569,1316.8184127499565,0.37375658391583794,7.904054149012698,6.420676920343928,1.0718611763004526,6.0,141.85707382118946,12.0,52560.0
31.95232817047322,-75.11385405343216,694.7471128448358,0.9487571165073473,16.24581887178902,6.332605398169269,1.1225633670932005,8.401040754113996,142.5371760888983,12.0,52560.0
35.56898539468998,-97.38032353058355,2277.251870188753,2.7896783043883833,5.6657931604604865,10.166800910055331,0.9595476731916698,11.080536934162712,504.1845327665478,32.956940252766174,144351.39830711586
28.706345105721432,-106.17157868295736,2025.0645742686688,0.08085868110232095,9.237709022671558,10.430716509837058,0.9776549305348321,7.936602410011274,554.7509129263526,36.701439975311054,160752.30709186243
38.65872170581844,-118.23276198387236,1739.2489481660605,1.1659838979558779,7.966889799258109,6.837275932304571,1.017451557154521,8.21357705303269,162.6046894918444,12.0,52560.0
30.736397172383384,-72.51624451336687,205.62540205439362,2.914279193812894,19.545328435958623,6.479747313130762,1.17687664952973,9.903873528466097,160.0940388889915,12.0,52560.0
28.967821882522244,-120.74774497538394,272.58944595546626,0.06029698381088129,19.67411675951053,7.520320055211936,1.1670063094239749,7.612433974283594,248.17165699501973,12.0,52560.0
36.3977430827035,-107.92688501131286,1192.8196031585946,1.2290706902699187,11.923759456237384,8.249731751233043,1.0728570743890942,8.774461805470278,301.1836244615092,15.819272798074486,69288.41485556624
24.1321391798501,-107.90442513681978,402.49777107454594,2.8864402866073346,20.345371619597692,7.654192605783004,1.1464060162879912,8.911806928140244,257.04349638493585,12.0,52560.0
24.18393678358141,-106.6983305484284,2348.2718032001485,3.405283414961744,8.655188145724686,9.238141727908273,0.9409722830064654,11.373579352923915,370.937463338821,23.4837176830813,102858.68345189608
29.25765141844459,-115.1285104632899,397.2781569852345,10.401361214603824,18.83903563255522,7.147999899234025,1.1530400038876174,15.948734634041086,210.55617985883376,12.0,52560.0
24.881312700019706,-81.70928273012035,1180.1734484042581,4.146446201485771,15.454565499568538,8.007906663580211,1.061365521712194,10.327799334357515,272.5159886111267,13.655783475714705,59812.33162363041
26.592618099136594,-117.38511545383658,886.6081152827829,2.142767656371493,16.702565878562325,8.09818805803541,1.0951348299901278,7.621873288993403,290.8045313470069,14.98324563042477,65626.61586126049
32.132655584130035,-89.71504040572921,1541.7396830607531,10.657157918357097,11.109765226396469,8.064641892193572,1.0309696966331074,13.765682946638183,270.37788524752636,13.203776340637205,57832.54037199096
43.26205630991551,-117.31231455788586,327.10665315683127,6.146292542397789,15.058743188084362,7.050837148101271,1.1780037584965146,11.466989133315117,206.4613355444356,12.0,52560.0
37.72916744086322,-120.19107556998034,1044.1530987408903,0.8926188110692859,12.416331175295694,7.386184490115666,1.0905488423151533,9.142217938925421,219.7230297300095,12.0,52560.0
36.304025422954,-74.89080680096268,673.7979780810019,0.5609230712310886,15.066004504627788,7.422512562107872,1.130005639100175,7.126937974933839,231.0486519337943,12.0,52560.0
31.04373175699492,-113.7330466187899,2132.8486287186174,4.505722243824589,7.88978870058982,7.642403760489121,0.9692608601361267,9.780438563924173,216.32196308270485,12.0,52560.0
46.36208926638759,-79.65249165377597,116.5939948805743,3.282860218151348,15.391809250800279,6.470928159187259,1.2065323029037562,10.582527496321378,163.45894556931395,12.0,52560.0
33.5283609896926,-94.58993296021467,2194.671435735373,6.236378939120514,6.77346308867998,10.049732282644502,0.9656562772523535,12.868517961919776,490.0676670172232,31.2386025655516,136825.079237116
26.090226403098516,-119.79574794112644,2002.526049756141,5.369952863647263,10.1577757805336,8.526294044265756,0.9772116378687105,10.476058863983535,302.8583505506648,17.54776169838421,76859.19623892284
38.80959638682723,-72.40579766234436,728.2183051291407,3.9255740098288596,13.987811253176986,6.051912162948771,1.1268372174577874,8.755483941156122,124.8846425426024,12.0,52560.0
26.732121443438434,-110.6640969824378,1898.5117581315092,17.18550174036682,10.589293018179415,7.8700183398200245,0.9883934413247509,22.252242885765554,240.89461536639462,12.0,52560.0
32.28535542724061,-77.57915135095925,94.28827360621919,3.0507584987977907,19.748663730190504,5.9134747399599235,1.1917401705287336,10.77042018378513,123.2196074617909,12.0,52560.0
36.177886529227415,-114.88425968763353,2321.1400096982766,0.4801181328316713,5.219793983042118,7.364662799668495,0.9558250193297168,7.967666365578565,190.90047075484358,12.0,52560.0
44.98134059244422,-77.88708436433994,1273.2959633636985,7.047410245847255,8.865822042084545,7.5851222531829565,1.0738987511104696,13.271283678145362,234.32633308397683,12.0,52560.0
35.84511792816285,-123.28564410311412,741.8088420357598,1.1606251223045836,14.79561156933659,7.582593405706605,1.1218363977738397,8.547027117725444,244.54164953554084,12.0,52560.0
40.85421038475994,-96.36385534524804,882.9480459753314,6.007757402697061,12.44604860872003,9.342296680303333,1.11194893208584,12.645242708538461,453.33141009515805,24.142554137518815,105744.38712233241
47.82760413597769,-82.45010071123593,178.04474123598374,12.596195498624686,14.583450311790791,5.2928457945077465,1.2011097417416836,15.748989136506278,89.047230563462,12.0,52560.0
27.15573887755156,-73.5210420553897,2374.6518434200534,4.77339131876502,7.605367276214212,6.845051152144707,0.9413757508843584,10.9735610690601,150.96042334766543,12.0,52560.0
30.59355661246847,-74.9030846448497,113.51482945864804,3.625660238496842,20.14084403950757,7.086873572882782,1.1874303870040104,10.039097901221158,211.3207865323426,12.0,52560.0
33.469825814343515,-79.74025704442718,1578.6789530919045,2.467606141589877,10.486978537145518,5.4624368586550585,1.0285538869116129,7.743706084798219,83.8216766907579,12.0,52560.0
34.12387628493195,-76.03766711828958,1073.7115079413709,1.8128054670956468,13.320568066872191,8.074327082501666,1.083210597584938,11.413397159529154,285.1030867486754,13.861956036443924,60715.36743962438
33.8645058063731,-113.24213696479787,2278.420599289142,1.7416653103470772,6.170124662353217,8.02157452925961,0.9576752460331294,7.915158481886953,247.15371060205248,14.356600668760814,62881.910929172365
45.782664061357316,-108.65404803156665,605.4793819301725,4.046503410763514,12.632324490011769,8.76765939813375,1.1490332025788281,8.795873754885395,387.21626650846656,19.956495044405912,87409.4482944979
41.13678346720455,-108.39569965426284,1286.366640972467,5.565599358699872,9.940765114003833,8.031994861433914,1.0681151872181287,11.083927755912283,276.7313491553485,13.639076314516561,59739.154257582544
38.58972513817689,-103.63908772590827,1168.007776426952,4.539243319912318,11.415035799985224,8.07482925799501,1.07802812006215,9.569779815734782,283.791992796673,14.326499856598938,62750.069371903344
31.42494522870677,-102.76068379919981,1692.8221368392412,0.8846326000812331,10.41558361035252,10.169411623428397,1.0144577162105148,8.468724211376415,533.4471922093838,33.63853184359615,147336.7694749511
43.77096922131108,-94.59401246864752,181.8643520467608,2.7247730973232582,15.777523121326116,9.235690698469615,1.1956020588326353,10.460180476668077,470.93915336140554,23.689315547328174,103759.2020972974
46.92145227563974,-115.36649277821216,481.2181294555845,6.27395309015826,13.036255540574572,7.664445481922531,1.1646536861794043,12.958735334730022,262.1857163777775,12.0,52560.0
43.70875878120543,-86.67268015555658,530.6642718209825,2.5827960711367597,13.703386734712474,6.677771005410381,1.1550750730444033,10.527354508628074,171.97874777421836,12.0,52560.0
24.03756252459535,-114.95140687755665,1776.7987965232214,3.0768596202035776,12.127938463482067,7.547295238080063,0.9979739435981229,9.479357306379331,214.51774563936257,12.0,52560.0
39.27363288440177,-107.24334196635444,470.1500972576414,5.898510195156619,15.397009551133623,7.7492016725310995,1.15665829548221,11.598616310287875,269.1199985937937,12.0,52560.0
25.22724915461042,-96.81936294726768,1384.9103980605246,4.3301523694218975,14.122362865253727,9.124006006163071,1.0399639419516766,11.087546282730127,394.9525965254324,22.507122432998376,98581.19625653289
30.182573288009323,-80.99220967773223,532.2802927922698,2.1060922176974612,17.751546256843582,7.673230695214787,1.1387802980354194,7.15431042188799,257.2436810199844,12.157099081296026,53248.09397607659
25.428592808346522,-84.06866140510873,2070.6673811998685,9.03093302667585,9.94741787029683,6.675107120135071,0.9696916471878599,14.10326145614934,144.20435539943347,12.0,52560.0
38.49109087078531,-89.1411447538318,2262.40138168534,0.7096564019035684,4.8782644486523665,7.270287001273243,0.9640529712672937,6.677034696041543,185.23607408906128,12.0,52560.0
40.478157923822565,-115.5882439286708,1254.0132803625322,21.629359284888416,10.332472940678036,6.573185615310602,1.070859763188723,23.426031489620833,152.06535964372173,12.0,52560.0
26.747703313581724,-94.4595513367588,858.4951444178442,0.506121330954321,16.824718139418415,7.800231110164762,1.0984017397203008,7.8182546970025575,260.64753839620397,12.838510369814035,56232.675419785475
33.21213319307951,-119.27788890280618,577.057504541648,0.06025139337094854,16.57401501482626,7.13409256617182,1.1372781061799178,7.81430062338906,206.46807240201744,12.0,52560.0
34.94967621493301,-103.62238845298086,138.47878362484417,8.829787026316335,18.684224433771035,9.591308532579218,1.1898203138501942,12.374223696704375,524.9101473236731,26.624426210172174,116614.98680055412
32.857272522261994,-101.6701073643422,659.030181350039,1.12390381322297,16.188637155221166,9.615700013866396,1.127623906554175,7.918378249706955,501.27609793931776,27.980865369496556,122556.1903183949
26.904600011644632,-121.85018226992929,1577.0811562698566,5.232885789620659,12.466133058887472,6.324344660077259,1.0216272593467208,13.868643756744282,129.21384982433796,12.0,52560.0
34.05474696449941,-109.20464262862151,1290.0082965159218,6.664358464313676,12.043526131554648,8.5772472000763,1.059768503766353,13.127058704936163,334.3680658009615,17.296344837996703,75757.99039042556
42.02827314740203,-72.39492876760957,2266.8182423086073,7.835595503035063,3.790608601927749,8.684300497834759,0.9673052292269513,10.842314367643631,316.7656407236593,18.746528563935215,82109.79511003624
25.704183948798132,-72.50383917719677,963.1398847302474,19.115350312099928,16.509905506979074,6.752572546080607,1.085754789352876,21.27426566808223,167.15121363775168,12.0,52560.0
25.924320337965682,-104.97433907036287,1671.394754741579,1.3927851583454758,12.194335370160822,8.916480963800046,1.0107995253407775,10.267561825177003,358.2741660592959,20.865756232664634,91392.0122990711
32.51451100406362,-121.6725941167905,1184.5881389907888,4.954855273382216,13.138117864836182,7.639375612302226,1.0693781517558447,10.635458209283383,238.38279250310197,12.0,52560.0
46.6014170788542,-114.3288732762782,1239.9313938996238,0.49047821336342456,8.579986512945997,8.519994725853122,1.0793736303089643,8.66232325845386,333.7795969626055,17.95065718320675,78623.87846244557
40.045743521349934,-102.82023915458883,657.3028687577996,2.088957327804094,14.042459731048226,9.159873869975062,1.136286777422642,9.235441501377167,436.64293538689134,23.297019880190376,102040.94707523384
40.288078960141554,-72.8198963096616,1102.7828488839593,7.534754189070153,11.296879218653778,6.319572217603982,1.0870691627045048,14.88794839877841,137.17981850640265,12.0,52560.0
32.686079780108756,-116.37525056899202,1140.4682928902432,1.8332998591869412,13.351366308625916,7.738097596326022,1.0743377866777166,8.144431688721657,248.89344800446344,12.338980072551621,54044.7327177761
38.247858989004925,-82.77014444191654,1701.8092017624629,3.5770934175169136,8.314787092723748,7.983237026933862,1.0208977129071286,10.32146878224102,259.7103795704115,13.481909599188617,59050.764044446136
24.24314841666584,-118.13114287376663,2258.723198062951,2.8028907594366035,9.174716286622544,7.519027303472038,0.949818256095747,9.167960058470596,201.88102572756608,12.0,52560.0
39.26630511382901,-71.01209082087105,803.7846404083602,4.153285829832638,13.397400623401136,6.7510101849154385,1.1189115425185818,8.772323012358157,172.13613517044826,12.0,52560.0
45.91888674182968,-103.39270904810671,120.4371152234903,14.432058155442395,15.501711286110154,9.487080029140508,1.20552203917518,19.289200799331418,514.6865878933867,23.87163212321532,104557.7486996831
38.70176324027566,-82.13733489945098,1201.1823986915224,0.2293959578816135,11.182376635768168,7.665516376515124,1.0745589496094816,6.719757679806073,242.0050882771196,12.215141717241883,53502.32072151945
44.96876624319228,-105.50008152819888,1315.8179705150212,3.412902409157862,8.61446230395219,8.467334954420227,1.0692894150585723,10.311896470480049,324.56784533525536,17.118487160970655,74978.97376505147
41.37535333118625,-90.10588063342433,420.8885116939583,7.951937770966444,15.062062930480375,7.497773365266621,1.1648546561946078,10.682321934923463,245.49275007603808,12.0,52560.0
26.893401993688567,-113.63113142403802,1829.9057629370388,2.626356280175044,10.952544824271195,6.60974544831308,0.9955471254272713,9.096929121013314,143.74277684667373,12.0,52560.0
45.658879374860206,-116.11486495796402,2364.13127809075,0.3271280165724798,2.117548518997438,8.036066884760416,0.9614093764575927,8.702639395663637,249.46463432879034,14.263627387098673,62474.68795549219
25.594652264538595,-73.3445364633209,2270.943826480137,3.288828419702163,8.6959413617576,7.3213935213843495,0.9499800976043532,8.983616276418463,186.4085219512091,12.0,52560.0
36.81521934114633,-74.4470469931606,489.1123724002922,1.6143109062780059,16.02075996325435,6.663177153497381,1.1515431803167275,9.67274876464959,170.33124153255613,12.0,52560.0
27.411290971042984,-76.07667722850435,2103.3645109638105,0.6733990436271324,9.15642564290424,7.455308560109388,0.9684607891934899,8.08119011591058,200.65450480194488,12.0,52560.0
24.280958657541696,-90.22659369100396,1696.6948546598096,7.56281613233335,12.535543274778634,8.0010306102382,1.006449229644293,13.929788694278345,257.75059227808936,12.706277433834092,55653.49516019333
34.12882224306334,-80.35351659432098,1100.1548218604496,2.9492282334043445,13.160424395918298,7.882392218943188,1.080338750973212,11.403650036050873,264.54775583231697,12.50492718386106,54771.58106531144
31.08097698369975,-120.27200540678575,1306.6541664928552,10.828787004321232,12.835781905932947,7.7283286474064266,1.0546862158708452,13.793178489716725,243.41650414874405,12.0,52560.0
35.664011851142476,-105.92139173790332,2042.0484164582504,6.5599287952458685,7.048505945907756,8.919144672096104,0.9832161966651075,12.02803670841907,348.8097803514349,20.448853358220124,89565.97770900415
37.85279728162922,-107.06003126311356,1162.7211563393282,4.723262634626524,11.667833877475266,9.02539215273547,1.0777648267402535,11.054102652542593,396.1797317801413,21.6285863420808,94733.20817831391
25.049737735414737,-89.67515261455888,908.2335384702019,0.020152694699855783,17.035677448554367,7.93867063411949,1.091018872289454,8.755310771341552,272.9264455667238,13.559115763833468,59388.92704559059
26.952079082969895,-104.77828023258542,1193.9290334018463,2.2332307719269426,14.750802074697955,8.895217179021989,1.0621785636500272,9.357196858649285,373.79819909430546,20.908470074272056,91579.09892531161
37.407417514810206,-115.98063379124123,1398.3289336034168,0.8800253184378968,10.38780114393644,7.287696380572671,1.051932433833182,8.756268342274149,203.5769776715961,12.0,52560.0
32.236016476143796,-91.79077792766864,470.00481599247024,9.667403283742885,17.50916616120204,7.761122734186939,1.148273102924612,13.508354200491588,268.40391770016686,12.0,52560.0
41.50016370118675,-80.0232682838696,2164.160398035438,0.767471034983829,4.564988501431346,7.845389392490671,0.977045523045148,8.59877046135672,235.9002033098234,12.951276256590141,56726.59000386482
39.654999566206556,-103.36533129916145,1624.564938214481,1.3478257045801743,8.356110500851148,9.449212080997901,1.030506734962123,10.366223654990264,434.7180054164732,25.735168444914063,112720.0377887236
44.29450471175777,-116.85748938468198,1527.1800232632236,2.9096029096898226,7.548568446893329,7.11741520067721,1.0459180429681185,10.521061635268119,188.55348503978732,12.0,52560.0
40.619827840061404,-113.37883734510756,256.80101830991873,1.2226435429826337,16.273245538122065,8.263158444326582,1.1829447720264803,9.575092893121623,333.71268450838943,15.720623906485681,68856.33271040728
34.31834585736355,-111.17590152085326,1457.9339728507684,0.9422042144276838,10.956892405686323,8.356943852027465,1.0421873672327024,9.433006917619304,304.1292995880144,16.473872688618965,72155.56237615107
40.151198937466376,-107.80552997829504,307.88637612761175,3.6561663035189937,16.107322061994417,7.288402400104007,1.1764304619616488,10.009129248654155,227.73684152673505,12.0,52560.0
30.609148182130046,-89.2890661926593,207.30046696504974,0.37254008882518685,19.573452743570687,7.4820706172773495,1.1765288060914605,8.606116505590549,246.39845353505848,12.0,52560.0
31.351523970677103,-91.54894383496318,1274.999931628896,0.23971243231774744,12.944543219023494,8.23739561482999,1.0583684943641753,6.841619045387755,295.7853637967967,16.20949366297044,70997.58224381054
42.93564383809904,-86.41168747537989,978.629571030658,1.8624231449881377,11.247529422386341,7.613621629583321,1.1037707815688123,10.64002307457323,243.56942343709076,12.0,52560.0
34.71406839363797,-104.4248928352983,1421.3684429718112,5.101366191106379,11.057568824077743,9.45755830674629,1.0464967812022252,7.721267195851963,442.6342173412483,26.4771198420811,115969.78490831521
43.161128172440456,-79.50412679848117,232.34875997622785,3.2369873600233023,15.6575689884105,7.543686639907837,1.1889274224431976,9.83761434521147,255.1974131548048,12.0,52560.0
43.73813696803868,-112.97926629758895,1045.739689576475,2.1987957704403187,10.604120772129544,7.64460065077352,1.0973022754430835,10.68835263484452,245.10980999987265,12.0,52560.0
44.58149610387081,-98.67179963401969,435.99238180747597,3.3365539039862324,14.009596877993898,9.603381493479315,1.1670118559125713,8.36529082203653,516.7944214850013,27.746543430839694,121529.86022707785
45.999245660188976,-80.74930903676275,2369.2982044993973,1.8193661296936139,1.9844370749469267,8.255120882452493,0.9612522420793438,9.57135557895639,270.3819411262296,15.660755043983952,68594.10709264972
34.34364529231911,-114.27143302243856,1355.537505595715,11.00464521904614,11.563681378729976,7.581695870691697,1.0530874709218658,13.78586739553285,229.4740222454444,12.0,52560.0
31.652803639707333,-118.06739185799772,1656.0997290392643,0.22587884805541183,10.567560533852216,7.491667824401564,1.0185124003625685,7.692963390606605,214.12721260936814,12.0,52560.0
37.972769918258734,-76.28106574484855,794.4955080246066,4.475972035436353,13.841195976374742,7.357690785718173,1.1184349575009416,11.820712374029137,222.74365093910362,12.0,52560.0
32.908138162503064,-105.48179821100342,245.4786171748391,8.876016081458017,18.654686848200047,8.358888060627086,1.174875722633393,13.56327795993699,343.08952773617216,15.456344737169475,67698.7899488023
38.42578000320559,-87.07101325491227,2342.572653424817,6.516210287788493,4.416830078489422,7.6949324721888965,0.9560224554185763,9.46849913121186,217.79732255557317,12.0,52560.0
40.93406070345179,-122.63117536974733,701.2965042119761,0.8135648522155329,13.512002763692605,6.683887751914585,1.1323752350495355,7.316428263651401,169.062703907481,12.0,52560.0
40.52172044381128,-86.73746802588971,1028.6634807131068,1.4034892414817657,11.671502982577975,6.85140428316366,1.0954586910684032,10.012496426755572,176.15898290607382,12.0,52560.0
32.989269288482916,-106.9305291764636,1566.6761336521286,5.049911161650232,10.703162411542355,7.933518463227746,1.0292880298502909,11.568677958821736,256.9830249225703,12.81965337858413,56150.081798198495
28.00464484077007,-120.98999390627814,78.77956849294486,0.3521373128923179,21.125929136811312,5.360167204764184,1.188349909453054,10.309045074764532,91.50595408524902,12.0,52560.0
34.33270412309298,-91.07011087640169,1948.4167306311429,6.682311789654741,8.00968837928525,7.576788936758325,0.991311436871047,14.0285641866088,215.5935131216767,12.0,52560.0
27.422259457965808,-110.99659393204864,1297.0560922681163,5.076278025916103,13.990985609001559,7.560172300231066,1.0516753258143647,10.635072659373511,227.22011184455724,12.0,52560.0
45.3623288444114,-103.11240892919848,682.1569052237967,5.231510101932269,12.298359915333798,9.539077769326365,1.1398142036288639,14.142791427242747,494.6787302240585,25.666666307979003,112419.99842894803
32.30105905770858,-119.64863613652827,166.6270049960768,0.4225149632527597,19.309920252710967,6.407196535102488,1.1833054957573501,8.28288458177395,155.62201106188078,12.0,52560.0
27.70703393335977,-116.05318444087295,406.7462288291706,5.059997745980759,19.247412447017044,5.2929126947491,1.150125994977266,9.880796406297625,85.2706581766976,12.0,52560.0
24.61074623773802,-107.90922928322443,2150.18058407118,4.555464343821587,9.715692624251515,9.57513549573329,0.9609271933346236,9.97291076720026,421.78902280887934,27.06456931477801,118542.81359872768
39.49973727087562,-119.15298696975151,1652.7376529674207,7.1095921400373765,8.233652900932789,8.160506764013425,1.0273856599301936,9.557685157675124,279.16109376667976,14.956799926921374,65510.78367991562
39.285655618913836,-74.81538170693898,614.7660974957978,0.1699433294596028,14.525706729351063,7.360107220346687,1.1401970320169061,10.0303888075749,227.30151677930724,12.0,52560.0
32.174499997951,-123.67345966806516,176.12982056917028,0.09352762847873776,19.29087107719968,7.947398306878035,1.1820448880586805,9.969830963939879,296.67360706702937,13.316776506142812,58327.481096905525
25.721085332343623,-97.87154818132719,1663.6644434801944,1.867280247934403,12.301687739415746,9.308297668543556,1.0113820986456026,7.901759222184657,407.84585789220426,25.00745243273951,109532.64165539904
33.83109347748557,-117.34463726084222,1382.330387803281,0.64437758485809,11.556689629934647,8.67122987048498,1.0496670909869512,8.113165404856568,342.1871398843626,19.32041967974064,84623.438197264
31.469219881521447,-107.38532916819078,982.7564682105993,3.269262536829049,14.662695226279972,7.664469993579196,1.0901279240058654,10.076286575032523,245.41090308890978,12.0,52560.0
40.250895353640225,-73.99278376981366,885.3952490723519,9.97250865559599,12.612359899473821,7.342659177479869,1.1109728389693252,12.831081530787058,219.9042162263511,12.0,52560.0
38.53870198686457,-115.2684941232047,536.0179767112777,1.9869002249469527,15.222281543672967,6.165933041632625,1.1482531877217907,7.086017697442778,134.58729879545587,12.0,52560.0
32.75024947674096,-71.84505473521004,1613.674790559292,7.456040266682107,10.492876413621962,7.395702084938891,1.0241151061535045,12.22119503547697,207.13667571493744,12.0,52560.0
29.22942130211976,-112.88710364257123,2330.189906149412,0.0009636141311702017,7.250034172467599,7.96007585748794,0.9478304560044328,7.6152828531276056,239.02992941749451,13.994674033322358,61296.67226595192
47.7128631877342,-83.9554301427912,438.20228509164554,0.7381663655968734,13.056927333129867,6.859808546153855,1.170586578851403,7.976806330171593,188.9337434677143,12.0,52560.0
34.89603890870676,-94.47942769554517,1441.137555636898,0.1235837666313619,10.884362993566585,9.530418711322202,1.044601813107188,8.341409535099974,452.12312837610693,27.032005762181093,118400.1852383532
40.518581658725694,-76.238148709775,1029.5604326754233,1.5908639242827316,11.667062906329754,7.297789654484278,1.0953565099205387,10.66994194480083,212.8626783675071,12.0,52560.0
27.373271221880657,-94.08436420283093,1083.1191577523025,9.552118604553604,15.28930368692199,8.442927989047012,1.0745880128748113,13.367559899102092,323.3636894965455,16.161648073135655,70788.01856033418
35.654152791825545,-95.13380216555933,624.8705267041983,0.40791883080159796,15.554531002227145,8.543867624429302,1.134754303394654,8.449282896946594,353.863179652337,18.195811427288362,79697.65405152302
24.660881276867173,-113.44526798010641,1983.8210040741774,3.7297798136025984,10.698809592494785,8.162903254359005,0.9776164855312776,11.110112516655484,265.8719181276682,14.58641995023748,63888.519382040155
36.1309228298508,-115.02361444921043,1174.9083378704338,2.4022423827336015,12.111273123822157,6.881885396208053,1.0744936559656177,10.10631694145546,175.10404077796252,12.0,52560.0
47.136417770824856,-74.50958583976222,1313.3059282318686,11.152805462405711,7.9792390993613305,7.9542099435966165,1.0720345087823795,13.954375048106018,269.7552579992998,12.368565997734727,54174.319070078105
33.22096111165921,-106.29673726209816,745.3309724576353,0.5228005549486026,15.561725831756426,9.417212221365999,1.1183844467226873,8.429332880706005,467.0121674819786,25.911096468136503,113490.60253043789
24.935904301797876,-103.90755823200362,452.7041482873404,0.9531701321031462,19.803003819736595,7.9438932814514835,1.1416459571566395,9.228949863464752,286.15520572847936,13.477366851474585,59030.866809458676
24.742938982064246,-82.96952244486702,224.46672392271276,0.11994848650814188,21.23031796184445,7.511682916225309,1.1675166814849174,6.717947486891951,247.4257186397139,12.0,52560.0
33.31168223872487,-105.70353194916841,1719.6035554013,2.2761872295102377,9.688873995974742,10.478102619342685,1.0137110717951852,10.881959150661952,583.0853590719521,36.50991887783434,159913.4446849144
27.840598475116657,-72.58862788149385,487.03759041709634,1.3019949032858915,18.725594914962425,7.143050180998622,1.141155535189614,10.499103628228468,207.95336334518296,12.0,52560.0
24.560450311876462,-84.15190047406477,1662.3793429693385,8.157990018916909,12.657588848621032,7.857749198955029,1.010282593697142,12.027457704816753,245.07971349361097,12.178978465802285,53343.92568021401
42.14912673480424,-91.73882090103533,949.0959415917503,3.714878741200897,11.660686330008225,8.823479251021764,1.106121728228406,10.46133126673834,379.9203302841146,20.014600717315172,87663.95114184046
35.004552213165375,-76.43166133058337,1009.5440263553705,3.80861203850833,13.441370177918163,7.028814844044582,1.091222466573798,11.055901131110236,189.46526973926976,12.0,52560.0
30.941874527343707,-121.32128094912792,1136.6424407007967,3.0363847305534146,13.897582997592107,7.391880250252284,1.07279277699036,9.167093850737546,216.64596910141728,12.0,52560.0
45.601996392395534,-110.11861462178273,895.1462493435528,0.3853843484928315,10.948523586220022,6.767627223292224,1.1161617045446883,8.809167223921412,172.9841884203526,12.0,52560.0
26.787335044812615,-98.88803795207086,259.4755457897644,2.3552833206894785,20.40694621181763,9.586811698881995,1.1659152928591199,9.609076743964286,513.6408957613997,27.27112685916574,119447.53564314594
46.94205189492766,-111.74315886853786,756.923707806773,25.0,11.375842184681064,7.750567037098909,1.1332523376248524,21.23849818683344,263.81352617826246,12.0,52560.0
31.535201217056468,-83.8291198856838,1599.6877784515734,7.212801652078957,10.941312964173619,7.779520895517773,1.0242594436674164,12.878674570421643,241.12294319329132,12.0,52560.0
45.32168813540835,-74.36276632309884,1604.5668754959129,8.956903599228413,6.776092306402017,8.129277508393521,1.0388764553711212,12.053971260011805,279.05496623284176,14.102627823465184,61769.5098667775
38.47062903550707,-101.11641352373013,701.2138512311866,6.931540922617879,14.251528181960758,9.294057373055189,1.1294727168786272,13.285967975565184,453.37941351115603,23.527577642624102,103050.79007469358
43.8409766337957,-105.52483959395767,1115.0442512072973,0.4349835958984397,10.157441502617505,8.566839163455127,1.0898151160379772,7.455536867378398,342.59788055179644,18.629835375907795,81598.67894647615
47.61631591705114,-72.07626046457142,480.4044026684112,1.0322251496969912,12.83267880887419,8.288709183906988,1.1655964242057906,8.425792569424821,331.8783465796749,16.201978222586582,70964.66461492924
30.921730507649897,-99.97796862731279,520.6855540410091,0.012506135494655431,17.59936752345898,9.68472024414389,1.1409625422897722,9.654238377432684,518.206231755502,28.238864657492947,123686.2271998191
47.067251649782236,-97.59138637573871,74.85207040772563,1.4468080906540102,15.430712082618976,8.997042269560085,1.2123676934482464,9.46374283022702,441.4724858221719,21.774402423009473,95371.8826127815
33.34756547765809,-105.01090689353711,2154.256788780432,0.45988129073862305,7.07018962401998,9.282093476328908,0.9695065422348211,6.980560070953719,387.6667572845588,24.99177985841099,109463.99577984013
33.252285713686135,-74.88438245734453,521.4818628782768,2.5606506926107366,16.8954231086245,6.415406104603353,1.1436224150131968,8.318490530607543,150.98198207946186,12.0,52560.0
32.16929050210814,-93.27640390278006,561.5306271087827,4.521990940567184,16.980029086714865,9.470903163181356,1.1378064060524489,9.99403121799184,483.29529510164383,26.03824074822309,114047.49447721713
36.99378257634204,-82.84257229219119,685.4514096954138,8.301966851355397,14.789156768924906,6.737366137374526,1.1295061393125887,13.454753010841237,172.71459892335457,12.0,52560.0
27.69948103628369,-80.16243720905214,323.23121063512104,5.532671655667425,19.75076842530417,6.038379220280939,1.1596697758774497,11.749562771319777,127.66313192196772,12.0,52560.0
37.28907564859227,-105.54015173646806,1541.4456619716434,11.160443499604796,9.564603333592457,8.732651009597946,1.0366418454987587,13.684543334167433,345.17318774960404,18.43955163043167,80765.2361412907
37.0009154978401,-100.58050610869948,198.84022856265602,0.22162080107863955,17.706683979272032,8.037255169199527,1.1852737316612287,6.732321097909952,307.68897417230136,14.764741814942694,64669.569149449
42.285643502516876,-78.18252418206171,339.40177465671366,0.049018469816905955,15.277896301304654,6.385647099928684,1.1753810697732745,8.367311167993146,153.02536973267988,12.0,52560.0
44.007599086502054,-104.38421100950625,1554.521009284421,4.331012221078218,7.470594218342855,8.727153450006563,1.042701085911686,10.380375253698737,346.5354484973929,19.21949895069158,84181.40540402912
34.570592407498175,-81.12750279360003,828.3922767458338,1.3663145055085013,14.658468617275545,7.59184052001596,1.110702741035837,11.408447768242386,243.00156867520934,12.0,52560.0
31.25599798443585,-73.1864145809804,1704.9158275488298,1.1694440926543792,10.393705639376265,6.933277620179494,1.0130244724423998,8.745590843468323,168.81293192639302,12.0,52560.0
30.224037535610268,-90.34663985432762,1346.670892314938,1.6072098214321608,12.85276338542729,8.536050763036426,1.0494782654759556,11.141429286099626,326.37314809690656,17.45983222881963,76474.06516222996
28.670972080916926,-83.952126477598,629.3303918864011,1.2577256444272567,17.622726024406514,8.0734122637814,1.126078938655444,7.350175068931145,296.2853855954872,14.871132580745043,65135.56070366329
25.383541972776598,-80.52474514977871,1568.9705221646009,2.8651425375967228,12.971114275179414,7.927439639106808,1.0208414169853124,7.831229995083985,254.2887329091442,13.7114564185977,60056.179113457925
32.21875149203312,-78.3678589595813,296.731359097056,2.320334458891245,18.55398639780773,6.644043481392807,1.1681176235467334,8.048098516304105,171.29866508248267,12.0,52560.0
30.485944611138798,-102.66711975573301,1296.6567117304724,2.873273752018546,13.074276346275528,9.894649388324078,1.0550950592447919,11.150919988955287,511.0493298680691,30.02244269918755,131498.29902244147
47.19401726079378,-121.2317732044961,1060.4124900071824,4.467678742279799,9.479319881718773,6.172613510660795,1.0997079240986989,12.78792915300012,129.31670018400612,12.0,52560.0
37.385011830001055,-102.29868135321607,657.539127105509,1.9584130711457632,14.839261688366628,9.541825072457856,1.1331107080145602,8.236432497944298,492.19443555441205,27.170254577787773,119005.71505071044
32.33464893673218,-87.61716359165915,1457.5318946200102,1.157708708471079,11.554413951260287,6.9649207553160295,1.0400513476482933,8.141945989371179,175.70063212591702,12.0,52560.0
37.9312224238487,-99.6810791678372,2093.773949769872,0.7270494293824351,6.057989574226156,10.757806322061036,0.9803774696333022,7.0334525653744615,610.2875213905216,40.77280976411588,178584.90676682754
27.340720832296693,-83.55598985353848,2397.3931854361226,1.7198967852863054,7.413424637694256,9.355716368022858,0.9393392174857769,6.857970254629719,384.6126818132007,25.716632786118826,112638.85160320046
34.65704998085287,-104.72294880869215,1466.4753896093503,5.416183517187254,10.80403266808804,9.632464130445713,1.041656991596541,12.111804147644309,465.4863378921648,27.099785780441394,118697.06171833331
39.02962371410553,-89.7238163803824,983.199980903425,5.653920842804614,12.391913000347792,6.300068105767949,1.0987381183194618,11.659976869237365,137.372540211936,12.0,52560.0
35.733547963018836,-113.93333053788537,555.9928985145598,4.397314821143412,15.943978220006993,6.870171584658798,1.1426435942416526,10.650974471894697,185.26080427214342,12.0,52560.0
33.64269121570378,-83.53405042117232,631.888692760366,1.0664395692119522,16.11586047872667,7.173872877822444,1.1315967588546754,6.959795896931116,208.89244305893135,12.0,52560.0
47.852361333592754,-94.5324176840966,1161.1028479964423,3.5477651445797473,8.677674511943522,9.032721316186592,1.0894144162798467,12.096607104942242,401.43843991528274,21.43328201434854,93877.7752228466
45.12755429157425,-112.98052301848357,894.120929048088,3.3823008879748664,11.097008138239197,6.836238519305131,1.1157170598876591,9.425352447125553,178.227903765559,12.0,52560.0
38.96174299582656,-108.23679663111841,2194.8785638473673,2.648658137704079,5.142205718167826,8.568540078514895,0.9712915417514089,10.229546592402219,305.5203257871243,17.95011128901603,78621.4874458902
37.66505666837479,-83.57512973658106,896.5432130205887,3.1938440015331717,13.32122372136403,6.341352202163199,1.106729988210088,8.170832714626233,141.10984233430807,12.0,52560.0
38.895851515790014,-97.93953327427788,908.7981269261364,2.7074471032225373,12.87845578370618,9.131914509615424,1.1068004217074872,9.395838034389477,421.4294016837482,23.001924490789236,100748.42926965686
28.831490587738397,-112.3343022187741,932.8121395928652,3.3338356640562945,15.75367998612129,7.867608047446157,1.0926039571317971,10.349950745920077,266.0485651654061,12.666241371186679,55478.137205797655
33.48330583834365,-71.76735572000393,2011.1561006750262,5.02817182304712,7.8880716444467485,6.7514772387993895,0.9840485710598121,11.409393355492242,151.41990276539644,12.0,52560.0
24.947028789381584,-85.38324892988805,1568.8762036156263,0.46446457758291715,13.102634141491766,7.831874498759285,1.0203842164794725,8.4642569984337,245.09299291419808,12.89239558469146,56468.692660948596
35.413104899683844,-72.31471904285101,1481.7218637589647,5.539193956362507,10.48573734754106,6.396955458114371,1.040877876217126,11.916943364276031,136.23533446682822,12.0,52560.0
37.03259001498392,-100.93632755054146,815.260393273592,0.5842029926936831,13.998660635863274,11.141419170439246,1.1150222983164406,6.993897248376657,771.036785733946,45.54725873782551,199496.99327167572
29.46599366647703,-98.3445816026471,1966.6119408612058,0.2758057682822522,9.360530254889655,9.587603343004492,0.9843473443584752,8.402330587496945,433.75905371320414,27.580659898557276,120803.29035568086
47.13669233197233,-75.51041832600896,111.3059900265687,14.932108928616483,15.19115636024889,6.295990592357211,1.2081310628926194,17.095774577346223,150.7565764460815,12.0,52560.0
45.82691066249381,-95.64733562674922,2092.4972701647093,12.585455039958857,3.696943180263599,9.74958971284057,0.9888955557423179,15.829280245009388,458.2257060763746,27.353318888766434,119807.53673279699
41.33143765094174,-85.80693875709397,1240.3447615095524,0.2493596844032875,10.158500135660166,6.995151300236828,1.073305553371282,8.23643007142499,183.6896632674869,12.0,52560.0
36.8012790903687,-110.38266461524138,967.8355589749225,2.3425806169150474,13.152602919039857,7.771401769263519,1.0978618092150987,7.87769304145295,257.64146960571225,12.62889673102865,55314.567681905486
44.87925983154444,-99.87677069005741,1203.258128108092,0.8243834610534917,9.316673281888116,10.484807790153859,1.0813828722895058,6.913270374101327,623.2049738771508,37.57951898135209,164598.29313832216
27.13565625176311,-117.33370724624082,1608.4489626705179,2.6570332233734804,12.208609348447961,8.075428734354514,1.018612261738152,6.937098110962627,268.21043506946216,14.989015514615991,65651.88795401805
42.972235062597235,-112.87707806264407,50.381715112595714,7.09199996681355,16.806039190545253,6.909367913662843,1.2101278690650423,13.236241391902485,199.57963482404946,12.0,52560.0
26.99569953520436,-123.94905557554792,2094.2934183706298,12.03217295327437,9.335529629214914,7.356537303482718,0.9689399979500183,16.21249278364686,192.88000691001892,12.0,52560.0
43.06105590118573,-121.87968721097235,1083.2400702411148,4.023249975725154,10.582242808197591,7.144339414276786,1.0923991596427547,11.426210334901636,199.17627154576653,12.0,52560.0
30.618421638032565,-71.22667354844582,836.260316886186,1.7472390394895705,15.796911607273117,8.799926100805727,1.1052753298512672,9.416491378647484,376.5976070443097,20.074939557539643,87928.23526202363
45.05017394443654,-110.91290046261483,349.0244462090559,3.698557597311316,14.390801139414705,7.89994427849546,1.1776524101881265,7.659391497125057,290.30814030759086,13.562702207495647,59404.63566883093
46.65701025180955,-88.18122168678389,1065.9275909730923,1.4958733578561625,9.607331378618579,6.868069351498256,1.0984738994566692,7.665471424571378,177.93597491560544,12.0,52560.0
27.571103265722776,-78.68861626482098,1201.2481956568217,9.623951918991521,14.521179846342235,7.353618256184722,1.0620787606788915,13.978869652506647,211.16890643007673,12.0,52560.0
35.104214521569446,-94.26433520122553,980.6791328944771,8.17322427367142,13.584660846162302,8.594854492993857,1.094502105696514,13.066556167553006,347.45790104600684,17.45466383296865,76451.42758840267
47.54369707590445,-115.73019699546637,1635.211023308015,3.267879425235673,5.925624737380575,7.340618256617306,1.0381202497694473,9.693429799358979,205.31259178188495,12.0,52560.0
35.601778463355515,-84.68171238384701,1021.7337384469579,1.5709789173349218,13.189064030311599,6.421002171064182,1.0905697294957901,9.385287993890849,144.35502078571406,12.0,52560.0
44.72514054034909,-91.58642385462252,2308.1738352748444,1.389103731045265,2.733414826246211,8.082828299655446,0.9660048789082889,8.847444287849454,255.05825508944142,14.565114550038825,63795.20172917005
38.12955653115168,-84.51246817524174,1446.2804924201487,0.1359565449618769,9.883450086133605,8.666594055072853,1.0476354115752866,8.22649848563876,340.97735527672046,19.25371301837217,84331.26302047011
33.007917790070444,-82.43368236571729,1941.7974868515432,6.767385437267585,8.446839741869606,7.871866509190211,0.9905852577580201,11.29355286296213,241.5989413360284,12.459714888516723,54573.55121170325
30.858805332620886,-71.32784014502377,280.26704940055964,2.394135978317627,19.060756103810377,5.029946752409457,1.1683851975706965,10.614894770336484,74.34404949993946,12.0,52560.0
28.877354186066093,-93.02758287855767,965.5532772112556,1.572958153865641,15.543474080912636,9.302813707067088,1.0890708709886718,8.426848961902923,438.3985599648941,24.824601721413273,108731.75553979013
42.28315659306473,-105.5513799147075,821.6975294442234,2.5479019178712683,12.384867845415243,9.58744139858783,1.1204526653356475,7.931962251098009,493.709729201997,27.696646754048924,121311.3127827343
33.27697216375267,-88.98291392738719,1375.3680837650884,6.83124691152752,11.76469984828367,7.448367716820136,1.0497947466786217,11.173549331534039,216.89908842151132,12.0,52560.0
36.27061109281803,-120.30420170089819,2069.450177746193,0.5323623372706519,6.702115605677436,7.977421749699101,0.9810851732921493,7.901257972728016,249.0372864226591,14.045754020586937,61520.402610170786
35.81581152002836,-75.54054481063434,206.44495827357588,7.798034132694733,18.016586794350037,6.065754516991145,1.182940239933088,13.871623825659455,132.0040635747983,12.0,52560.0
37.854696701595145,-117.55342538773738,192.72801934641168,9.111914721191367,17.487222873442985,6.330557820534147,1.1870324404049144,13.416427234593067,150.5769623436932,12.0,52560.0
44.77385149498925,-106.29648675416581,2043.7561454150853,11.727869834140899,4.305307679012712,9.963125077787605,0.9927265177897983,14.813344037725761,490.8924750839592,29.8280062976947,130646.66758390277
47.537744246002305,-79.94974944618947,526.5832047712906,2.0265907369076763,12.579177497571564,6.8071421102230385,1.160187744107227,7.717558332429452,182.97541028535792,12.0,52560.0
33.78202100577161,-91.74513157014155,1611.6327455905566,0.9792076582871092,10.19559722472518,6.975495405683535,1.0254471892775765,9.530103702767757,174.02373054851415,12.0,52560.0
